// <auto-generated />
// Go Unicode 17.0.0, NFD 17.0.0; table SHA256 4bb61edb61becea065eb4d6dce961c5ca9ee77d6602dbc39d489064b705e0705
namespace TypeScript.Compiler.Semantics;
internal static partial class GoUnicode
{
    private static ReadOnlySpan<int> DecompositionIndex =>
    [
        0xc0, 0x0, 0xc1, 0x3, 0xc2, 0x6, 0xc3, 0x9, 0xc4, 0xc, 0xc5, 0xf,
        0xc7, 0x12, 0xc8, 0x15, 0xc9, 0x18, 0xca, 0x1b, 0xcb, 0x1e, 0xcc, 0x21,
        0xcd, 0x24, 0xce, 0x27, 0xcf, 0x2a, 0xd1, 0x2d, 0xd2, 0x30, 0xd3, 0x33,
        0xd4, 0x36, 0xd5, 0x39, 0xd6, 0x3c, 0xd9, 0x3f, 0xda, 0x42, 0xdb, 0x45,
        0xdc, 0x48, 0xdd, 0x4b, 0xe0, 0x4e, 0xe1, 0x51, 0xe2, 0x54, 0xe3, 0x57,
        0xe4, 0x5a, 0xe5, 0x5d, 0xe7, 0x60, 0xe8, 0x63, 0xe9, 0x66, 0xea, 0x69,
        0xeb, 0x6c, 0xec, 0x6f, 0xed, 0x72, 0xee, 0x75, 0xef, 0x78, 0xf1, 0x7b,
        0xf2, 0x7e, 0xf3, 0x81, 0xf4, 0x84, 0xf5, 0x87, 0xf6, 0x8a, 0xf9, 0x8d,
        0xfa, 0x90, 0xfb, 0x93, 0xfc, 0x96, 0xfd, 0x99, 0xff, 0x9c, 0x100, 0x9f,
        0x101, 0xa2, 0x102, 0xa5, 0x103, 0xa8, 0x104, 0xab, 0x105, 0xae, 0x106, 0xb1,
        0x107, 0xb4, 0x108, 0xb7, 0x109, 0xba, 0x10a, 0xbd, 0x10b, 0xc0, 0x10c, 0xc3,
        0x10d, 0xc6, 0x10e, 0xc9, 0x10f, 0xcc, 0x112, 0xcf, 0x113, 0xd2, 0x114, 0xd5,
        0x115, 0xd8, 0x116, 0xdb, 0x117, 0xde, 0x118, 0xe1, 0x119, 0xe4, 0x11a, 0xe7,
        0x11b, 0xea, 0x11c, 0xed, 0x11d, 0xf0, 0x11e, 0xf3, 0x11f, 0xf6, 0x120, 0xf9,
        0x121, 0xfc, 0x122, 0xff, 0x123, 0x102, 0x124, 0x105, 0x125, 0x108, 0x128, 0x10b,
        0x129, 0x10e, 0x12a, 0x111, 0x12b, 0x114, 0x12c, 0x117, 0x12d, 0x11a, 0x12e, 0x11d,
        0x12f, 0x120, 0x130, 0x123, 0x134, 0x126, 0x135, 0x129, 0x136, 0x12c, 0x137, 0x12f,
        0x139, 0x132, 0x13a, 0x135, 0x13b, 0x138, 0x13c, 0x13b, 0x13d, 0x13e, 0x13e, 0x141,
        0x143, 0x144, 0x144, 0x147, 0x145, 0x14a, 0x146, 0x14d, 0x147, 0x150, 0x148, 0x153,
        0x14c, 0x156, 0x14d, 0x159, 0x14e, 0x15c, 0x14f, 0x15f, 0x150, 0x162, 0x151, 0x165,
        0x154, 0x168, 0x155, 0x16b, 0x156, 0x16e, 0x157, 0x171, 0x158, 0x174, 0x159, 0x177,
        0x15a, 0x17a, 0x15b, 0x17d, 0x15c, 0x180, 0x15d, 0x183, 0x15e, 0x186, 0x15f, 0x189,
        0x160, 0x18c, 0x161, 0x18f, 0x162, 0x192, 0x163, 0x195, 0x164, 0x198, 0x165, 0x19b,
        0x168, 0x19e, 0x169, 0x1a1, 0x16a, 0x1a4, 0x16b, 0x1a7, 0x16c, 0x1aa, 0x16d, 0x1ad,
        0x16e, 0x1b0, 0x16f, 0x1b3, 0x170, 0x1b6, 0x171, 0x1b9, 0x172, 0x1bc, 0x173, 0x1bf,
        0x174, 0x1c2, 0x175, 0x1c5, 0x176, 0x1c8, 0x177, 0x1cb, 0x178, 0x1ce, 0x179, 0x1d1,
        0x17a, 0x1d4, 0x17b, 0x1d7, 0x17c, 0x1da, 0x17d, 0x1dd, 0x17e, 0x1e0, 0x1a0, 0x1e3,
        0x1a1, 0x1e6, 0x1af, 0x1e9, 0x1b0, 0x1ec, 0x1cd, 0x1ef, 0x1ce, 0x1f2, 0x1cf, 0x1f5,
        0x1d0, 0x1f8, 0x1d1, 0x1fb, 0x1d2, 0x1fe, 0x1d3, 0x201, 0x1d4, 0x204, 0x1d5, 0x207,
        0x1d6, 0x20b, 0x1d7, 0x20f, 0x1d8, 0x213, 0x1d9, 0x217, 0x1da, 0x21b, 0x1db, 0x21f,
        0x1dc, 0x223, 0x1de, 0x227, 0x1df, 0x22b, 0x1e0, 0x22f, 0x1e1, 0x233, 0x1e2, 0x237,
        0x1e3, 0x23a, 0x1e6, 0x23d, 0x1e7, 0x240, 0x1e8, 0x243, 0x1e9, 0x246, 0x1ea, 0x249,
        0x1eb, 0x24c, 0x1ec, 0x24f, 0x1ed, 0x253, 0x1ee, 0x257, 0x1ef, 0x25a, 0x1f0, 0x25d,
        0x1f4, 0x260, 0x1f5, 0x263, 0x1f8, 0x266, 0x1f9, 0x269, 0x1fa, 0x26c, 0x1fb, 0x270,
        0x1fc, 0x274, 0x1fd, 0x277, 0x1fe, 0x27a, 0x1ff, 0x27d, 0x200, 0x280, 0x201, 0x283,
        0x202, 0x286, 0x203, 0x289, 0x204, 0x28c, 0x205, 0x28f, 0x206, 0x292, 0x207, 0x295,
        0x208, 0x298, 0x209, 0x29b, 0x20a, 0x29e, 0x20b, 0x2a1, 0x20c, 0x2a4, 0x20d, 0x2a7,
        0x20e, 0x2aa, 0x20f, 0x2ad, 0x210, 0x2b0, 0x211, 0x2b3, 0x212, 0x2b6, 0x213, 0x2b9,
        0x214, 0x2bc, 0x215, 0x2bf, 0x216, 0x2c2, 0x217, 0x2c5, 0x218, 0x2c8, 0x219, 0x2cb,
        0x21a, 0x2ce, 0x21b, 0x2d1, 0x21e, 0x2d4, 0x21f, 0x2d7, 0x226, 0x2da, 0x227, 0x2dd,
        0x228, 0x2e0, 0x229, 0x2e3, 0x22a, 0x2e6, 0x22b, 0x2ea, 0x22c, 0x2ee, 0x22d, 0x2f2,
        0x22e, 0x2f6, 0x22f, 0x2f9, 0x230, 0x2fc, 0x231, 0x300, 0x232, 0x304, 0x233, 0x307,
        0x340, 0x30a, 0x341, 0x30c, 0x343, 0x30e, 0x344, 0x310, 0x374, 0x313, 0x37e, 0x315,
        0x385, 0x317, 0x386, 0x31a, 0x387, 0x31d, 0x388, 0x31f, 0x389, 0x322, 0x38a, 0x325,
        0x38c, 0x328, 0x38e, 0x32b, 0x38f, 0x32e, 0x390, 0x331, 0x3aa, 0x335, 0x3ab, 0x338,
        0x3ac, 0x33b, 0x3ad, 0x33e, 0x3ae, 0x341, 0x3af, 0x344, 0x3b0, 0x347, 0x3ca, 0x34b,
        0x3cb, 0x34e, 0x3cc, 0x351, 0x3cd, 0x354, 0x3ce, 0x357, 0x3d3, 0x35a, 0x3d4, 0x35d,
        0x400, 0x360, 0x401, 0x363, 0x403, 0x366, 0x407, 0x369, 0x40c, 0x36c, 0x40d, 0x36f,
        0x40e, 0x372, 0x419, 0x375, 0x439, 0x378, 0x450, 0x37b, 0x451, 0x37e, 0x453, 0x381,
        0x457, 0x384, 0x45c, 0x387, 0x45d, 0x38a, 0x45e, 0x38d, 0x476, 0x390, 0x477, 0x393,
        0x4c1, 0x396, 0x4c2, 0x399, 0x4d0, 0x39c, 0x4d1, 0x39f, 0x4d2, 0x3a2, 0x4d3, 0x3a5,
        0x4d6, 0x3a8, 0x4d7, 0x3ab, 0x4da, 0x3ae, 0x4db, 0x3b1, 0x4dc, 0x3b4, 0x4dd, 0x3b7,
        0x4de, 0x3ba, 0x4df, 0x3bd, 0x4e2, 0x3c0, 0x4e3, 0x3c3, 0x4e4, 0x3c6, 0x4e5, 0x3c9,
        0x4e6, 0x3cc, 0x4e7, 0x3cf, 0x4ea, 0x3d2, 0x4eb, 0x3d5, 0x4ec, 0x3d8, 0x4ed, 0x3db,
        0x4ee, 0x3de, 0x4ef, 0x3e1, 0x4f0, 0x3e4, 0x4f1, 0x3e7, 0x4f2, 0x3ea, 0x4f3, 0x3ed,
        0x4f4, 0x3f0, 0x4f5, 0x3f3, 0x4f8, 0x3f6, 0x4f9, 0x3f9, 0x622, 0x3fc, 0x623, 0x3ff,
        0x624, 0x402, 0x625, 0x405, 0x626, 0x408, 0x6c0, 0x40b, 0x6c2, 0x40e, 0x6d3, 0x411,
        0x929, 0x414, 0x931, 0x417, 0x934, 0x41a, 0x958, 0x41d, 0x959, 0x420, 0x95a, 0x423,
        0x95b, 0x426, 0x95c, 0x429, 0x95d, 0x42c, 0x95e, 0x42f, 0x95f, 0x432, 0x9cb, 0x435,
        0x9cc, 0x438, 0x9dc, 0x43b, 0x9dd, 0x43e, 0x9df, 0x441, 0xa33, 0x444, 0xa36, 0x447,
        0xa59, 0x44a, 0xa5a, 0x44d, 0xa5b, 0x450, 0xa5e, 0x453, 0xb48, 0x456, 0xb4b, 0x459,
        0xb4c, 0x45c, 0xb5c, 0x45f, 0xb5d, 0x462, 0xb94, 0x465, 0xbca, 0x468, 0xbcb, 0x46b,
        0xbcc, 0x46e, 0xc48, 0x471, 0xcc0, 0x474, 0xcc7, 0x477, 0xcc8, 0x47a, 0xcca, 0x47d,
        0xccb, 0x480, 0xd4a, 0x484, 0xd4b, 0x487, 0xd4c, 0x48a, 0xdda, 0x48d, 0xddc, 0x490,
        0xddd, 0x493, 0xdde, 0x497, 0xf43, 0x49a, 0xf4d, 0x49d, 0xf52, 0x4a0, 0xf57, 0x4a3,
        0xf5c, 0x4a6, 0xf69, 0x4a9, 0xf73, 0x4ac, 0xf75, 0x4af, 0xf76, 0x4b2, 0xf78, 0x4b5,
        0xf81, 0x4b8, 0xf93, 0x4bb, 0xf9d, 0x4be, 0xfa2, 0x4c1, 0xfa7, 0x4c4, 0xfac, 0x4c7,
        0xfb9, 0x4ca, 0x1026, 0x4cd, 0x1b06, 0x4d0, 0x1b08, 0x4d3, 0x1b0a, 0x4d6, 0x1b0c, 0x4d9,
        0x1b0e, 0x4dc, 0x1b12, 0x4df, 0x1b3b, 0x4e2, 0x1b3d, 0x4e5, 0x1b40, 0x4e8, 0x1b41, 0x4eb,
        0x1b43, 0x4ee, 0x1e00, 0x4f1, 0x1e01, 0x4f4, 0x1e02, 0x4f7, 0x1e03, 0x4fa, 0x1e04, 0x4fd,
        0x1e05, 0x500, 0x1e06, 0x503, 0x1e07, 0x506, 0x1e08, 0x509, 0x1e09, 0x50d, 0x1e0a, 0x511,
        0x1e0b, 0x514, 0x1e0c, 0x517, 0x1e0d, 0x51a, 0x1e0e, 0x51d, 0x1e0f, 0x520, 0x1e10, 0x523,
        0x1e11, 0x526, 0x1e12, 0x529, 0x1e13, 0x52c, 0x1e14, 0x52f, 0x1e15, 0x533, 0x1e16, 0x537,
        0x1e17, 0x53b, 0x1e18, 0x53f, 0x1e19, 0x542, 0x1e1a, 0x545, 0x1e1b, 0x548, 0x1e1c, 0x54b,
        0x1e1d, 0x54f, 0x1e1e, 0x553, 0x1e1f, 0x556, 0x1e20, 0x559, 0x1e21, 0x55c, 0x1e22, 0x55f,
        0x1e23, 0x562, 0x1e24, 0x565, 0x1e25, 0x568, 0x1e26, 0x56b, 0x1e27, 0x56e, 0x1e28, 0x571,
        0x1e29, 0x574, 0x1e2a, 0x577, 0x1e2b, 0x57a, 0x1e2c, 0x57d, 0x1e2d, 0x580, 0x1e2e, 0x583,
        0x1e2f, 0x587, 0x1e30, 0x58b, 0x1e31, 0x58e, 0x1e32, 0x591, 0x1e33, 0x594, 0x1e34, 0x597,
        0x1e35, 0x59a, 0x1e36, 0x59d, 0x1e37, 0x5a0, 0x1e38, 0x5a3, 0x1e39, 0x5a7, 0x1e3a, 0x5ab,
        0x1e3b, 0x5ae, 0x1e3c, 0x5b1, 0x1e3d, 0x5b4, 0x1e3e, 0x5b7, 0x1e3f, 0x5ba, 0x1e40, 0x5bd,
        0x1e41, 0x5c0, 0x1e42, 0x5c3, 0x1e43, 0x5c6, 0x1e44, 0x5c9, 0x1e45, 0x5cc, 0x1e46, 0x5cf,
        0x1e47, 0x5d2, 0x1e48, 0x5d5, 0x1e49, 0x5d8, 0x1e4a, 0x5db, 0x1e4b, 0x5de, 0x1e4c, 0x5e1,
        0x1e4d, 0x5e5, 0x1e4e, 0x5e9, 0x1e4f, 0x5ed, 0x1e50, 0x5f1, 0x1e51, 0x5f5, 0x1e52, 0x5f9,
        0x1e53, 0x5fd, 0x1e54, 0x601, 0x1e55, 0x604, 0x1e56, 0x607, 0x1e57, 0x60a, 0x1e58, 0x60d,
        0x1e59, 0x610, 0x1e5a, 0x613, 0x1e5b, 0x616, 0x1e5c, 0x619, 0x1e5d, 0x61d, 0x1e5e, 0x621,
        0x1e5f, 0x624, 0x1e60, 0x627, 0x1e61, 0x62a, 0x1e62, 0x62d, 0x1e63, 0x630, 0x1e64, 0x633,
        0x1e65, 0x637, 0x1e66, 0x63b, 0x1e67, 0x63f, 0x1e68, 0x643, 0x1e69, 0x647, 0x1e6a, 0x64b,
        0x1e6b, 0x64e, 0x1e6c, 0x651, 0x1e6d, 0x654, 0x1e6e, 0x657, 0x1e6f, 0x65a, 0x1e70, 0x65d,
        0x1e71, 0x660, 0x1e72, 0x663, 0x1e73, 0x666, 0x1e74, 0x669, 0x1e75, 0x66c, 0x1e76, 0x66f,
        0x1e77, 0x672, 0x1e78, 0x675, 0x1e79, 0x679, 0x1e7a, 0x67d, 0x1e7b, 0x681, 0x1e7c, 0x685,
        0x1e7d, 0x688, 0x1e7e, 0x68b, 0x1e7f, 0x68e, 0x1e80, 0x691, 0x1e81, 0x694, 0x1e82, 0x697,
        0x1e83, 0x69a, 0x1e84, 0x69d, 0x1e85, 0x6a0, 0x1e86, 0x6a3, 0x1e87, 0x6a6, 0x1e88, 0x6a9,
        0x1e89, 0x6ac, 0x1e8a, 0x6af, 0x1e8b, 0x6b2, 0x1e8c, 0x6b5, 0x1e8d, 0x6b8, 0x1e8e, 0x6bb,
        0x1e8f, 0x6be, 0x1e90, 0x6c1, 0x1e91, 0x6c4, 0x1e92, 0x6c7, 0x1e93, 0x6ca, 0x1e94, 0x6cd,
        0x1e95, 0x6d0, 0x1e96, 0x6d3, 0x1e97, 0x6d6, 0x1e98, 0x6d9, 0x1e99, 0x6dc, 0x1e9b, 0x6df,
        0x1ea0, 0x6e2, 0x1ea1, 0x6e5, 0x1ea2, 0x6e8, 0x1ea3, 0x6eb, 0x1ea4, 0x6ee, 0x1ea5, 0x6f2,
        0x1ea6, 0x6f6, 0x1ea7, 0x6fa, 0x1ea8, 0x6fe, 0x1ea9, 0x702, 0x1eaa, 0x706, 0x1eab, 0x70a,
        0x1eac, 0x70e, 0x1ead, 0x712, 0x1eae, 0x716, 0x1eaf, 0x71a, 0x1eb0, 0x71e, 0x1eb1, 0x722,
        0x1eb2, 0x726, 0x1eb3, 0x72a, 0x1eb4, 0x72e, 0x1eb5, 0x732, 0x1eb6, 0x736, 0x1eb7, 0x73a,
        0x1eb8, 0x73e, 0x1eb9, 0x741, 0x1eba, 0x744, 0x1ebb, 0x747, 0x1ebc, 0x74a, 0x1ebd, 0x74d,
        0x1ebe, 0x750, 0x1ebf, 0x754, 0x1ec0, 0x758, 0x1ec1, 0x75c, 0x1ec2, 0x760, 0x1ec3, 0x764,
        0x1ec4, 0x768, 0x1ec5, 0x76c, 0x1ec6, 0x770, 0x1ec7, 0x774, 0x1ec8, 0x778, 0x1ec9, 0x77b,
        0x1eca, 0x77e, 0x1ecb, 0x781, 0x1ecc, 0x784, 0x1ecd, 0x787, 0x1ece, 0x78a, 0x1ecf, 0x78d,
        0x1ed0, 0x790, 0x1ed1, 0x794, 0x1ed2, 0x798, 0x1ed3, 0x79c, 0x1ed4, 0x7a0, 0x1ed5, 0x7a4,
        0x1ed6, 0x7a8, 0x1ed7, 0x7ac, 0x1ed8, 0x7b0, 0x1ed9, 0x7b4, 0x1eda, 0x7b8, 0x1edb, 0x7bc,
        0x1edc, 0x7c0, 0x1edd, 0x7c4, 0x1ede, 0x7c8, 0x1edf, 0x7cc, 0x1ee0, 0x7d0, 0x1ee1, 0x7d4,
        0x1ee2, 0x7d8, 0x1ee3, 0x7dc, 0x1ee4, 0x7e0, 0x1ee5, 0x7e3, 0x1ee6, 0x7e6, 0x1ee7, 0x7e9,
        0x1ee8, 0x7ec, 0x1ee9, 0x7f0, 0x1eea, 0x7f4, 0x1eeb, 0x7f8, 0x1eec, 0x7fc, 0x1eed, 0x800,
        0x1eee, 0x804, 0x1eef, 0x808, 0x1ef0, 0x80c, 0x1ef1, 0x810, 0x1ef2, 0x814, 0x1ef3, 0x817,
        0x1ef4, 0x81a, 0x1ef5, 0x81d, 0x1ef6, 0x820, 0x1ef7, 0x823, 0x1ef8, 0x826, 0x1ef9, 0x829,
        0x1f00, 0x82c, 0x1f01, 0x82f, 0x1f02, 0x832, 0x1f03, 0x836, 0x1f04, 0x83a, 0x1f05, 0x83e,
        0x1f06, 0x842, 0x1f07, 0x846, 0x1f08, 0x84a, 0x1f09, 0x84d, 0x1f0a, 0x850, 0x1f0b, 0x854,
        0x1f0c, 0x858, 0x1f0d, 0x85c, 0x1f0e, 0x860, 0x1f0f, 0x864, 0x1f10, 0x868, 0x1f11, 0x86b,
        0x1f12, 0x86e, 0x1f13, 0x872, 0x1f14, 0x876, 0x1f15, 0x87a, 0x1f18, 0x87e, 0x1f19, 0x881,
        0x1f1a, 0x884, 0x1f1b, 0x888, 0x1f1c, 0x88c, 0x1f1d, 0x890, 0x1f20, 0x894, 0x1f21, 0x897,
        0x1f22, 0x89a, 0x1f23, 0x89e, 0x1f24, 0x8a2, 0x1f25, 0x8a6, 0x1f26, 0x8aa, 0x1f27, 0x8ae,
        0x1f28, 0x8b2, 0x1f29, 0x8b5, 0x1f2a, 0x8b8, 0x1f2b, 0x8bc, 0x1f2c, 0x8c0, 0x1f2d, 0x8c4,
        0x1f2e, 0x8c8, 0x1f2f, 0x8cc, 0x1f30, 0x8d0, 0x1f31, 0x8d3, 0x1f32, 0x8d6, 0x1f33, 0x8da,
        0x1f34, 0x8de, 0x1f35, 0x8e2, 0x1f36, 0x8e6, 0x1f37, 0x8ea, 0x1f38, 0x8ee, 0x1f39, 0x8f1,
        0x1f3a, 0x8f4, 0x1f3b, 0x8f8, 0x1f3c, 0x8fc, 0x1f3d, 0x900, 0x1f3e, 0x904, 0x1f3f, 0x908,
        0x1f40, 0x90c, 0x1f41, 0x90f, 0x1f42, 0x912, 0x1f43, 0x916, 0x1f44, 0x91a, 0x1f45, 0x91e,
        0x1f48, 0x922, 0x1f49, 0x925, 0x1f4a, 0x928, 0x1f4b, 0x92c, 0x1f4c, 0x930, 0x1f4d, 0x934,
        0x1f50, 0x938, 0x1f51, 0x93b, 0x1f52, 0x93e, 0x1f53, 0x942, 0x1f54, 0x946, 0x1f55, 0x94a,
        0x1f56, 0x94e, 0x1f57, 0x952, 0x1f59, 0x956, 0x1f5b, 0x959, 0x1f5d, 0x95d, 0x1f5f, 0x961,
        0x1f60, 0x965, 0x1f61, 0x968, 0x1f62, 0x96b, 0x1f63, 0x96f, 0x1f64, 0x973, 0x1f65, 0x977,
        0x1f66, 0x97b, 0x1f67, 0x97f, 0x1f68, 0x983, 0x1f69, 0x986, 0x1f6a, 0x989, 0x1f6b, 0x98d,
        0x1f6c, 0x991, 0x1f6d, 0x995, 0x1f6e, 0x999, 0x1f6f, 0x99d, 0x1f70, 0x9a1, 0x1f71, 0x9a4,
        0x1f72, 0x9a7, 0x1f73, 0x9aa, 0x1f74, 0x9ad, 0x1f75, 0x9b0, 0x1f76, 0x9b3, 0x1f77, 0x9b6,
        0x1f78, 0x9b9, 0x1f79, 0x9bc, 0x1f7a, 0x9bf, 0x1f7b, 0x9c2, 0x1f7c, 0x9c5, 0x1f7d, 0x9c8,
        0x1f80, 0x9cb, 0x1f81, 0x9cf, 0x1f82, 0x9d3, 0x1f83, 0x9d8, 0x1f84, 0x9dd, 0x1f85, 0x9e2,
        0x1f86, 0x9e7, 0x1f87, 0x9ec, 0x1f88, 0x9f1, 0x1f89, 0x9f5, 0x1f8a, 0x9f9, 0x1f8b, 0x9fe,
        0x1f8c, 0xa03, 0x1f8d, 0xa08, 0x1f8e, 0xa0d, 0x1f8f, 0xa12, 0x1f90, 0xa17, 0x1f91, 0xa1b,
        0x1f92, 0xa1f, 0x1f93, 0xa24, 0x1f94, 0xa29, 0x1f95, 0xa2e, 0x1f96, 0xa33, 0x1f97, 0xa38,
        0x1f98, 0xa3d, 0x1f99, 0xa41, 0x1f9a, 0xa45, 0x1f9b, 0xa4a, 0x1f9c, 0xa4f, 0x1f9d, 0xa54,
        0x1f9e, 0xa59, 0x1f9f, 0xa5e, 0x1fa0, 0xa63, 0x1fa1, 0xa67, 0x1fa2, 0xa6b, 0x1fa3, 0xa70,
        0x1fa4, 0xa75, 0x1fa5, 0xa7a, 0x1fa6, 0xa7f, 0x1fa7, 0xa84, 0x1fa8, 0xa89, 0x1fa9, 0xa8d,
        0x1faa, 0xa91, 0x1fab, 0xa96, 0x1fac, 0xa9b, 0x1fad, 0xaa0, 0x1fae, 0xaa5, 0x1faf, 0xaaa,
        0x1fb0, 0xaaf, 0x1fb1, 0xab2, 0x1fb2, 0xab5, 0x1fb3, 0xab9, 0x1fb4, 0xabc, 0x1fb6, 0xac0,
        0x1fb7, 0xac3, 0x1fb8, 0xac7, 0x1fb9, 0xaca, 0x1fba, 0xacd, 0x1fbb, 0xad0, 0x1fbc, 0xad3,
        0x1fbe, 0xad6, 0x1fc1, 0xad8, 0x1fc2, 0xadb, 0x1fc3, 0xadf, 0x1fc4, 0xae2, 0x1fc6, 0xae6,
        0x1fc7, 0xae9, 0x1fc8, 0xaed, 0x1fc9, 0xaf0, 0x1fca, 0xaf3, 0x1fcb, 0xaf6, 0x1fcc, 0xaf9,
        0x1fcd, 0xafc, 0x1fce, 0xaff, 0x1fcf, 0xb02, 0x1fd0, 0xb05, 0x1fd1, 0xb08, 0x1fd2, 0xb0b,
        0x1fd3, 0xb0f, 0x1fd6, 0xb13, 0x1fd7, 0xb16, 0x1fd8, 0xb1a, 0x1fd9, 0xb1d, 0x1fda, 0xb20,
        0x1fdb, 0xb23, 0x1fdd, 0xb26, 0x1fde, 0xb29, 0x1fdf, 0xb2c, 0x1fe0, 0xb2f, 0x1fe1, 0xb32,
        0x1fe2, 0xb35, 0x1fe3, 0xb39, 0x1fe4, 0xb3d, 0x1fe5, 0xb40, 0x1fe6, 0xb43, 0x1fe7, 0xb46,
        0x1fe8, 0xb4a, 0x1fe9, 0xb4d, 0x1fea, 0xb50, 0x1feb, 0xb53, 0x1fec, 0xb56, 0x1fed, 0xb59,
        0x1fee, 0xb5c, 0x1fef, 0xb5f, 0x1ff2, 0xb61, 0x1ff3, 0xb65, 0x1ff4, 0xb68, 0x1ff6, 0xb6c,
        0x1ff7, 0xb6f, 0x1ff8, 0xb73, 0x1ff9, 0xb76, 0x1ffa, 0xb79, 0x1ffb, 0xb7c, 0x1ffc, 0xb7f,
        0x1ffd, 0xb82, 0x2000, 0xb84, 0x2001, 0xb86, 0x2126, 0xb88, 0x212a, 0xb8a, 0x212b, 0xb8c,
        0x219a, 0xb8f, 0x219b, 0xb92, 0x21ae, 0xb95, 0x21cd, 0xb98, 0x21ce, 0xb9b, 0x21cf, 0xb9e,
        0x2204, 0xba1, 0x2209, 0xba4, 0x220c, 0xba7, 0x2224, 0xbaa, 0x2226, 0xbad, 0x2241, 0xbb0,
        0x2244, 0xbb3, 0x2247, 0xbb6, 0x2249, 0xbb9, 0x2260, 0xbbc, 0x2262, 0xbbf, 0x226d, 0xbc2,
        0x226e, 0xbc5, 0x226f, 0xbc8, 0x2270, 0xbcb, 0x2271, 0xbce, 0x2274, 0xbd1, 0x2275, 0xbd4,
        0x2278, 0xbd7, 0x2279, 0xbda, 0x2280, 0xbdd, 0x2281, 0xbe0, 0x2284, 0xbe3, 0x2285, 0xbe6,
        0x2288, 0xbe9, 0x2289, 0xbec, 0x22ac, 0xbef, 0x22ad, 0xbf2, 0x22ae, 0xbf5, 0x22af, 0xbf8,
        0x22e0, 0xbfb, 0x22e1, 0xbfe, 0x22e2, 0xc01, 0x22e3, 0xc04, 0x22ea, 0xc07, 0x22eb, 0xc0a,
        0x22ec, 0xc0d, 0x22ed, 0xc10, 0x2329, 0xc13, 0x232a, 0xc15, 0x2adc, 0xc17, 0x304c, 0xc1a,
        0x304e, 0xc1d, 0x3050, 0xc20, 0x3052, 0xc23, 0x3054, 0xc26, 0x3056, 0xc29, 0x3058, 0xc2c,
        0x305a, 0xc2f, 0x305c, 0xc32, 0x305e, 0xc35, 0x3060, 0xc38, 0x3062, 0xc3b, 0x3065, 0xc3e,
        0x3067, 0xc41, 0x3069, 0xc44, 0x3070, 0xc47, 0x3071, 0xc4a, 0x3073, 0xc4d, 0x3074, 0xc50,
        0x3076, 0xc53, 0x3077, 0xc56, 0x3079, 0xc59, 0x307a, 0xc5c, 0x307c, 0xc5f, 0x307d, 0xc62,
        0x3094, 0xc65, 0x309e, 0xc68, 0x30ac, 0xc6b, 0x30ae, 0xc6e, 0x30b0, 0xc71, 0x30b2, 0xc74,
        0x30b4, 0xc77, 0x30b6, 0xc7a, 0x30b8, 0xc7d, 0x30ba, 0xc80, 0x30bc, 0xc83, 0x30be, 0xc86,
        0x30c0, 0xc89, 0x30c2, 0xc8c, 0x30c5, 0xc8f, 0x30c7, 0xc92, 0x30c9, 0xc95, 0x30d0, 0xc98,
        0x30d1, 0xc9b, 0x30d3, 0xc9e, 0x30d4, 0xca1, 0x30d6, 0xca4, 0x30d7, 0xca7, 0x30d9, 0xcaa,
        0x30da, 0xcad, 0x30dc, 0xcb0, 0x30dd, 0xcb3, 0x30f4, 0xcb6, 0x30f7, 0xcb9, 0x30f8, 0xcbc,
        0x30f9, 0xcbf, 0x30fa, 0xcc2, 0x30fe, 0xcc5, 0xf900, 0xcc8, 0xf901, 0xcca, 0xf902, 0xccc,
        0xf903, 0xcce, 0xf904, 0xcd0, 0xf905, 0xcd2, 0xf906, 0xcd4, 0xf907, 0xcd6, 0xf908, 0xcd8,
        0xf909, 0xcda, 0xf90a, 0xcdc, 0xf90b, 0xcde, 0xf90c, 0xce0, 0xf90d, 0xce2, 0xf90e, 0xce4,
        0xf90f, 0xce6, 0xf910, 0xce8, 0xf911, 0xcea, 0xf912, 0xcec, 0xf913, 0xcee, 0xf914, 0xcf0,
        0xf915, 0xcf2, 0xf916, 0xcf4, 0xf917, 0xcf6, 0xf918, 0xcf8, 0xf919, 0xcfa, 0xf91a, 0xcfc,
        0xf91b, 0xcfe, 0xf91c, 0xd00, 0xf91d, 0xd02, 0xf91e, 0xd04, 0xf91f, 0xd06, 0xf920, 0xd08,
        0xf921, 0xd0a, 0xf922, 0xd0c, 0xf923, 0xd0e, 0xf924, 0xd10, 0xf925, 0xd12, 0xf926, 0xd14,
        0xf927, 0xd16, 0xf928, 0xd18, 0xf929, 0xd1a, 0xf92a, 0xd1c, 0xf92b, 0xd1e, 0xf92c, 0xd20,
        0xf92d, 0xd22, 0xf92e, 0xd24, 0xf92f, 0xd26, 0xf930, 0xd28, 0xf931, 0xd2a, 0xf932, 0xd2c,
        0xf933, 0xd2e, 0xf934, 0xd30, 0xf935, 0xd32, 0xf936, 0xd34, 0xf937, 0xd36, 0xf938, 0xd38,
        0xf939, 0xd3a, 0xf93a, 0xd3c, 0xf93b, 0xd3e, 0xf93c, 0xd40, 0xf93d, 0xd42, 0xf93e, 0xd44,
        0xf93f, 0xd46, 0xf940, 0xd48, 0xf941, 0xd4a, 0xf942, 0xd4c, 0xf943, 0xd4e, 0xf944, 0xd50,
        0xf945, 0xd52, 0xf946, 0xd54, 0xf947, 0xd56, 0xf948, 0xd58, 0xf949, 0xd5a, 0xf94a, 0xd5c,
        0xf94b, 0xd5e, 0xf94c, 0xd60, 0xf94d, 0xd62, 0xf94e, 0xd64, 0xf94f, 0xd66, 0xf950, 0xd68,
        0xf951, 0xd6a, 0xf952, 0xd6c, 0xf953, 0xd6e, 0xf954, 0xd70, 0xf955, 0xd72, 0xf956, 0xd74,
        0xf957, 0xd76, 0xf958, 0xd78, 0xf959, 0xd7a, 0xf95a, 0xd7c, 0xf95b, 0xd7e, 0xf95c, 0xd80,
        0xf95d, 0xd82, 0xf95e, 0xd84, 0xf95f, 0xd86, 0xf960, 0xd88, 0xf961, 0xd8a, 0xf962, 0xd8c,
        0xf963, 0xd8e, 0xf964, 0xd90, 0xf965, 0xd92, 0xf966, 0xd94, 0xf967, 0xd96, 0xf968, 0xd98,
        0xf969, 0xd9a, 0xf96a, 0xd9c, 0xf96b, 0xd9e, 0xf96c, 0xda0, 0xf96d, 0xda2, 0xf96e, 0xda4,
        0xf96f, 0xda6, 0xf970, 0xda8, 0xf971, 0xdaa, 0xf972, 0xdac, 0xf973, 0xdae, 0xf974, 0xdb0,
        0xf975, 0xdb2, 0xf976, 0xdb4, 0xf977, 0xdb6, 0xf978, 0xdb8, 0xf979, 0xdba, 0xf97a, 0xdbc,
        0xf97b, 0xdbe, 0xf97c, 0xdc0, 0xf97d, 0xdc2, 0xf97e, 0xdc4, 0xf97f, 0xdc6, 0xf980, 0xdc8,
        0xf981, 0xdca, 0xf982, 0xdcc, 0xf983, 0xdce, 0xf984, 0xdd0, 0xf985, 0xdd2, 0xf986, 0xdd4,
        0xf987, 0xdd6, 0xf988, 0xdd8, 0xf989, 0xdda, 0xf98a, 0xddc, 0xf98b, 0xdde, 0xf98c, 0xde0,
        0xf98d, 0xde2, 0xf98e, 0xde4, 0xf98f, 0xde6, 0xf990, 0xde8, 0xf991, 0xdea, 0xf992, 0xdec,
        0xf993, 0xdee, 0xf994, 0xdf0, 0xf995, 0xdf2, 0xf996, 0xdf4, 0xf997, 0xdf6, 0xf998, 0xdf8,
        0xf999, 0xdfa, 0xf99a, 0xdfc, 0xf99b, 0xdfe, 0xf99c, 0xe00, 0xf99d, 0xe02, 0xf99e, 0xe04,
        0xf99f, 0xe06, 0xf9a0, 0xe08, 0xf9a1, 0xe0a, 0xf9a2, 0xe0c, 0xf9a3, 0xe0e, 0xf9a4, 0xe10,
        0xf9a5, 0xe12, 0xf9a6, 0xe14, 0xf9a7, 0xe16, 0xf9a8, 0xe18, 0xf9a9, 0xe1a, 0xf9aa, 0xe1c,
        0xf9ab, 0xe1e, 0xf9ac, 0xe20, 0xf9ad, 0xe22, 0xf9ae, 0xe24, 0xf9af, 0xe26, 0xf9b0, 0xe28,
        0xf9b1, 0xe2a, 0xf9b2, 0xe2c, 0xf9b3, 0xe2e, 0xf9b4, 0xe30, 0xf9b5, 0xe32, 0xf9b6, 0xe34,
        0xf9b7, 0xe36, 0xf9b8, 0xe38, 0xf9b9, 0xe3a, 0xf9ba, 0xe3c, 0xf9bb, 0xe3e, 0xf9bc, 0xe40,
        0xf9bd, 0xe42, 0xf9be, 0xe44, 0xf9bf, 0xe46, 0xf9c0, 0xe48, 0xf9c1, 0xe4a, 0xf9c2, 0xe4c,
        0xf9c3, 0xe4e, 0xf9c4, 0xe50, 0xf9c5, 0xe52, 0xf9c6, 0xe54, 0xf9c7, 0xe56, 0xf9c8, 0xe58,
        0xf9c9, 0xe5a, 0xf9ca, 0xe5c, 0xf9cb, 0xe5e, 0xf9cc, 0xe60, 0xf9cd, 0xe62, 0xf9ce, 0xe64,
        0xf9cf, 0xe66, 0xf9d0, 0xe68, 0xf9d1, 0xe6a, 0xf9d2, 0xe6c, 0xf9d3, 0xe6e, 0xf9d4, 0xe70,
        0xf9d5, 0xe72, 0xf9d6, 0xe74, 0xf9d7, 0xe76, 0xf9d8, 0xe78, 0xf9d9, 0xe7a, 0xf9da, 0xe7c,
        0xf9db, 0xe7e, 0xf9dc, 0xe80, 0xf9dd, 0xe82, 0xf9de, 0xe84, 0xf9df, 0xe86, 0xf9e0, 0xe88,
        0xf9e1, 0xe8a, 0xf9e2, 0xe8c, 0xf9e3, 0xe8e, 0xf9e4, 0xe90, 0xf9e5, 0xe92, 0xf9e6, 0xe94,
        0xf9e7, 0xe96, 0xf9e8, 0xe98, 0xf9e9, 0xe9a, 0xf9ea, 0xe9c, 0xf9eb, 0xe9e, 0xf9ec, 0xea0,
        0xf9ed, 0xea2, 0xf9ee, 0xea4, 0xf9ef, 0xea6, 0xf9f0, 0xea8, 0xf9f1, 0xeaa, 0xf9f2, 0xeac,
        0xf9f3, 0xeae, 0xf9f4, 0xeb0, 0xf9f5, 0xeb2, 0xf9f6, 0xeb4, 0xf9f7, 0xeb6, 0xf9f8, 0xeb8,
        0xf9f9, 0xeba, 0xf9fa, 0xebc, 0xf9fb, 0xebe, 0xf9fc, 0xec0, 0xf9fd, 0xec2, 0xf9fe, 0xec4,
        0xf9ff, 0xec6, 0xfa00, 0xec8, 0xfa01, 0xeca, 0xfa02, 0xecc, 0xfa03, 0xece, 0xfa04, 0xed0,
        0xfa05, 0xed2, 0xfa06, 0xed4, 0xfa07, 0xed6, 0xfa08, 0xed8, 0xfa09, 0xeda, 0xfa0a, 0xedc,
        0xfa0b, 0xede, 0xfa0c, 0xee0, 0xfa0d, 0xee2, 0xfa10, 0xee4, 0xfa12, 0xee6, 0xfa15, 0xee8,
        0xfa16, 0xeea, 0xfa17, 0xeec, 0xfa18, 0xeee, 0xfa19, 0xef0, 0xfa1a, 0xef2, 0xfa1b, 0xef4,
        0xfa1c, 0xef6, 0xfa1d, 0xef8, 0xfa1e, 0xefa, 0xfa20, 0xefc, 0xfa22, 0xefe, 0xfa25, 0xf00,
        0xfa26, 0xf02, 0xfa2a, 0xf04, 0xfa2b, 0xf06, 0xfa2c, 0xf08, 0xfa2d, 0xf0a, 0xfa2e, 0xf0c,
        0xfa2f, 0xf0e, 0xfa30, 0xf10, 0xfa31, 0xf12, 0xfa32, 0xf14, 0xfa33, 0xf16, 0xfa34, 0xf18,
        0xfa35, 0xf1a, 0xfa36, 0xf1c, 0xfa37, 0xf1e, 0xfa38, 0xf20, 0xfa39, 0xf22, 0xfa3a, 0xf24,
        0xfa3b, 0xf26, 0xfa3c, 0xf28, 0xfa3d, 0xf2a, 0xfa3e, 0xf2c, 0xfa3f, 0xf2e, 0xfa40, 0xf30,
        0xfa41, 0xf32, 0xfa42, 0xf34, 0xfa43, 0xf36, 0xfa44, 0xf38, 0xfa45, 0xf3a, 0xfa46, 0xf3c,
        0xfa47, 0xf3e, 0xfa48, 0xf40, 0xfa49, 0xf42, 0xfa4a, 0xf44, 0xfa4b, 0xf46, 0xfa4c, 0xf48,
        0xfa4d, 0xf4a, 0xfa4e, 0xf4c, 0xfa4f, 0xf4e, 0xfa50, 0xf50, 0xfa51, 0xf52, 0xfa52, 0xf54,
        0xfa53, 0xf56, 0xfa54, 0xf58, 0xfa55, 0xf5a, 0xfa56, 0xf5c, 0xfa57, 0xf5e, 0xfa58, 0xf60,
        0xfa59, 0xf62, 0xfa5a, 0xf64, 0xfa5b, 0xf66, 0xfa5c, 0xf68, 0xfa5d, 0xf6a, 0xfa5e, 0xf6c,
        0xfa5f, 0xf6e, 0xfa60, 0xf70, 0xfa61, 0xf72, 0xfa62, 0xf74, 0xfa63, 0xf76, 0xfa64, 0xf78,
        0xfa65, 0xf7a, 0xfa66, 0xf7c, 0xfa67, 0xf7e, 0xfa68, 0xf80, 0xfa69, 0xf82, 0xfa6a, 0xf84,
        0xfa6b, 0xf86, 0xfa6c, 0xf88, 0xfa6d, 0xf8a, 0xfa70, 0xf8c, 0xfa71, 0xf8e, 0xfa72, 0xf90,
        0xfa73, 0xf92, 0xfa74, 0xf94, 0xfa75, 0xf96, 0xfa76, 0xf98, 0xfa77, 0xf9a, 0xfa78, 0xf9c,
        0xfa79, 0xf9e, 0xfa7a, 0xfa0, 0xfa7b, 0xfa2, 0xfa7c, 0xfa4, 0xfa7d, 0xfa6, 0xfa7e, 0xfa8,
        0xfa7f, 0xfaa, 0xfa80, 0xfac, 0xfa81, 0xfae, 0xfa82, 0xfb0, 0xfa83, 0xfb2, 0xfa84, 0xfb4,
        0xfa85, 0xfb6, 0xfa86, 0xfb8, 0xfa87, 0xfba, 0xfa88, 0xfbc, 0xfa89, 0xfbe, 0xfa8a, 0xfc0,
        0xfa8b, 0xfc2, 0xfa8c, 0xfc4, 0xfa8d, 0xfc6, 0xfa8e, 0xfc8, 0xfa8f, 0xfca, 0xfa90, 0xfcc,
        0xfa91, 0xfce, 0xfa92, 0xfd0, 0xfa93, 0xfd2, 0xfa94, 0xfd4, 0xfa95, 0xfd6, 0xfa96, 0xfd8,
        0xfa97, 0xfda, 0xfa98, 0xfdc, 0xfa99, 0xfde, 0xfa9a, 0xfe0, 0xfa9b, 0xfe2, 0xfa9c, 0xfe4,
        0xfa9d, 0xfe6, 0xfa9e, 0xfe8, 0xfa9f, 0xfea, 0xfaa0, 0xfec, 0xfaa1, 0xfee, 0xfaa2, 0xff0,
        0xfaa3, 0xff2, 0xfaa4, 0xff4, 0xfaa5, 0xff6, 0xfaa6, 0xff8, 0xfaa7, 0xffa, 0xfaa8, 0xffc,
        0xfaa9, 0xffe, 0xfaaa, 0x1000, 0xfaab, 0x1002, 0xfaac, 0x1004, 0xfaad, 0x1006, 0xfaae, 0x1008,
        0xfaaf, 0x100a, 0xfab0, 0x100c, 0xfab1, 0x100e, 0xfab2, 0x1010, 0xfab3, 0x1012, 0xfab4, 0x1014,
        0xfab5, 0x1016, 0xfab6, 0x1018, 0xfab7, 0x101a, 0xfab8, 0x101c, 0xfab9, 0x101e, 0xfaba, 0x1020,
        0xfabb, 0x1022, 0xfabc, 0x1024, 0xfabd, 0x1026, 0xfabe, 0x1028, 0xfabf, 0x102a, 0xfac0, 0x102c,
        0xfac1, 0x102e, 0xfac2, 0x1030, 0xfac3, 0x1032, 0xfac4, 0x1034, 0xfac5, 0x1036, 0xfac6, 0x1038,
        0xfac7, 0x103a, 0xfac8, 0x103c, 0xfac9, 0x103e, 0xfaca, 0x1040, 0xfacb, 0x1042, 0xfacc, 0x1044,
        0xfacd, 0x1046, 0xface, 0x1048, 0xfacf, 0x104a, 0xfad0, 0x104c, 0xfad1, 0x104e, 0xfad2, 0x1050,
        0xfad3, 0x1052, 0xfad4, 0x1054, 0xfad5, 0x1056, 0xfad6, 0x1058, 0xfad7, 0x105a, 0xfad8, 0x105c,
        0xfad9, 0x105e, 0xfb1d, 0x1060, 0xfb1f, 0x1063, 0xfb2a, 0x1066, 0xfb2b, 0x1069, 0xfb2c, 0x106c,
        0xfb2d, 0x1070, 0xfb2e, 0x1074, 0xfb2f, 0x1077, 0xfb30, 0x107a, 0xfb31, 0x107d, 0xfb32, 0x1080,
        0xfb33, 0x1083, 0xfb34, 0x1086, 0xfb35, 0x1089, 0xfb36, 0x108c, 0xfb38, 0x108f, 0xfb39, 0x1092,
        0xfb3a, 0x1095, 0xfb3b, 0x1098, 0xfb3c, 0x109b, 0xfb3e, 0x109e, 0xfb40, 0x10a1, 0xfb41, 0x10a4,
        0xfb43, 0x10a7, 0xfb44, 0x10aa, 0xfb46, 0x10ad, 0xfb47, 0x10b0, 0xfb48, 0x10b3, 0xfb49, 0x10b6,
        0xfb4a, 0x10b9, 0xfb4b, 0x10bc, 0xfb4c, 0x10bf, 0xfb4d, 0x10c2, 0xfb4e, 0x10c5, 0x105c9, 0x10c8,
        0x105e4, 0x10cb, 0x1109a, 0x10ce, 0x1109c, 0x10d1, 0x110ab, 0x10d4, 0x1112e, 0x10d7, 0x1112f, 0x10da,
        0x1134b, 0x10dd, 0x1134c, 0x10e0, 0x11383, 0x10e3, 0x11385, 0x10e6, 0x1138e, 0x10e9, 0x11391, 0x10ec,
        0x113c5, 0x10ef, 0x113c7, 0x10f2, 0x113c8, 0x10f5, 0x114bb, 0x10f8, 0x114bc, 0x10fb, 0x114be, 0x10fe,
        0x115ba, 0x1101, 0x115bb, 0x1104, 0x11938, 0x1107, 0x16121, 0x110a, 0x16122, 0x110d, 0x16123, 0x1110,
        0x16124, 0x1113, 0x16125, 0x1116, 0x16126, 0x1119, 0x16127, 0x111d, 0x16128, 0x1121, 0x16d68, 0x1125,
        0x16d69, 0x1128, 0x16d6a, 0x112b, 0x1d15e, 0x112f, 0x1d15f, 0x1132, 0x1d160, 0x1135, 0x1d161, 0x1139,
        0x1d162, 0x113d, 0x1d163, 0x1141, 0x1d164, 0x1145, 0x1d1bb, 0x1149, 0x1d1bc, 0x114c, 0x1d1bd, 0x114f,
        0x1d1be, 0x1153, 0x1d1bf, 0x1157, 0x1d1c0, 0x115b, 0x2f800, 0x115f, 0x2f801, 0x1161, 0x2f802, 0x1163,
        0x2f803, 0x1165, 0x2f804, 0x1167, 0x2f805, 0x1169, 0x2f806, 0x116b, 0x2f807, 0x116d, 0x2f808, 0x116f,
        0x2f809, 0x1171, 0x2f80a, 0x1173, 0x2f80b, 0x1175, 0x2f80c, 0x1177, 0x2f80d, 0x1179, 0x2f80e, 0x117b,
        0x2f80f, 0x117d, 0x2f810, 0x117f, 0x2f811, 0x1181, 0x2f812, 0x1183, 0x2f813, 0x1185, 0x2f814, 0x1187,
        0x2f815, 0x1189, 0x2f816, 0x118b, 0x2f817, 0x118d, 0x2f818, 0x118f, 0x2f819, 0x1191, 0x2f81a, 0x1193,
        0x2f81b, 0x1195, 0x2f81c, 0x1197, 0x2f81d, 0x1199, 0x2f81e, 0x119b, 0x2f81f, 0x119d, 0x2f820, 0x119f,
        0x2f821, 0x11a1, 0x2f822, 0x11a3, 0x2f823, 0x11a5, 0x2f824, 0x11a7, 0x2f825, 0x11a9, 0x2f826, 0x11ab,
        0x2f827, 0x11ad, 0x2f828, 0x11af, 0x2f829, 0x11b1, 0x2f82a, 0x11b3, 0x2f82b, 0x11b5, 0x2f82c, 0x11b7,
        0x2f82d, 0x11b9, 0x2f82e, 0x11bb, 0x2f82f, 0x11bd, 0x2f830, 0x11bf, 0x2f831, 0x11c1, 0x2f832, 0x11c3,
        0x2f833, 0x11c5, 0x2f834, 0x11c7, 0x2f835, 0x11c9, 0x2f836, 0x11cb, 0x2f837, 0x11cd, 0x2f838, 0x11cf,
        0x2f839, 0x11d1, 0x2f83a, 0x11d3, 0x2f83b, 0x11d5, 0x2f83c, 0x11d7, 0x2f83d, 0x11d9, 0x2f83e, 0x11db,
        0x2f83f, 0x11dd, 0x2f840, 0x11df, 0x2f841, 0x11e1, 0x2f842, 0x11e3, 0x2f843, 0x11e5, 0x2f844, 0x11e7,
        0x2f845, 0x11e9, 0x2f846, 0x11eb, 0x2f847, 0x11ed, 0x2f848, 0x11ef, 0x2f849, 0x11f1, 0x2f84a, 0x11f3,
        0x2f84b, 0x11f5, 0x2f84c, 0x11f7, 0x2f84d, 0x11f9, 0x2f84e, 0x11fb, 0x2f84f, 0x11fd, 0x2f850, 0x11ff,
        0x2f851, 0x1201, 0x2f852, 0x1203, 0x2f853, 0x1205, 0x2f854, 0x1207, 0x2f855, 0x1209, 0x2f856, 0x120b,
        0x2f857, 0x120d, 0x2f858, 0x120f, 0x2f859, 0x1211, 0x2f85a, 0x1213, 0x2f85b, 0x1215, 0x2f85c, 0x1217,
        0x2f85d, 0x1219, 0x2f85e, 0x121b, 0x2f85f, 0x121d, 0x2f860, 0x121f, 0x2f861, 0x1221, 0x2f862, 0x1223,
        0x2f863, 0x1225, 0x2f864, 0x1227, 0x2f865, 0x1229, 0x2f866, 0x122b, 0x2f867, 0x122d, 0x2f868, 0x122f,
        0x2f869, 0x1231, 0x2f86a, 0x1233, 0x2f86b, 0x1235, 0x2f86c, 0x1237, 0x2f86d, 0x1239, 0x2f86e, 0x123b,
        0x2f86f, 0x123d, 0x2f870, 0x123f, 0x2f871, 0x1241, 0x2f872, 0x1243, 0x2f873, 0x1245, 0x2f874, 0x1247,
        0x2f875, 0x1249, 0x2f876, 0x124b, 0x2f877, 0x124d, 0x2f878, 0x124f, 0x2f879, 0x1251, 0x2f87a, 0x1253,
        0x2f87b, 0x1255, 0x2f87c, 0x1257, 0x2f87d, 0x1259, 0x2f87e, 0x125b, 0x2f87f, 0x125d, 0x2f880, 0x125f,
        0x2f881, 0x1261, 0x2f882, 0x1263, 0x2f883, 0x1265, 0x2f884, 0x1267, 0x2f885, 0x1269, 0x2f886, 0x126b,
        0x2f887, 0x126d, 0x2f888, 0x126f, 0x2f889, 0x1271, 0x2f88a, 0x1273, 0x2f88b, 0x1275, 0x2f88c, 0x1277,
        0x2f88d, 0x1279, 0x2f88e, 0x127b, 0x2f88f, 0x127d, 0x2f890, 0x127f, 0x2f891, 0x1281, 0x2f892, 0x1283,
        0x2f893, 0x1285, 0x2f894, 0x1287, 0x2f895, 0x1289, 0x2f896, 0x128b, 0x2f897, 0x128d, 0x2f898, 0x128f,
        0x2f899, 0x1291, 0x2f89a, 0x1293, 0x2f89b, 0x1295, 0x2f89c, 0x1297, 0x2f89d, 0x1299, 0x2f89e, 0x129b,
        0x2f89f, 0x129d, 0x2f8a0, 0x129f, 0x2f8a1, 0x12a1, 0x2f8a2, 0x12a3, 0x2f8a3, 0x12a5, 0x2f8a4, 0x12a7,
        0x2f8a5, 0x12a9, 0x2f8a6, 0x12ab, 0x2f8a7, 0x12ad, 0x2f8a8, 0x12af, 0x2f8a9, 0x12b1, 0x2f8aa, 0x12b3,
        0x2f8ab, 0x12b5, 0x2f8ac, 0x12b7, 0x2f8ad, 0x12b9, 0x2f8ae, 0x12bb, 0x2f8af, 0x12bd, 0x2f8b0, 0x12bf,
        0x2f8b1, 0x12c1, 0x2f8b2, 0x12c3, 0x2f8b3, 0x12c5, 0x2f8b4, 0x12c7, 0x2f8b5, 0x12c9, 0x2f8b6, 0x12cb,
        0x2f8b7, 0x12cd, 0x2f8b8, 0x12cf, 0x2f8b9, 0x12d1, 0x2f8ba, 0x12d3, 0x2f8bb, 0x12d5, 0x2f8bc, 0x12d7,
        0x2f8bd, 0x12d9, 0x2f8be, 0x12db, 0x2f8bf, 0x12dd, 0x2f8c0, 0x12df, 0x2f8c1, 0x12e1, 0x2f8c2, 0x12e3,
        0x2f8c3, 0x12e5, 0x2f8c4, 0x12e7, 0x2f8c5, 0x12e9, 0x2f8c6, 0x12eb, 0x2f8c7, 0x12ed, 0x2f8c8, 0x12ef,
        0x2f8c9, 0x12f1, 0x2f8ca, 0x12f3, 0x2f8cb, 0x12f5, 0x2f8cc, 0x12f7, 0x2f8cd, 0x12f9, 0x2f8ce, 0x12fb,
        0x2f8cf, 0x12fd, 0x2f8d0, 0x12ff, 0x2f8d1, 0x1301, 0x2f8d2, 0x1303, 0x2f8d3, 0x1305, 0x2f8d4, 0x1307,
        0x2f8d5, 0x1309, 0x2f8d6, 0x130b, 0x2f8d7, 0x130d, 0x2f8d8, 0x130f, 0x2f8d9, 0x1311, 0x2f8da, 0x1313,
        0x2f8db, 0x1315, 0x2f8dc, 0x1317, 0x2f8dd, 0x1319, 0x2f8de, 0x131b, 0x2f8df, 0x131d, 0x2f8e0, 0x131f,
        0x2f8e1, 0x1321, 0x2f8e2, 0x1323, 0x2f8e3, 0x1325, 0x2f8e4, 0x1327, 0x2f8e5, 0x1329, 0x2f8e6, 0x132b,
        0x2f8e7, 0x132d, 0x2f8e8, 0x132f, 0x2f8e9, 0x1331, 0x2f8ea, 0x1333, 0x2f8eb, 0x1335, 0x2f8ec, 0x1337,
        0x2f8ed, 0x1339, 0x2f8ee, 0x133b, 0x2f8ef, 0x133d, 0x2f8f0, 0x133f, 0x2f8f1, 0x1341, 0x2f8f2, 0x1343,
        0x2f8f3, 0x1345, 0x2f8f4, 0x1347, 0x2f8f5, 0x1349, 0x2f8f6, 0x134b, 0x2f8f7, 0x134d, 0x2f8f8, 0x134f,
        0x2f8f9, 0x1351, 0x2f8fa, 0x1353, 0x2f8fb, 0x1355, 0x2f8fc, 0x1357, 0x2f8fd, 0x1359, 0x2f8fe, 0x135b,
        0x2f8ff, 0x135d, 0x2f900, 0x135f, 0x2f901, 0x1361, 0x2f902, 0x1363, 0x2f903, 0x1365, 0x2f904, 0x1367,
        0x2f905, 0x1369, 0x2f906, 0x136b, 0x2f907, 0x136d, 0x2f908, 0x136f, 0x2f909, 0x1371, 0x2f90a, 0x1373,
        0x2f90b, 0x1375, 0x2f90c, 0x1377, 0x2f90d, 0x1379, 0x2f90e, 0x137b, 0x2f90f, 0x137d, 0x2f910, 0x137f,
        0x2f911, 0x1381, 0x2f912, 0x1383, 0x2f913, 0x1385, 0x2f914, 0x1387, 0x2f915, 0x1389, 0x2f916, 0x138b,
        0x2f917, 0x138d, 0x2f918, 0x138f, 0x2f919, 0x1391, 0x2f91a, 0x1393, 0x2f91b, 0x1395, 0x2f91c, 0x1397,
        0x2f91d, 0x1399, 0x2f91e, 0x139b, 0x2f91f, 0x139d, 0x2f920, 0x139f, 0x2f921, 0x13a1, 0x2f922, 0x13a3,
        0x2f923, 0x13a5, 0x2f924, 0x13a7, 0x2f925, 0x13a9, 0x2f926, 0x13ab, 0x2f927, 0x13ad, 0x2f928, 0x13af,
        0x2f929, 0x13b1, 0x2f92a, 0x13b3, 0x2f92b, 0x13b5, 0x2f92c, 0x13b7, 0x2f92d, 0x13b9, 0x2f92e, 0x13bb,
        0x2f92f, 0x13bd, 0x2f930, 0x13bf, 0x2f931, 0x13c1, 0x2f932, 0x13c3, 0x2f933, 0x13c5, 0x2f934, 0x13c7,
        0x2f935, 0x13c9, 0x2f936, 0x13cb, 0x2f937, 0x13cd, 0x2f938, 0x13cf, 0x2f939, 0x13d1, 0x2f93a, 0x13d3,
        0x2f93b, 0x13d5, 0x2f93c, 0x13d7, 0x2f93d, 0x13d9, 0x2f93e, 0x13db, 0x2f93f, 0x13dd, 0x2f940, 0x13df,
        0x2f941, 0x13e1, 0x2f942, 0x13e3, 0x2f943, 0x13e5, 0x2f944, 0x13e7, 0x2f945, 0x13e9, 0x2f946, 0x13eb,
        0x2f947, 0x13ed, 0x2f948, 0x13ef, 0x2f949, 0x13f1, 0x2f94a, 0x13f3, 0x2f94b, 0x13f5, 0x2f94c, 0x13f7,
        0x2f94d, 0x13f9, 0x2f94e, 0x13fb, 0x2f94f, 0x13fd, 0x2f950, 0x13ff, 0x2f951, 0x1401, 0x2f952, 0x1403,
        0x2f953, 0x1405, 0x2f954, 0x1407, 0x2f955, 0x1409, 0x2f956, 0x140b, 0x2f957, 0x140d, 0x2f958, 0x140f,
        0x2f959, 0x1411, 0x2f95a, 0x1413, 0x2f95b, 0x1415, 0x2f95c, 0x1417, 0x2f95d, 0x1419, 0x2f95e, 0x141b,
        0x2f95f, 0x141d, 0x2f960, 0x141f, 0x2f961, 0x1421, 0x2f962, 0x1423, 0x2f963, 0x1425, 0x2f964, 0x1427,
        0x2f965, 0x1429, 0x2f966, 0x142b, 0x2f967, 0x142d, 0x2f968, 0x142f, 0x2f969, 0x1431, 0x2f96a, 0x1433,
        0x2f96b, 0x1435, 0x2f96c, 0x1437, 0x2f96d, 0x1439, 0x2f96e, 0x143b, 0x2f96f, 0x143d, 0x2f970, 0x143f,
        0x2f971, 0x1441, 0x2f972, 0x1443, 0x2f973, 0x1445, 0x2f974, 0x1447, 0x2f975, 0x1449, 0x2f976, 0x144b,
        0x2f977, 0x144d, 0x2f978, 0x144f, 0x2f979, 0x1451, 0x2f97a, 0x1453, 0x2f97b, 0x1455, 0x2f97c, 0x1457,
        0x2f97d, 0x1459, 0x2f97e, 0x145b, 0x2f97f, 0x145d, 0x2f980, 0x145f, 0x2f981, 0x1461, 0x2f982, 0x1463,
        0x2f983, 0x1465, 0x2f984, 0x1467, 0x2f985, 0x1469, 0x2f986, 0x146b, 0x2f987, 0x146d, 0x2f988, 0x146f,
        0x2f989, 0x1471, 0x2f98a, 0x1473, 0x2f98b, 0x1475, 0x2f98c, 0x1477, 0x2f98d, 0x1479, 0x2f98e, 0x147b,
        0x2f98f, 0x147d, 0x2f990, 0x147f, 0x2f991, 0x1481, 0x2f992, 0x1483, 0x2f993, 0x1485, 0x2f994, 0x1487,
        0x2f995, 0x1489, 0x2f996, 0x148b, 0x2f997, 0x148d, 0x2f998, 0x148f, 0x2f999, 0x1491, 0x2f99a, 0x1493,
        0x2f99b, 0x1495, 0x2f99c, 0x1497, 0x2f99d, 0x1499, 0x2f99e, 0x149b, 0x2f99f, 0x149d, 0x2f9a0, 0x149f,
        0x2f9a1, 0x14a1, 0x2f9a2, 0x14a3, 0x2f9a3, 0x14a5, 0x2f9a4, 0x14a7, 0x2f9a5, 0x14a9, 0x2f9a6, 0x14ab,
        0x2f9a7, 0x14ad, 0x2f9a8, 0x14af, 0x2f9a9, 0x14b1, 0x2f9aa, 0x14b3, 0x2f9ab, 0x14b5, 0x2f9ac, 0x14b7,
        0x2f9ad, 0x14b9, 0x2f9ae, 0x14bb, 0x2f9af, 0x14bd, 0x2f9b0, 0x14bf, 0x2f9b1, 0x14c1, 0x2f9b2, 0x14c3,
        0x2f9b3, 0x14c5, 0x2f9b4, 0x14c7, 0x2f9b5, 0x14c9, 0x2f9b6, 0x14cb, 0x2f9b7, 0x14cd, 0x2f9b8, 0x14cf,
        0x2f9b9, 0x14d1, 0x2f9ba, 0x14d3, 0x2f9bb, 0x14d5, 0x2f9bc, 0x14d7, 0x2f9bd, 0x14d9, 0x2f9be, 0x14db,
        0x2f9bf, 0x14dd, 0x2f9c0, 0x14df, 0x2f9c1, 0x14e1, 0x2f9c2, 0x14e3, 0x2f9c3, 0x14e5, 0x2f9c4, 0x14e7,
        0x2f9c5, 0x14e9, 0x2f9c6, 0x14eb, 0x2f9c7, 0x14ed, 0x2f9c8, 0x14ef, 0x2f9c9, 0x14f1, 0x2f9ca, 0x14f3,
        0x2f9cb, 0x14f5, 0x2f9cc, 0x14f7, 0x2f9cd, 0x14f9, 0x2f9ce, 0x14fb, 0x2f9cf, 0x14fd, 0x2f9d0, 0x14ff,
        0x2f9d1, 0x1501, 0x2f9d2, 0x1503, 0x2f9d3, 0x1505, 0x2f9d4, 0x1507, 0x2f9d5, 0x1509, 0x2f9d6, 0x150b,
        0x2f9d7, 0x150d, 0x2f9d8, 0x150f, 0x2f9d9, 0x1511, 0x2f9da, 0x1513, 0x2f9db, 0x1515, 0x2f9dc, 0x1517,
        0x2f9dd, 0x1519, 0x2f9de, 0x151b, 0x2f9df, 0x151d, 0x2f9e0, 0x151f, 0x2f9e1, 0x1521, 0x2f9e2, 0x1523,
        0x2f9e3, 0x1525, 0x2f9e4, 0x1527, 0x2f9e5, 0x1529, 0x2f9e6, 0x152b, 0x2f9e7, 0x152d, 0x2f9e8, 0x152f,
        0x2f9e9, 0x1531, 0x2f9ea, 0x1533, 0x2f9eb, 0x1535, 0x2f9ec, 0x1537, 0x2f9ed, 0x1539, 0x2f9ee, 0x153b,
        0x2f9ef, 0x153d, 0x2f9f0, 0x153f, 0x2f9f1, 0x1541, 0x2f9f2, 0x1543, 0x2f9f3, 0x1545, 0x2f9f4, 0x1547,
        0x2f9f5, 0x1549, 0x2f9f6, 0x154b, 0x2f9f7, 0x154d, 0x2f9f8, 0x154f, 0x2f9f9, 0x1551, 0x2f9fa, 0x1553,
        0x2f9fb, 0x1555, 0x2f9fc, 0x1557, 0x2f9fd, 0x1559, 0x2f9fe, 0x155b, 0x2f9ff, 0x155d, 0x2fa00, 0x155f,
        0x2fa01, 0x1561, 0x2fa02, 0x1563, 0x2fa03, 0x1565, 0x2fa04, 0x1567, 0x2fa05, 0x1569, 0x2fa06, 0x156b,
        0x2fa07, 0x156d, 0x2fa08, 0x156f, 0x2fa09, 0x1571, 0x2fa0a, 0x1573, 0x2fa0b, 0x1575, 0x2fa0c, 0x1577,
        0x2fa0d, 0x1579, 0x2fa0e, 0x157b, 0x2fa0f, 0x157d, 0x2fa10, 0x157f, 0x2fa11, 0x1581, 0x2fa12, 0x1583,
        0x2fa13, 0x1585, 0x2fa14, 0x1587, 0x2fa15, 0x1589, 0x2fa16, 0x158b, 0x2fa17, 0x158d, 0x2fa18, 0x158f,
        0x2fa19, 0x1591, 0x2fa1a, 0x1593, 0x2fa1b, 0x1595, 0x2fa1c, 0x1597, 0x2fa1d, 0x1599,
    ];
    private static ReadOnlySpan<int> Decompositions =>
    [
        0x2, 0x41, 0x300, 0x2, 0x41, 0x301, 0x2, 0x41, 0x302, 0x2, 0x41, 0x303,
        0x2, 0x41, 0x308, 0x2, 0x41, 0x30a, 0x2, 0x43, 0x327, 0x2, 0x45, 0x300,
        0x2, 0x45, 0x301, 0x2, 0x45, 0x302, 0x2, 0x45, 0x308, 0x2, 0x49, 0x300,
        0x2, 0x49, 0x301, 0x2, 0x49, 0x302, 0x2, 0x49, 0x308, 0x2, 0x4e, 0x303,
        0x2, 0x4f, 0x300, 0x2, 0x4f, 0x301, 0x2, 0x4f, 0x302, 0x2, 0x4f, 0x303,
        0x2, 0x4f, 0x308, 0x2, 0x55, 0x300, 0x2, 0x55, 0x301, 0x2, 0x55, 0x302,
        0x2, 0x55, 0x308, 0x2, 0x59, 0x301, 0x2, 0x61, 0x300, 0x2, 0x61, 0x301,
        0x2, 0x61, 0x302, 0x2, 0x61, 0x303, 0x2, 0x61, 0x308, 0x2, 0x61, 0x30a,
        0x2, 0x63, 0x327, 0x2, 0x65, 0x300, 0x2, 0x65, 0x301, 0x2, 0x65, 0x302,
        0x2, 0x65, 0x308, 0x2, 0x69, 0x300, 0x2, 0x69, 0x301, 0x2, 0x69, 0x302,
        0x2, 0x69, 0x308, 0x2, 0x6e, 0x303, 0x2, 0x6f, 0x300, 0x2, 0x6f, 0x301,
        0x2, 0x6f, 0x302, 0x2, 0x6f, 0x303, 0x2, 0x6f, 0x308, 0x2, 0x75, 0x300,
        0x2, 0x75, 0x301, 0x2, 0x75, 0x302, 0x2, 0x75, 0x308, 0x2, 0x79, 0x301,
        0x2, 0x79, 0x308, 0x2, 0x41, 0x304, 0x2, 0x61, 0x304, 0x2, 0x41, 0x306,
        0x2, 0x61, 0x306, 0x2, 0x41, 0x328, 0x2, 0x61, 0x328, 0x2, 0x43, 0x301,
        0x2, 0x63, 0x301, 0x2, 0x43, 0x302, 0x2, 0x63, 0x302, 0x2, 0x43, 0x307,
        0x2, 0x63, 0x307, 0x2, 0x43, 0x30c, 0x2, 0x63, 0x30c, 0x2, 0x44, 0x30c,
        0x2, 0x64, 0x30c, 0x2, 0x45, 0x304, 0x2, 0x65, 0x304, 0x2, 0x45, 0x306,
        0x2, 0x65, 0x306, 0x2, 0x45, 0x307, 0x2, 0x65, 0x307, 0x2, 0x45, 0x328,
        0x2, 0x65, 0x328, 0x2, 0x45, 0x30c, 0x2, 0x65, 0x30c, 0x2, 0x47, 0x302,
        0x2, 0x67, 0x302, 0x2, 0x47, 0x306, 0x2, 0x67, 0x306, 0x2, 0x47, 0x307,
        0x2, 0x67, 0x307, 0x2, 0x47, 0x327, 0x2, 0x67, 0x327, 0x2, 0x48, 0x302,
        0x2, 0x68, 0x302, 0x2, 0x49, 0x303, 0x2, 0x69, 0x303, 0x2, 0x49, 0x304,
        0x2, 0x69, 0x304, 0x2, 0x49, 0x306, 0x2, 0x69, 0x306, 0x2, 0x49, 0x328,
        0x2, 0x69, 0x328, 0x2, 0x49, 0x307, 0x2, 0x4a, 0x302, 0x2, 0x6a, 0x302,
        0x2, 0x4b, 0x327, 0x2, 0x6b, 0x327, 0x2, 0x4c, 0x301, 0x2, 0x6c, 0x301,
        0x2, 0x4c, 0x327, 0x2, 0x6c, 0x327, 0x2, 0x4c, 0x30c, 0x2, 0x6c, 0x30c,
        0x2, 0x4e, 0x301, 0x2, 0x6e, 0x301, 0x2, 0x4e, 0x327, 0x2, 0x6e, 0x327,
        0x2, 0x4e, 0x30c, 0x2, 0x6e, 0x30c, 0x2, 0x4f, 0x304, 0x2, 0x6f, 0x304,
        0x2, 0x4f, 0x306, 0x2, 0x6f, 0x306, 0x2, 0x4f, 0x30b, 0x2, 0x6f, 0x30b,
        0x2, 0x52, 0x301, 0x2, 0x72, 0x301, 0x2, 0x52, 0x327, 0x2, 0x72, 0x327,
        0x2, 0x52, 0x30c, 0x2, 0x72, 0x30c, 0x2, 0x53, 0x301, 0x2, 0x73, 0x301,
        0x2, 0x53, 0x302, 0x2, 0x73, 0x302, 0x2, 0x53, 0x327, 0x2, 0x73, 0x327,
        0x2, 0x53, 0x30c, 0x2, 0x73, 0x30c, 0x2, 0x54, 0x327, 0x2, 0x74, 0x327,
        0x2, 0x54, 0x30c, 0x2, 0x74, 0x30c, 0x2, 0x55, 0x303, 0x2, 0x75, 0x303,
        0x2, 0x55, 0x304, 0x2, 0x75, 0x304, 0x2, 0x55, 0x306, 0x2, 0x75, 0x306,
        0x2, 0x55, 0x30a, 0x2, 0x75, 0x30a, 0x2, 0x55, 0x30b, 0x2, 0x75, 0x30b,
        0x2, 0x55, 0x328, 0x2, 0x75, 0x328, 0x2, 0x57, 0x302, 0x2, 0x77, 0x302,
        0x2, 0x59, 0x302, 0x2, 0x79, 0x302, 0x2, 0x59, 0x308, 0x2, 0x5a, 0x301,
        0x2, 0x7a, 0x301, 0x2, 0x5a, 0x307, 0x2, 0x7a, 0x307, 0x2, 0x5a, 0x30c,
        0x2, 0x7a, 0x30c, 0x2, 0x4f, 0x31b, 0x2, 0x6f, 0x31b, 0x2, 0x55, 0x31b,
        0x2, 0x75, 0x31b, 0x2, 0x41, 0x30c, 0x2, 0x61, 0x30c, 0x2, 0x49, 0x30c,
        0x2, 0x69, 0x30c, 0x2, 0x4f, 0x30c, 0x2, 0x6f, 0x30c, 0x2, 0x55, 0x30c,
        0x2, 0x75, 0x30c, 0x3, 0x55, 0x308, 0x304, 0x3, 0x75, 0x308, 0x304, 0x3,
        0x55, 0x308, 0x301, 0x3, 0x75, 0x308, 0x301, 0x3, 0x55, 0x308, 0x30c, 0x3,
        0x75, 0x308, 0x30c, 0x3, 0x55, 0x308, 0x300, 0x3, 0x75, 0x308, 0x300, 0x3,
        0x41, 0x308, 0x304, 0x3, 0x61, 0x308, 0x304, 0x3, 0x41, 0x307, 0x304, 0x3,
        0x61, 0x307, 0x304, 0x2, 0xc6, 0x304, 0x2, 0xe6, 0x304, 0x2, 0x47, 0x30c,
        0x2, 0x67, 0x30c, 0x2, 0x4b, 0x30c, 0x2, 0x6b, 0x30c, 0x2, 0x4f, 0x328,
        0x2, 0x6f, 0x328, 0x3, 0x4f, 0x328, 0x304, 0x3, 0x6f, 0x328, 0x304, 0x2,
        0x1b7, 0x30c, 0x2, 0x292, 0x30c, 0x2, 0x6a, 0x30c, 0x2, 0x47, 0x301, 0x2,
        0x67, 0x301, 0x2, 0x4e, 0x300, 0x2, 0x6e, 0x300, 0x3, 0x41, 0x30a, 0x301,
        0x3, 0x61, 0x30a, 0x301, 0x2, 0xc6, 0x301, 0x2, 0xe6, 0x301, 0x2, 0xd8,
        0x301, 0x2, 0xf8, 0x301, 0x2, 0x41, 0x30f, 0x2, 0x61, 0x30f, 0x2, 0x41,
        0x311, 0x2, 0x61, 0x311, 0x2, 0x45, 0x30f, 0x2, 0x65, 0x30f, 0x2, 0x45,
        0x311, 0x2, 0x65, 0x311, 0x2, 0x49, 0x30f, 0x2, 0x69, 0x30f, 0x2, 0x49,
        0x311, 0x2, 0x69, 0x311, 0x2, 0x4f, 0x30f, 0x2, 0x6f, 0x30f, 0x2, 0x4f,
        0x311, 0x2, 0x6f, 0x311, 0x2, 0x52, 0x30f, 0x2, 0x72, 0x30f, 0x2, 0x52,
        0x311, 0x2, 0x72, 0x311, 0x2, 0x55, 0x30f, 0x2, 0x75, 0x30f, 0x2, 0x55,
        0x311, 0x2, 0x75, 0x311, 0x2, 0x53, 0x326, 0x2, 0x73, 0x326, 0x2, 0x54,
        0x326, 0x2, 0x74, 0x326, 0x2, 0x48, 0x30c, 0x2, 0x68, 0x30c, 0x2, 0x41,
        0x307, 0x2, 0x61, 0x307, 0x2, 0x45, 0x327, 0x2, 0x65, 0x327, 0x3, 0x4f,
        0x308, 0x304, 0x3, 0x6f, 0x308, 0x304, 0x3, 0x4f, 0x303, 0x304, 0x3, 0x6f,
        0x303, 0x304, 0x2, 0x4f, 0x307, 0x2, 0x6f, 0x307, 0x3, 0x4f, 0x307, 0x304,
        0x3, 0x6f, 0x307, 0x304, 0x2, 0x59, 0x304, 0x2, 0x79, 0x304, 0x1, 0x300,
        0x1, 0x301, 0x1, 0x313, 0x2, 0x308, 0x301, 0x1, 0x2b9, 0x1, 0x3b, 0x2,
        0xa8, 0x301, 0x2, 0x391, 0x301, 0x1, 0xb7, 0x2, 0x395, 0x301, 0x2, 0x397,
        0x301, 0x2, 0x399, 0x301, 0x2, 0x39f, 0x301, 0x2, 0x3a5, 0x301, 0x2, 0x3a9,
        0x301, 0x3, 0x3b9, 0x308, 0x301, 0x2, 0x399, 0x308, 0x2, 0x3a5, 0x308, 0x2,
        0x3b1, 0x301, 0x2, 0x3b5, 0x301, 0x2, 0x3b7, 0x301, 0x2, 0x3b9, 0x301, 0x3,
        0x3c5, 0x308, 0x301, 0x2, 0x3b9, 0x308, 0x2, 0x3c5, 0x308, 0x2, 0x3bf, 0x301,
        0x2, 0x3c5, 0x301, 0x2, 0x3c9, 0x301, 0x2, 0x3d2, 0x301, 0x2, 0x3d2, 0x308,
        0x2, 0x415, 0x300, 0x2, 0x415, 0x308, 0x2, 0x413, 0x301, 0x2, 0x406, 0x308,
        0x2, 0x41a, 0x301, 0x2, 0x418, 0x300, 0x2, 0x423, 0x306, 0x2, 0x418, 0x306,
        0x2, 0x438, 0x306, 0x2, 0x435, 0x300, 0x2, 0x435, 0x308, 0x2, 0x433, 0x301,
        0x2, 0x456, 0x308, 0x2, 0x43a, 0x301, 0x2, 0x438, 0x300, 0x2, 0x443, 0x306,
        0x2, 0x474, 0x30f, 0x2, 0x475, 0x30f, 0x2, 0x416, 0x306, 0x2, 0x436, 0x306,
        0x2, 0x410, 0x306, 0x2, 0x430, 0x306, 0x2, 0x410, 0x308, 0x2, 0x430, 0x308,
        0x2, 0x415, 0x306, 0x2, 0x435, 0x306, 0x2, 0x4d8, 0x308, 0x2, 0x4d9, 0x308,
        0x2, 0x416, 0x308, 0x2, 0x436, 0x308, 0x2, 0x417, 0x308, 0x2, 0x437, 0x308,
        0x2, 0x418, 0x304, 0x2, 0x438, 0x304, 0x2, 0x418, 0x308, 0x2, 0x438, 0x308,
        0x2, 0x41e, 0x308, 0x2, 0x43e, 0x308, 0x2, 0x4e8, 0x308, 0x2, 0x4e9, 0x308,
        0x2, 0x42d, 0x308, 0x2, 0x44d, 0x308, 0x2, 0x423, 0x304, 0x2, 0x443, 0x304,
        0x2, 0x423, 0x308, 0x2, 0x443, 0x308, 0x2, 0x423, 0x30b, 0x2, 0x443, 0x30b,
        0x2, 0x427, 0x308, 0x2, 0x447, 0x308, 0x2, 0x42b, 0x308, 0x2, 0x44b, 0x308,
        0x2, 0x627, 0x653, 0x2, 0x627, 0x654, 0x2, 0x648, 0x654, 0x2, 0x627, 0x655,
        0x2, 0x64a, 0x654, 0x2, 0x6d5, 0x654, 0x2, 0x6c1, 0x654, 0x2, 0x6d2, 0x654,
        0x2, 0x928, 0x93c, 0x2, 0x930, 0x93c, 0x2, 0x933, 0x93c, 0x2, 0x915, 0x93c,
        0x2, 0x916, 0x93c, 0x2, 0x917, 0x93c, 0x2, 0x91c, 0x93c, 0x2, 0x921, 0x93c,
        0x2, 0x922, 0x93c, 0x2, 0x92b, 0x93c, 0x2, 0x92f, 0x93c, 0x2, 0x9c7, 0x9be,
        0x2, 0x9c7, 0x9d7, 0x2, 0x9a1, 0x9bc, 0x2, 0x9a2, 0x9bc, 0x2, 0x9af, 0x9bc,
        0x2, 0xa32, 0xa3c, 0x2, 0xa38, 0xa3c, 0x2, 0xa16, 0xa3c, 0x2, 0xa17, 0xa3c,
        0x2, 0xa1c, 0xa3c, 0x2, 0xa2b, 0xa3c, 0x2, 0xb47, 0xb56, 0x2, 0xb47, 0xb3e,
        0x2, 0xb47, 0xb57, 0x2, 0xb21, 0xb3c, 0x2, 0xb22, 0xb3c, 0x2, 0xb92, 0xbd7,
        0x2, 0xbc6, 0xbbe, 0x2, 0xbc7, 0xbbe, 0x2, 0xbc6, 0xbd7, 0x2, 0xc46, 0xc56,
        0x2, 0xcbf, 0xcd5, 0x2, 0xcc6, 0xcd5, 0x2, 0xcc6, 0xcd6, 0x2, 0xcc6, 0xcc2,
        0x3, 0xcc6, 0xcc2, 0xcd5, 0x2, 0xd46, 0xd3e, 0x2, 0xd47, 0xd3e, 0x2, 0xd46,
        0xd57, 0x2, 0xdd9, 0xdca, 0x2, 0xdd9, 0xdcf, 0x3, 0xdd9, 0xdcf, 0xdca, 0x2,
        0xdd9, 0xddf, 0x2, 0xf42, 0xfb7, 0x2, 0xf4c, 0xfb7, 0x2, 0xf51, 0xfb7, 0x2,
        0xf56, 0xfb7, 0x2, 0xf5b, 0xfb7, 0x2, 0xf40, 0xfb5, 0x2, 0xf71, 0xf72, 0x2,
        0xf71, 0xf74, 0x2, 0xfb2, 0xf80, 0x2, 0xfb3, 0xf80, 0x2, 0xf71, 0xf80, 0x2,
        0xf92, 0xfb7, 0x2, 0xf9c, 0xfb7, 0x2, 0xfa1, 0xfb7, 0x2, 0xfa6, 0xfb7, 0x2,
        0xfab, 0xfb7, 0x2, 0xf90, 0xfb5, 0x2, 0x1025, 0x102e, 0x2, 0x1b05, 0x1b35, 0x2,
        0x1b07, 0x1b35, 0x2, 0x1b09, 0x1b35, 0x2, 0x1b0b, 0x1b35, 0x2, 0x1b0d, 0x1b35, 0x2,
        0x1b11, 0x1b35, 0x2, 0x1b3a, 0x1b35, 0x2, 0x1b3c, 0x1b35, 0x2, 0x1b3e, 0x1b35, 0x2,
        0x1b3f, 0x1b35, 0x2, 0x1b42, 0x1b35, 0x2, 0x41, 0x325, 0x2, 0x61, 0x325, 0x2,
        0x42, 0x307, 0x2, 0x62, 0x307, 0x2, 0x42, 0x323, 0x2, 0x62, 0x323, 0x2,
        0x42, 0x331, 0x2, 0x62, 0x331, 0x3, 0x43, 0x327, 0x301, 0x3, 0x63, 0x327,
        0x301, 0x2, 0x44, 0x307, 0x2, 0x64, 0x307, 0x2, 0x44, 0x323, 0x2, 0x64,
        0x323, 0x2, 0x44, 0x331, 0x2, 0x64, 0x331, 0x2, 0x44, 0x327, 0x2, 0x64,
        0x327, 0x2, 0x44, 0x32d, 0x2, 0x64, 0x32d, 0x3, 0x45, 0x304, 0x300, 0x3,
        0x65, 0x304, 0x300, 0x3, 0x45, 0x304, 0x301, 0x3, 0x65, 0x304, 0x301, 0x2,
        0x45, 0x32d, 0x2, 0x65, 0x32d, 0x2, 0x45, 0x330, 0x2, 0x65, 0x330, 0x3,
        0x45, 0x327, 0x306, 0x3, 0x65, 0x327, 0x306, 0x2, 0x46, 0x307, 0x2, 0x66,
        0x307, 0x2, 0x47, 0x304, 0x2, 0x67, 0x304, 0x2, 0x48, 0x307, 0x2, 0x68,
        0x307, 0x2, 0x48, 0x323, 0x2, 0x68, 0x323, 0x2, 0x48, 0x308, 0x2, 0x68,
        0x308, 0x2, 0x48, 0x327, 0x2, 0x68, 0x327, 0x2, 0x48, 0x32e, 0x2, 0x68,
        0x32e, 0x2, 0x49, 0x330, 0x2, 0x69, 0x330, 0x3, 0x49, 0x308, 0x301, 0x3,
        0x69, 0x308, 0x301, 0x2, 0x4b, 0x301, 0x2, 0x6b, 0x301, 0x2, 0x4b, 0x323,
        0x2, 0x6b, 0x323, 0x2, 0x4b, 0x331, 0x2, 0x6b, 0x331, 0x2, 0x4c, 0x323,
        0x2, 0x6c, 0x323, 0x3, 0x4c, 0x323, 0x304, 0x3, 0x6c, 0x323, 0x304, 0x2,
        0x4c, 0x331, 0x2, 0x6c, 0x331, 0x2, 0x4c, 0x32d, 0x2, 0x6c, 0x32d, 0x2,
        0x4d, 0x301, 0x2, 0x6d, 0x301, 0x2, 0x4d, 0x307, 0x2, 0x6d, 0x307, 0x2,
        0x4d, 0x323, 0x2, 0x6d, 0x323, 0x2, 0x4e, 0x307, 0x2, 0x6e, 0x307, 0x2,
        0x4e, 0x323, 0x2, 0x6e, 0x323, 0x2, 0x4e, 0x331, 0x2, 0x6e, 0x331, 0x2,
        0x4e, 0x32d, 0x2, 0x6e, 0x32d, 0x3, 0x4f, 0x303, 0x301, 0x3, 0x6f, 0x303,
        0x301, 0x3, 0x4f, 0x303, 0x308, 0x3, 0x6f, 0x303, 0x308, 0x3, 0x4f, 0x304,
        0x300, 0x3, 0x6f, 0x304, 0x300, 0x3, 0x4f, 0x304, 0x301, 0x3, 0x6f, 0x304,
        0x301, 0x2, 0x50, 0x301, 0x2, 0x70, 0x301, 0x2, 0x50, 0x307, 0x2, 0x70,
        0x307, 0x2, 0x52, 0x307, 0x2, 0x72, 0x307, 0x2, 0x52, 0x323, 0x2, 0x72,
        0x323, 0x3, 0x52, 0x323, 0x304, 0x3, 0x72, 0x323, 0x304, 0x2, 0x52, 0x331,
        0x2, 0x72, 0x331, 0x2, 0x53, 0x307, 0x2, 0x73, 0x307, 0x2, 0x53, 0x323,
        0x2, 0x73, 0x323, 0x3, 0x53, 0x301, 0x307, 0x3, 0x73, 0x301, 0x307, 0x3,
        0x53, 0x30c, 0x307, 0x3, 0x73, 0x30c, 0x307, 0x3, 0x53, 0x323, 0x307, 0x3,
        0x73, 0x323, 0x307, 0x2, 0x54, 0x307, 0x2, 0x74, 0x307, 0x2, 0x54, 0x323,
        0x2, 0x74, 0x323, 0x2, 0x54, 0x331, 0x2, 0x74, 0x331, 0x2, 0x54, 0x32d,
        0x2, 0x74, 0x32d, 0x2, 0x55, 0x324, 0x2, 0x75, 0x324, 0x2, 0x55, 0x330,
        0x2, 0x75, 0x330, 0x2, 0x55, 0x32d, 0x2, 0x75, 0x32d, 0x3, 0x55, 0x303,
        0x301, 0x3, 0x75, 0x303, 0x301, 0x3, 0x55, 0x304, 0x308, 0x3, 0x75, 0x304,
        0x308, 0x2, 0x56, 0x303, 0x2, 0x76, 0x303, 0x2, 0x56, 0x323, 0x2, 0x76,
        0x323, 0x2, 0x57, 0x300, 0x2, 0x77, 0x300, 0x2, 0x57, 0x301, 0x2, 0x77,
        0x301, 0x2, 0x57, 0x308, 0x2, 0x77, 0x308, 0x2, 0x57, 0x307, 0x2, 0x77,
        0x307, 0x2, 0x57, 0x323, 0x2, 0x77, 0x323, 0x2, 0x58, 0x307, 0x2, 0x78,
        0x307, 0x2, 0x58, 0x308, 0x2, 0x78, 0x308, 0x2, 0x59, 0x307, 0x2, 0x79,
        0x307, 0x2, 0x5a, 0x302, 0x2, 0x7a, 0x302, 0x2, 0x5a, 0x323, 0x2, 0x7a,
        0x323, 0x2, 0x5a, 0x331, 0x2, 0x7a, 0x331, 0x2, 0x68, 0x331, 0x2, 0x74,
        0x308, 0x2, 0x77, 0x30a, 0x2, 0x79, 0x30a, 0x2, 0x17f, 0x307, 0x2, 0x41,
        0x323, 0x2, 0x61, 0x323, 0x2, 0x41, 0x309, 0x2, 0x61, 0x309, 0x3, 0x41,
        0x302, 0x301, 0x3, 0x61, 0x302, 0x301, 0x3, 0x41, 0x302, 0x300, 0x3, 0x61,
        0x302, 0x300, 0x3, 0x41, 0x302, 0x309, 0x3, 0x61, 0x302, 0x309, 0x3, 0x41,
        0x302, 0x303, 0x3, 0x61, 0x302, 0x303, 0x3, 0x41, 0x323, 0x302, 0x3, 0x61,
        0x323, 0x302, 0x3, 0x41, 0x306, 0x301, 0x3, 0x61, 0x306, 0x301, 0x3, 0x41,
        0x306, 0x300, 0x3, 0x61, 0x306, 0x300, 0x3, 0x41, 0x306, 0x309, 0x3, 0x61,
        0x306, 0x309, 0x3, 0x41, 0x306, 0x303, 0x3, 0x61, 0x306, 0x303, 0x3, 0x41,
        0x323, 0x306, 0x3, 0x61, 0x323, 0x306, 0x2, 0x45, 0x323, 0x2, 0x65, 0x323,
        0x2, 0x45, 0x309, 0x2, 0x65, 0x309, 0x2, 0x45, 0x303, 0x2, 0x65, 0x303,
        0x3, 0x45, 0x302, 0x301, 0x3, 0x65, 0x302, 0x301, 0x3, 0x45, 0x302, 0x300,
        0x3, 0x65, 0x302, 0x300, 0x3, 0x45, 0x302, 0x309, 0x3, 0x65, 0x302, 0x309,
        0x3, 0x45, 0x302, 0x303, 0x3, 0x65, 0x302, 0x303, 0x3, 0x45, 0x323, 0x302,
        0x3, 0x65, 0x323, 0x302, 0x2, 0x49, 0x309, 0x2, 0x69, 0x309, 0x2, 0x49,
        0x323, 0x2, 0x69, 0x323, 0x2, 0x4f, 0x323, 0x2, 0x6f, 0x323, 0x2, 0x4f,
        0x309, 0x2, 0x6f, 0x309, 0x3, 0x4f, 0x302, 0x301, 0x3, 0x6f, 0x302, 0x301,
        0x3, 0x4f, 0x302, 0x300, 0x3, 0x6f, 0x302, 0x300, 0x3, 0x4f, 0x302, 0x309,
        0x3, 0x6f, 0x302, 0x309, 0x3, 0x4f, 0x302, 0x303, 0x3, 0x6f, 0x302, 0x303,
        0x3, 0x4f, 0x323, 0x302, 0x3, 0x6f, 0x323, 0x302, 0x3, 0x4f, 0x31b, 0x301,
        0x3, 0x6f, 0x31b, 0x301, 0x3, 0x4f, 0x31b, 0x300, 0x3, 0x6f, 0x31b, 0x300,
        0x3, 0x4f, 0x31b, 0x309, 0x3, 0x6f, 0x31b, 0x309, 0x3, 0x4f, 0x31b, 0x303,
        0x3, 0x6f, 0x31b, 0x303, 0x3, 0x4f, 0x31b, 0x323, 0x3, 0x6f, 0x31b, 0x323,
        0x2, 0x55, 0x323, 0x2, 0x75, 0x323, 0x2, 0x55, 0x309, 0x2, 0x75, 0x309,
        0x3, 0x55, 0x31b, 0x301, 0x3, 0x75, 0x31b, 0x301, 0x3, 0x55, 0x31b, 0x300,
        0x3, 0x75, 0x31b, 0x300, 0x3, 0x55, 0x31b, 0x309, 0x3, 0x75, 0x31b, 0x309,
        0x3, 0x55, 0x31b, 0x303, 0x3, 0x75, 0x31b, 0x303, 0x3, 0x55, 0x31b, 0x323,
        0x3, 0x75, 0x31b, 0x323, 0x2, 0x59, 0x300, 0x2, 0x79, 0x300, 0x2, 0x59,
        0x323, 0x2, 0x79, 0x323, 0x2, 0x59, 0x309, 0x2, 0x79, 0x309, 0x2, 0x59,
        0x303, 0x2, 0x79, 0x303, 0x2, 0x3b1, 0x313, 0x2, 0x3b1, 0x314, 0x3, 0x3b1,
        0x313, 0x300, 0x3, 0x3b1, 0x314, 0x300, 0x3, 0x3b1, 0x313, 0x301, 0x3, 0x3b1,
        0x314, 0x301, 0x3, 0x3b1, 0x313, 0x342, 0x3, 0x3b1, 0x314, 0x342, 0x2, 0x391,
        0x313, 0x2, 0x391, 0x314, 0x3, 0x391, 0x313, 0x300, 0x3, 0x391, 0x314, 0x300,
        0x3, 0x391, 0x313, 0x301, 0x3, 0x391, 0x314, 0x301, 0x3, 0x391, 0x313, 0x342,
        0x3, 0x391, 0x314, 0x342, 0x2, 0x3b5, 0x313, 0x2, 0x3b5, 0x314, 0x3, 0x3b5,
        0x313, 0x300, 0x3, 0x3b5, 0x314, 0x300, 0x3, 0x3b5, 0x313, 0x301, 0x3, 0x3b5,
        0x314, 0x301, 0x2, 0x395, 0x313, 0x2, 0x395, 0x314, 0x3, 0x395, 0x313, 0x300,
        0x3, 0x395, 0x314, 0x300, 0x3, 0x395, 0x313, 0x301, 0x3, 0x395, 0x314, 0x301,
        0x2, 0x3b7, 0x313, 0x2, 0x3b7, 0x314, 0x3, 0x3b7, 0x313, 0x300, 0x3, 0x3b7,
        0x314, 0x300, 0x3, 0x3b7, 0x313, 0x301, 0x3, 0x3b7, 0x314, 0x301, 0x3, 0x3b7,
        0x313, 0x342, 0x3, 0x3b7, 0x314, 0x342, 0x2, 0x397, 0x313, 0x2, 0x397, 0x314,
        0x3, 0x397, 0x313, 0x300, 0x3, 0x397, 0x314, 0x300, 0x3, 0x397, 0x313, 0x301,
        0x3, 0x397, 0x314, 0x301, 0x3, 0x397, 0x313, 0x342, 0x3, 0x397, 0x314, 0x342,
        0x2, 0x3b9, 0x313, 0x2, 0x3b9, 0x314, 0x3, 0x3b9, 0x313, 0x300, 0x3, 0x3b9,
        0x314, 0x300, 0x3, 0x3b9, 0x313, 0x301, 0x3, 0x3b9, 0x314, 0x301, 0x3, 0x3b9,
        0x313, 0x342, 0x3, 0x3b9, 0x314, 0x342, 0x2, 0x399, 0x313, 0x2, 0x399, 0x314,
        0x3, 0x399, 0x313, 0x300, 0x3, 0x399, 0x314, 0x300, 0x3, 0x399, 0x313, 0x301,
        0x3, 0x399, 0x314, 0x301, 0x3, 0x399, 0x313, 0x342, 0x3, 0x399, 0x314, 0x342,
        0x2, 0x3bf, 0x313, 0x2, 0x3bf, 0x314, 0x3, 0x3bf, 0x313, 0x300, 0x3, 0x3bf,
        0x314, 0x300, 0x3, 0x3bf, 0x313, 0x301, 0x3, 0x3bf, 0x314, 0x301, 0x2, 0x39f,
        0x313, 0x2, 0x39f, 0x314, 0x3, 0x39f, 0x313, 0x300, 0x3, 0x39f, 0x314, 0x300,
        0x3, 0x39f, 0x313, 0x301, 0x3, 0x39f, 0x314, 0x301, 0x2, 0x3c5, 0x313, 0x2,
        0x3c5, 0x314, 0x3, 0x3c5, 0x313, 0x300, 0x3, 0x3c5, 0x314, 0x300, 0x3, 0x3c5,
        0x313, 0x301, 0x3, 0x3c5, 0x314, 0x301, 0x3, 0x3c5, 0x313, 0x342, 0x3, 0x3c5,
        0x314, 0x342, 0x2, 0x3a5, 0x314, 0x3, 0x3a5, 0x314, 0x300, 0x3, 0x3a5, 0x314,
        0x301, 0x3, 0x3a5, 0x314, 0x342, 0x2, 0x3c9, 0x313, 0x2, 0x3c9, 0x314, 0x3,
        0x3c9, 0x313, 0x300, 0x3, 0x3c9, 0x314, 0x300, 0x3, 0x3c9, 0x313, 0x301, 0x3,
        0x3c9, 0x314, 0x301, 0x3, 0x3c9, 0x313, 0x342, 0x3, 0x3c9, 0x314, 0x342, 0x2,
        0x3a9, 0x313, 0x2, 0x3a9, 0x314, 0x3, 0x3a9, 0x313, 0x300, 0x3, 0x3a9, 0x314,
        0x300, 0x3, 0x3a9, 0x313, 0x301, 0x3, 0x3a9, 0x314, 0x301, 0x3, 0x3a9, 0x313,
        0x342, 0x3, 0x3a9, 0x314, 0x342, 0x2, 0x3b1, 0x300, 0x2, 0x3b1, 0x301, 0x2,
        0x3b5, 0x300, 0x2, 0x3b5, 0x301, 0x2, 0x3b7, 0x300, 0x2, 0x3b7, 0x301, 0x2,
        0x3b9, 0x300, 0x2, 0x3b9, 0x301, 0x2, 0x3bf, 0x300, 0x2, 0x3bf, 0x301, 0x2,
        0x3c5, 0x300, 0x2, 0x3c5, 0x301, 0x2, 0x3c9, 0x300, 0x2, 0x3c9, 0x301, 0x3,
        0x3b1, 0x313, 0x345, 0x3, 0x3b1, 0x314, 0x345, 0x4, 0x3b1, 0x313, 0x300, 0x345,
        0x4, 0x3b1, 0x314, 0x300, 0x345, 0x4, 0x3b1, 0x313, 0x301, 0x345, 0x4, 0x3b1,
        0x314, 0x301, 0x345, 0x4, 0x3b1, 0x313, 0x342, 0x345, 0x4, 0x3b1, 0x314, 0x342,
        0x345, 0x3, 0x391, 0x313, 0x345, 0x3, 0x391, 0x314, 0x345, 0x4, 0x391, 0x313,
        0x300, 0x345, 0x4, 0x391, 0x314, 0x300, 0x345, 0x4, 0x391, 0x313, 0x301, 0x345,
        0x4, 0x391, 0x314, 0x301, 0x345, 0x4, 0x391, 0x313, 0x342, 0x345, 0x4, 0x391,
        0x314, 0x342, 0x345, 0x3, 0x3b7, 0x313, 0x345, 0x3, 0x3b7, 0x314, 0x345, 0x4,
        0x3b7, 0x313, 0x300, 0x345, 0x4, 0x3b7, 0x314, 0x300, 0x345, 0x4, 0x3b7, 0x313,
        0x301, 0x345, 0x4, 0x3b7, 0x314, 0x301, 0x345, 0x4, 0x3b7, 0x313, 0x342, 0x345,
        0x4, 0x3b7, 0x314, 0x342, 0x345, 0x3, 0x397, 0x313, 0x345, 0x3, 0x397, 0x314,
        0x345, 0x4, 0x397, 0x313, 0x300, 0x345, 0x4, 0x397, 0x314, 0x300, 0x345, 0x4,
        0x397, 0x313, 0x301, 0x345, 0x4, 0x397, 0x314, 0x301, 0x345, 0x4, 0x397, 0x313,
        0x342, 0x345, 0x4, 0x397, 0x314, 0x342, 0x345, 0x3, 0x3c9, 0x313, 0x345, 0x3,
        0x3c9, 0x314, 0x345, 0x4, 0x3c9, 0x313, 0x300, 0x345, 0x4, 0x3c9, 0x314, 0x300,
        0x345, 0x4, 0x3c9, 0x313, 0x301, 0x345, 0x4, 0x3c9, 0x314, 0x301, 0x345, 0x4,
        0x3c9, 0x313, 0x342, 0x345, 0x4, 0x3c9, 0x314, 0x342, 0x345, 0x3, 0x3a9, 0x313,
        0x345, 0x3, 0x3a9, 0x314, 0x345, 0x4, 0x3a9, 0x313, 0x300, 0x345, 0x4, 0x3a9,
        0x314, 0x300, 0x345, 0x4, 0x3a9, 0x313, 0x301, 0x345, 0x4, 0x3a9, 0x314, 0x301,
        0x345, 0x4, 0x3a9, 0x313, 0x342, 0x345, 0x4, 0x3a9, 0x314, 0x342, 0x345, 0x2,
        0x3b1, 0x306, 0x2, 0x3b1, 0x304, 0x3, 0x3b1, 0x300, 0x345, 0x2, 0x3b1, 0x345,
        0x3, 0x3b1, 0x301, 0x345, 0x2, 0x3b1, 0x342, 0x3, 0x3b1, 0x342, 0x345, 0x2,
        0x391, 0x306, 0x2, 0x391, 0x304, 0x2, 0x391, 0x300, 0x2, 0x391, 0x301, 0x2,
        0x391, 0x345, 0x1, 0x3b9, 0x2, 0xa8, 0x342, 0x3, 0x3b7, 0x300, 0x345, 0x2,
        0x3b7, 0x345, 0x3, 0x3b7, 0x301, 0x345, 0x2, 0x3b7, 0x342, 0x3, 0x3b7, 0x342,
        0x345, 0x2, 0x395, 0x300, 0x2, 0x395, 0x301, 0x2, 0x397, 0x300, 0x2, 0x397,
        0x301, 0x2, 0x397, 0x345, 0x2, 0x1fbf, 0x300, 0x2, 0x1fbf, 0x301, 0x2, 0x1fbf,
        0x342, 0x2, 0x3b9, 0x306, 0x2, 0x3b9, 0x304, 0x3, 0x3b9, 0x308, 0x300, 0x3,
        0x3b9, 0x308, 0x301, 0x2, 0x3b9, 0x342, 0x3, 0x3b9, 0x308, 0x342, 0x2, 0x399,
        0x306, 0x2, 0x399, 0x304, 0x2, 0x399, 0x300, 0x2, 0x399, 0x301, 0x2, 0x1ffe,
        0x300, 0x2, 0x1ffe, 0x301, 0x2, 0x1ffe, 0x342, 0x2, 0x3c5, 0x306, 0x2, 0x3c5,
        0x304, 0x3, 0x3c5, 0x308, 0x300, 0x3, 0x3c5, 0x308, 0x301, 0x2, 0x3c1, 0x313,
        0x2, 0x3c1, 0x314, 0x2, 0x3c5, 0x342, 0x3, 0x3c5, 0x308, 0x342, 0x2, 0x3a5,
        0x306, 0x2, 0x3a5, 0x304, 0x2, 0x3a5, 0x300, 0x2, 0x3a5, 0x301, 0x2, 0x3a1,
        0x314, 0x2, 0xa8, 0x300, 0x2, 0xa8, 0x301, 0x1, 0x60, 0x3, 0x3c9, 0x300,
        0x345, 0x2, 0x3c9, 0x345, 0x3, 0x3c9, 0x301, 0x345, 0x2, 0x3c9, 0x342, 0x3,
        0x3c9, 0x342, 0x345, 0x2, 0x39f, 0x300, 0x2, 0x39f, 0x301, 0x2, 0x3a9, 0x300,
        0x2, 0x3a9, 0x301, 0x2, 0x3a9, 0x345, 0x1, 0xb4, 0x1, 0x2002, 0x1, 0x2003,
        0x1, 0x3a9, 0x1, 0x4b, 0x2, 0x41, 0x30a, 0x2, 0x2190, 0x338, 0x2, 0x2192,
        0x338, 0x2, 0x2194, 0x338, 0x2, 0x21d0, 0x338, 0x2, 0x21d4, 0x338, 0x2, 0x21d2,
        0x338, 0x2, 0x2203, 0x338, 0x2, 0x2208, 0x338, 0x2, 0x220b, 0x338, 0x2, 0x2223,
        0x338, 0x2, 0x2225, 0x338, 0x2, 0x223c, 0x338, 0x2, 0x2243, 0x338, 0x2, 0x2245,
        0x338, 0x2, 0x2248, 0x338, 0x2, 0x3d, 0x338, 0x2, 0x2261, 0x338, 0x2, 0x224d,
        0x338, 0x2, 0x3c, 0x338, 0x2, 0x3e, 0x338, 0x2, 0x2264, 0x338, 0x2, 0x2265,
        0x338, 0x2, 0x2272, 0x338, 0x2, 0x2273, 0x338, 0x2, 0x2276, 0x338, 0x2, 0x2277,
        0x338, 0x2, 0x227a, 0x338, 0x2, 0x227b, 0x338, 0x2, 0x2282, 0x338, 0x2, 0x2283,
        0x338, 0x2, 0x2286, 0x338, 0x2, 0x2287, 0x338, 0x2, 0x22a2, 0x338, 0x2, 0x22a8,
        0x338, 0x2, 0x22a9, 0x338, 0x2, 0x22ab, 0x338, 0x2, 0x227c, 0x338, 0x2, 0x227d,
        0x338, 0x2, 0x2291, 0x338, 0x2, 0x2292, 0x338, 0x2, 0x22b2, 0x338, 0x2, 0x22b3,
        0x338, 0x2, 0x22b4, 0x338, 0x2, 0x22b5, 0x338, 0x1, 0x3008, 0x1, 0x3009, 0x2,
        0x2add, 0x338, 0x2, 0x304b, 0x3099, 0x2, 0x304d, 0x3099, 0x2, 0x304f, 0x3099, 0x2,
        0x3051, 0x3099, 0x2, 0x3053, 0x3099, 0x2, 0x3055, 0x3099, 0x2, 0x3057, 0x3099, 0x2,
        0x3059, 0x3099, 0x2, 0x305b, 0x3099, 0x2, 0x305d, 0x3099, 0x2, 0x305f, 0x3099, 0x2,
        0x3061, 0x3099, 0x2, 0x3064, 0x3099, 0x2, 0x3066, 0x3099, 0x2, 0x3068, 0x3099, 0x2,
        0x306f, 0x3099, 0x2, 0x306f, 0x309a, 0x2, 0x3072, 0x3099, 0x2, 0x3072, 0x309a, 0x2,
        0x3075, 0x3099, 0x2, 0x3075, 0x309a, 0x2, 0x3078, 0x3099, 0x2, 0x3078, 0x309a, 0x2,
        0x307b, 0x3099, 0x2, 0x307b, 0x309a, 0x2, 0x3046, 0x3099, 0x2, 0x309d, 0x3099, 0x2,
        0x30ab, 0x3099, 0x2, 0x30ad, 0x3099, 0x2, 0x30af, 0x3099, 0x2, 0x30b1, 0x3099, 0x2,
        0x30b3, 0x3099, 0x2, 0x30b5, 0x3099, 0x2, 0x30b7, 0x3099, 0x2, 0x30b9, 0x3099, 0x2,
        0x30bb, 0x3099, 0x2, 0x30bd, 0x3099, 0x2, 0x30bf, 0x3099, 0x2, 0x30c1, 0x3099, 0x2,
        0x30c4, 0x3099, 0x2, 0x30c6, 0x3099, 0x2, 0x30c8, 0x3099, 0x2, 0x30cf, 0x3099, 0x2,
        0x30cf, 0x309a, 0x2, 0x30d2, 0x3099, 0x2, 0x30d2, 0x309a, 0x2, 0x30d5, 0x3099, 0x2,
        0x30d5, 0x309a, 0x2, 0x30d8, 0x3099, 0x2, 0x30d8, 0x309a, 0x2, 0x30db, 0x3099, 0x2,
        0x30db, 0x309a, 0x2, 0x30a6, 0x3099, 0x2, 0x30ef, 0x3099, 0x2, 0x30f0, 0x3099, 0x2,
        0x30f1, 0x3099, 0x2, 0x30f2, 0x3099, 0x2, 0x30fd, 0x3099, 0x1, 0x8c48, 0x1, 0x66f4,
        0x1, 0x8eca, 0x1, 0x8cc8, 0x1, 0x6ed1, 0x1, 0x4e32, 0x1, 0x53e5, 0x1, 0x9f9c,
        0x1, 0x9f9c, 0x1, 0x5951, 0x1, 0x91d1, 0x1, 0x5587, 0x1, 0x5948, 0x1, 0x61f6,
        0x1, 0x7669, 0x1, 0x7f85, 0x1, 0x863f, 0x1, 0x87ba, 0x1, 0x88f8, 0x1, 0x908f,
        0x1, 0x6a02, 0x1, 0x6d1b, 0x1, 0x70d9, 0x1, 0x73de, 0x1, 0x843d, 0x1, 0x916a,
        0x1, 0x99f1, 0x1, 0x4e82, 0x1, 0x5375, 0x1, 0x6b04, 0x1, 0x721b, 0x1, 0x862d,
        0x1, 0x9e1e, 0x1, 0x5d50, 0x1, 0x6feb, 0x1, 0x85cd, 0x1, 0x8964, 0x1, 0x62c9,
        0x1, 0x81d8, 0x1, 0x881f, 0x1, 0x5eca, 0x1, 0x6717, 0x1, 0x6d6a, 0x1, 0x72fc,
        0x1, 0x90ce, 0x1, 0x4f86, 0x1, 0x51b7, 0x1, 0x52de, 0x1, 0x64c4, 0x1, 0x6ad3,
        0x1, 0x7210, 0x1, 0x76e7, 0x1, 0x8001, 0x1, 0x8606, 0x1, 0x865c, 0x1, 0x8def,
        0x1, 0x9732, 0x1, 0x9b6f, 0x1, 0x9dfa, 0x1, 0x788c, 0x1, 0x797f, 0x1, 0x7da0,
        0x1, 0x83c9, 0x1, 0x9304, 0x1, 0x9e7f, 0x1, 0x8ad6, 0x1, 0x58df, 0x1, 0x5f04,
        0x1, 0x7c60, 0x1, 0x807e, 0x1, 0x7262, 0x1, 0x78ca, 0x1, 0x8cc2, 0x1, 0x96f7,
        0x1, 0x58d8, 0x1, 0x5c62, 0x1, 0x6a13, 0x1, 0x6dda, 0x1, 0x6f0f, 0x1, 0x7d2f,
        0x1, 0x7e37, 0x1, 0x964b, 0x1, 0x52d2, 0x1, 0x808b, 0x1, 0x51dc, 0x1, 0x51cc,
        0x1, 0x7a1c, 0x1, 0x7dbe, 0x1, 0x83f1, 0x1, 0x9675, 0x1, 0x8b80, 0x1, 0x62cf,
        0x1, 0x6a02, 0x1, 0x8afe, 0x1, 0x4e39, 0x1, 0x5be7, 0x1, 0x6012, 0x1, 0x7387,
        0x1, 0x7570, 0x1, 0x5317, 0x1, 0x78fb, 0x1, 0x4fbf, 0x1, 0x5fa9, 0x1, 0x4e0d,
        0x1, 0x6ccc, 0x1, 0x6578, 0x1, 0x7d22, 0x1, 0x53c3, 0x1, 0x585e, 0x1, 0x7701,
        0x1, 0x8449, 0x1, 0x8aaa, 0x1, 0x6bba, 0x1, 0x8fb0, 0x1, 0x6c88, 0x1, 0x62fe,
        0x1, 0x82e5, 0x1, 0x63a0, 0x1, 0x7565, 0x1, 0x4eae, 0x1, 0x5169, 0x1, 0x51c9,
        0x1, 0x6881, 0x1, 0x7ce7, 0x1, 0x826f, 0x1, 0x8ad2, 0x1, 0x91cf, 0x1, 0x52f5,
        0x1, 0x5442, 0x1, 0x5973, 0x1, 0x5eec, 0x1, 0x65c5, 0x1, 0x6ffe, 0x1, 0x792a,
        0x1, 0x95ad, 0x1, 0x9a6a, 0x1, 0x9e97, 0x1, 0x9ece, 0x1, 0x529b, 0x1, 0x66c6,
        0x1, 0x6b77, 0x1, 0x8f62, 0x1, 0x5e74, 0x1, 0x6190, 0x1, 0x6200, 0x1, 0x649a,
        0x1, 0x6f23, 0x1, 0x7149, 0x1, 0x7489, 0x1, 0x79ca, 0x1, 0x7df4, 0x1, 0x806f,
        0x1, 0x8f26, 0x1, 0x84ee, 0x1, 0x9023, 0x1, 0x934a, 0x1, 0x5217, 0x1, 0x52a3,
        0x1, 0x54bd, 0x1, 0x70c8, 0x1, 0x88c2, 0x1, 0x8aaa, 0x1, 0x5ec9, 0x1, 0x5ff5,
        0x1, 0x637b, 0x1, 0x6bae, 0x1, 0x7c3e, 0x1, 0x7375, 0x1, 0x4ee4, 0x1, 0x56f9,
        0x1, 0x5be7, 0x1, 0x5dba, 0x1, 0x601c, 0x1, 0x73b2, 0x1, 0x7469, 0x1, 0x7f9a,
        0x1, 0x8046, 0x1, 0x9234, 0x1, 0x96f6, 0x1, 0x9748, 0x1, 0x9818, 0x1, 0x4f8b,
        0x1, 0x79ae, 0x1, 0x91b4, 0x1, 0x96b8, 0x1, 0x60e1, 0x1, 0x4e86, 0x1, 0x50da,
        0x1, 0x5bee, 0x1, 0x5c3f, 0x1, 0x6599, 0x1, 0x6a02, 0x1, 0x71ce, 0x1, 0x7642,
        0x1, 0x84fc, 0x1, 0x907c, 0x1, 0x9f8d, 0x1, 0x6688, 0x1, 0x962e, 0x1, 0x5289,
        0x1, 0x677b, 0x1, 0x67f3, 0x1, 0x6d41, 0x1, 0x6e9c, 0x1, 0x7409, 0x1, 0x7559,
        0x1, 0x786b, 0x1, 0x7d10, 0x1, 0x985e, 0x1, 0x516d, 0x1, 0x622e, 0x1, 0x9678,
        0x1, 0x502b, 0x1, 0x5d19, 0x1, 0x6dea, 0x1, 0x8f2a, 0x1, 0x5f8b, 0x1, 0x6144,
        0x1, 0x6817, 0x1, 0x7387, 0x1, 0x9686, 0x1, 0x5229, 0x1, 0x540f, 0x1, 0x5c65,
        0x1, 0x6613, 0x1, 0x674e, 0x1, 0x68a8, 0x1, 0x6ce5, 0x1, 0x7406, 0x1, 0x75e2,
        0x1, 0x7f79, 0x1, 0x88cf, 0x1, 0x88e1, 0x1, 0x91cc, 0x1, 0x96e2, 0x1, 0x533f,
        0x1, 0x6eba, 0x1, 0x541d, 0x1, 0x71d0, 0x1, 0x7498, 0x1, 0x85fa, 0x1, 0x96a3,
        0x1, 0x9c57, 0x1, 0x9e9f, 0x1, 0x6797, 0x1, 0x6dcb, 0x1, 0x81e8, 0x1, 0x7acb,
        0x1, 0x7b20, 0x1, 0x7c92, 0x1, 0x72c0, 0x1, 0x7099, 0x1, 0x8b58, 0x1, 0x4ec0,
        0x1, 0x8336, 0x1, 0x523a, 0x1, 0x5207, 0x1, 0x5ea6, 0x1, 0x62d3, 0x1, 0x7cd6,
        0x1, 0x5b85, 0x1, 0x6d1e, 0x1, 0x66b4, 0x1, 0x8f3b, 0x1, 0x884c, 0x1, 0x964d,
        0x1, 0x898b, 0x1, 0x5ed3, 0x1, 0x5140, 0x1, 0x55c0, 0x1, 0x585a, 0x1, 0x6674,
        0x1, 0x51de, 0x1, 0x732a, 0x1, 0x76ca, 0x1, 0x793c, 0x1, 0x795e, 0x1, 0x7965,
        0x1, 0x798f, 0x1, 0x9756, 0x1, 0x7cbe, 0x1, 0x7fbd, 0x1, 0x8612, 0x1, 0x8af8,
        0x1, 0x9038, 0x1, 0x90fd, 0x1, 0x98ef, 0x1, 0x98fc, 0x1, 0x9928, 0x1, 0x9db4,
        0x1, 0x90de, 0x1, 0x96b7, 0x1, 0x4fae, 0x1, 0x50e7, 0x1, 0x514d, 0x1, 0x52c9,
        0x1, 0x52e4, 0x1, 0x5351, 0x1, 0x559d, 0x1, 0x5606, 0x1, 0x5668, 0x1, 0x5840,
        0x1, 0x58a8, 0x1, 0x5c64, 0x1, 0x5c6e, 0x1, 0x6094, 0x1, 0x6168, 0x1, 0x618e,
        0x1, 0x61f2, 0x1, 0x654f, 0x1, 0x65e2, 0x1, 0x6691, 0x1, 0x6885, 0x1, 0x6d77,
        0x1, 0x6e1a, 0x1, 0x6f22, 0x1, 0x716e, 0x1, 0x722b, 0x1, 0x7422, 0x1, 0x7891,
        0x1, 0x793e, 0x1, 0x7949, 0x1, 0x7948, 0x1, 0x7950, 0x1, 0x7956, 0x1, 0x795d,
        0x1, 0x798d, 0x1, 0x798e, 0x1, 0x7a40, 0x1, 0x7a81, 0x1, 0x7bc0, 0x1, 0x7df4,
        0x1, 0x7e09, 0x1, 0x7e41, 0x1, 0x7f72, 0x1, 0x8005, 0x1, 0x81ed, 0x1, 0x8279,
        0x1, 0x8279, 0x1, 0x8457, 0x1, 0x8910, 0x1, 0x8996, 0x1, 0x8b01, 0x1, 0x8b39,
        0x1, 0x8cd3, 0x1, 0x8d08, 0x1, 0x8fb6, 0x1, 0x9038, 0x1, 0x96e3, 0x1, 0x97ff,
        0x1, 0x983b, 0x1, 0x6075, 0x1, 0x242ee, 0x1, 0x8218, 0x1, 0x4e26, 0x1, 0x51b5,
        0x1, 0x5168, 0x1, 0x4f80, 0x1, 0x5145, 0x1, 0x5180, 0x1, 0x52c7, 0x1, 0x52fa,
        0x1, 0x559d, 0x1, 0x5555, 0x1, 0x5599, 0x1, 0x55e2, 0x1, 0x585a, 0x1, 0x58b3,
        0x1, 0x5944, 0x1, 0x5954, 0x1, 0x5a62, 0x1, 0x5b28, 0x1, 0x5ed2, 0x1, 0x5ed9,
        0x1, 0x5f69, 0x1, 0x5fad, 0x1, 0x60d8, 0x1, 0x614e, 0x1, 0x6108, 0x1, 0x618e,
        0x1, 0x6160, 0x1, 0x61f2, 0x1, 0x6234, 0x1, 0x63c4, 0x1, 0x641c, 0x1, 0x6452,
        0x1, 0x6556, 0x1, 0x6674, 0x1, 0x6717, 0x1, 0x671b, 0x1, 0x6756, 0x1, 0x6b79,
        0x1, 0x6bba, 0x1, 0x6d41, 0x1, 0x6edb, 0x1, 0x6ecb, 0x1, 0x6f22, 0x1, 0x701e,
        0x1, 0x716e, 0x1, 0x77a7, 0x1, 0x7235, 0x1, 0x72af, 0x1, 0x732a, 0x1, 0x7471,
        0x1, 0x7506, 0x1, 0x753b, 0x1, 0x761d, 0x1, 0x761f, 0x1, 0x76ca, 0x1, 0x76db,
        0x1, 0x76f4, 0x1, 0x774a, 0x1, 0x7740, 0x1, 0x78cc, 0x1, 0x7ab1, 0x1, 0x7bc0,
        0x1, 0x7c7b, 0x1, 0x7d5b, 0x1, 0x7df4, 0x1, 0x7f3e, 0x1, 0x8005, 0x1, 0x8352,
        0x1, 0x83ef, 0x1, 0x8779, 0x1, 0x8941, 0x1, 0x8986, 0x1, 0x8996, 0x1, 0x8abf,
        0x1, 0x8af8, 0x1, 0x8acb, 0x1, 0x8b01, 0x1, 0x8afe, 0x1, 0x8aed, 0x1, 0x8b39,
        0x1, 0x8b8a, 0x1, 0x8d08, 0x1, 0x8f38, 0x1, 0x9072, 0x1, 0x9199, 0x1, 0x9276,
        0x1, 0x967c, 0x1, 0x96e3, 0x1, 0x9756, 0x1, 0x97db, 0x1, 0x97ff, 0x1, 0x980b,
        0x1, 0x983b, 0x1, 0x9b12, 0x1, 0x9f9c, 0x1, 0x2284a, 0x1, 0x22844, 0x1, 0x233d5,
        0x1, 0x3b9d, 0x1, 0x4018, 0x1, 0x4039, 0x1, 0x25249, 0x1, 0x25cd0, 0x1, 0x27ed3,
        0x1, 0x9f43, 0x1, 0x9f8e, 0x2, 0x5d9, 0x5b4, 0x2, 0x5f2, 0x5b7, 0x2, 0x5e9,
        0x5c1, 0x2, 0x5e9, 0x5c2, 0x3, 0x5e9, 0x5bc, 0x5c1, 0x3, 0x5e9, 0x5bc, 0x5c2,
        0x2, 0x5d0, 0x5b7, 0x2, 0x5d0, 0x5b8, 0x2, 0x5d0, 0x5bc, 0x2, 0x5d1, 0x5bc,
        0x2, 0x5d2, 0x5bc, 0x2, 0x5d3, 0x5bc, 0x2, 0x5d4, 0x5bc, 0x2, 0x5d5, 0x5bc,
        0x2, 0x5d6, 0x5bc, 0x2, 0x5d8, 0x5bc, 0x2, 0x5d9, 0x5bc, 0x2, 0x5da, 0x5bc,
        0x2, 0x5db, 0x5bc, 0x2, 0x5dc, 0x5bc, 0x2, 0x5de, 0x5bc, 0x2, 0x5e0, 0x5bc,
        0x2, 0x5e1, 0x5bc, 0x2, 0x5e3, 0x5bc, 0x2, 0x5e4, 0x5bc, 0x2, 0x5e6, 0x5bc,
        0x2, 0x5e7, 0x5bc, 0x2, 0x5e8, 0x5bc, 0x2, 0x5e9, 0x5bc, 0x2, 0x5ea, 0x5bc,
        0x2, 0x5d5, 0x5b9, 0x2, 0x5d1, 0x5bf, 0x2, 0x5db, 0x5bf, 0x2, 0x5e4, 0x5bf,
        0x2, 0x105d2, 0x307, 0x2, 0x105da, 0x307, 0x2, 0x11099, 0x110ba, 0x2, 0x1109b, 0x110ba,
        0x2, 0x110a5, 0x110ba, 0x2, 0x11131, 0x11127, 0x2, 0x11132, 0x11127, 0x2, 0x11347, 0x1133e,
        0x2, 0x11347, 0x11357, 0x2, 0x11382, 0x113c9, 0x2, 0x11384, 0x113bb, 0x2, 0x1138b, 0x113c2,
        0x2, 0x11390, 0x113c9, 0x2, 0x113c2, 0x113c2, 0x2, 0x113c2, 0x113b8, 0x2, 0x113c2, 0x113c9,
        0x2, 0x114b9, 0x114ba, 0x2, 0x114b9, 0x114b0, 0x2, 0x114b9, 0x114bd, 0x2, 0x115b8, 0x115af,
        0x2, 0x115b9, 0x115af, 0x2, 0x11935, 0x11930, 0x2, 0x1611e, 0x1611e, 0x2, 0x1611e, 0x16129,
        0x2, 0x1611e, 0x1611f, 0x2, 0x16129, 0x1611f, 0x2, 0x1611e, 0x16120, 0x3, 0x1611e, 0x1611e,
        0x1611f, 0x3, 0x1611e, 0x16129, 0x1611f, 0x3, 0x1611e, 0x1611e, 0x16120, 0x2, 0x16d67, 0x16d67,
        0x2, 0x16d63, 0x16d67, 0x3, 0x16d63, 0x16d67, 0x16d67, 0x2, 0x1d157, 0x1d165, 0x2, 0x1d158,
        0x1d165, 0x3, 0x1d158, 0x1d165, 0x1d16e, 0x3, 0x1d158, 0x1d165, 0x1d16f, 0x3, 0x1d158, 0x1d165,
        0x1d170, 0x3, 0x1d158, 0x1d165, 0x1d171, 0x3, 0x1d158, 0x1d165, 0x1d172, 0x2, 0x1d1b9, 0x1d165,
        0x2, 0x1d1ba, 0x1d165, 0x3, 0x1d1b9, 0x1d165, 0x1d16e, 0x3, 0x1d1ba, 0x1d165, 0x1d16e, 0x3,
        0x1d1b9, 0x1d165, 0x1d16f, 0x3, 0x1d1ba, 0x1d165, 0x1d16f, 0x1, 0x4e3d, 0x1, 0x4e38, 0x1,
        0x4e41, 0x1, 0x20122, 0x1, 0x4f60, 0x1, 0x4fae, 0x1, 0x4fbb, 0x1, 0x5002, 0x1,
        0x507a, 0x1, 0x5099, 0x1, 0x50e7, 0x1, 0x50cf, 0x1, 0x349e, 0x1, 0x2063a, 0x1,
        0x514d, 0x1, 0x5154, 0x1, 0x5164, 0x1, 0x5177, 0x1, 0x2051c, 0x1, 0x34b9, 0x1,
        0x5167, 0x1, 0x518d, 0x1, 0x2054b, 0x1, 0x5197, 0x1, 0x51a4, 0x1, 0x4ecc, 0x1,
        0x51ac, 0x1, 0x51b5, 0x1, 0x291df, 0x1, 0x51f5, 0x1, 0x5203, 0x1, 0x34df, 0x1,
        0x523b, 0x1, 0x5246, 0x1, 0x5272, 0x1, 0x5277, 0x1, 0x3515, 0x1, 0x52c7, 0x1,
        0x52c9, 0x1, 0x52e4, 0x1, 0x52fa, 0x1, 0x5305, 0x1, 0x5306, 0x1, 0x5317, 0x1,
        0x5349, 0x1, 0x5351, 0x1, 0x535a, 0x1, 0x5373, 0x1, 0x537d, 0x1, 0x537f, 0x1,
        0x537f, 0x1, 0x537f, 0x1, 0x20a2c, 0x1, 0x7070, 0x1, 0x53ca, 0x1, 0x53df, 0x1,
        0x20b63, 0x1, 0x53eb, 0x1, 0x53f1, 0x1, 0x5406, 0x1, 0x549e, 0x1, 0x5438, 0x1,
        0x5448, 0x1, 0x5468, 0x1, 0x54a2, 0x1, 0x54f6, 0x1, 0x5510, 0x1, 0x5553, 0x1,
        0x5563, 0x1, 0x5584, 0x1, 0x5584, 0x1, 0x5599, 0x1, 0x55ab, 0x1, 0x55b3, 0x1,
        0x55c2, 0x1, 0x5716, 0x1, 0x5606, 0x1, 0x5717, 0x1, 0x5651, 0x1, 0x5674, 0x1,
        0x5207, 0x1, 0x58ee, 0x1, 0x57ce, 0x1, 0x57f4, 0x1, 0x580d, 0x1, 0x578b, 0x1,
        0x5832, 0x1, 0x5831, 0x1, 0x58ac, 0x1, 0x214e4, 0x1, 0x58f2, 0x1, 0x58f7, 0x1,
        0x5906, 0x1, 0x591a, 0x1, 0x5922, 0x1, 0x5962, 0x1, 0x216a8, 0x1, 0x216ea, 0x1,
        0x59ec, 0x1, 0x5a1b, 0x1, 0x5a27, 0x1, 0x59d8, 0x1, 0x5a66, 0x1, 0x36ee, 0x1,
        0x36fc, 0x1, 0x5b08, 0x1, 0x5b3e, 0x1, 0x5b3e, 0x1, 0x219c8, 0x1, 0x5bc3, 0x1,
        0x5bd8, 0x1, 0x5be7, 0x1, 0x5bf3, 0x1, 0x21b18, 0x1, 0x5bff, 0x1, 0x5c06, 0x1,
        0x5f53, 0x1, 0x5c22, 0x1, 0x3781, 0x1, 0x5c60, 0x1, 0x5c6e, 0x1, 0x5cc0, 0x1,
        0x5c8d, 0x1, 0x21de4, 0x1, 0x5d43, 0x1, 0x21de6, 0x1, 0x5d6e, 0x1, 0x5d6b, 0x1,
        0x5d7c, 0x1, 0x5de1, 0x1, 0x5de2, 0x1, 0x382f, 0x1, 0x5dfd, 0x1, 0x5e28, 0x1,
        0x5e3d, 0x1, 0x5e69, 0x1, 0x3862, 0x1, 0x22183, 0x1, 0x387c, 0x1, 0x5eb0, 0x1,
        0x5eb3, 0x1, 0x5eb6, 0x1, 0x5eca, 0x1, 0x2a392, 0x1, 0x5efe, 0x1, 0x22331, 0x1,
        0x22331, 0x1, 0x8201, 0x1, 0x5f22, 0x1, 0x5f22, 0x1, 0x38c7, 0x1, 0x232b8, 0x1,
        0x261da, 0x1, 0x5f62, 0x1, 0x5f6b, 0x1, 0x38e3, 0x1, 0x5f9a, 0x1, 0x5fcd, 0x1,
        0x5fd7, 0x1, 0x5ff9, 0x1, 0x6081, 0x1, 0x393a, 0x1, 0x391c, 0x1, 0x6094, 0x1,
        0x226d4, 0x1, 0x60c7, 0x1, 0x6148, 0x1, 0x614c, 0x1, 0x614e, 0x1, 0x614c, 0x1,
        0x617a, 0x1, 0x618e, 0x1, 0x61b2, 0x1, 0x61a4, 0x1, 0x61af, 0x1, 0x61de, 0x1,
        0x61f2, 0x1, 0x61f6, 0x1, 0x6210, 0x1, 0x621b, 0x1, 0x625d, 0x1, 0x62b1, 0x1,
        0x62d4, 0x1, 0x6350, 0x1, 0x22b0c, 0x1, 0x633d, 0x1, 0x62fc, 0x1, 0x6368, 0x1,
        0x6383, 0x1, 0x63e4, 0x1, 0x22bf1, 0x1, 0x6422, 0x1, 0x63c5, 0x1, 0x63a9, 0x1,
        0x3a2e, 0x1, 0x6469, 0x1, 0x647e, 0x1, 0x649d, 0x1, 0x6477, 0x1, 0x3a6c, 0x1,
        0x654f, 0x1, 0x656c, 0x1, 0x2300a, 0x1, 0x65e3, 0x1, 0x66f8, 0x1, 0x6649, 0x1,
        0x3b19, 0x1, 0x6691, 0x1, 0x3b08, 0x1, 0x3ae4, 0x1, 0x5192, 0x1, 0x5195, 0x1,
        0x6700, 0x1, 0x669c, 0x1, 0x80ad, 0x1, 0x43d9, 0x1, 0x6717, 0x1, 0x671b, 0x1,
        0x6721, 0x1, 0x675e, 0x1, 0x6753, 0x1, 0x233c3, 0x1, 0x3b49, 0x1, 0x67fa, 0x1,
        0x6785, 0x1, 0x6852, 0x1, 0x6885, 0x1, 0x2346d, 0x1, 0x688e, 0x1, 0x681f, 0x1,
        0x6914, 0x1, 0x3b9d, 0x1, 0x6942, 0x1, 0x69a3, 0x1, 0x69ea, 0x1, 0x6aa8, 0x1,
        0x236a3, 0x1, 0x6adb, 0x1, 0x3c18, 0x1, 0x6b21, 0x1, 0x238a7, 0x1, 0x6b54, 0x1,
        0x3c4e, 0x1, 0x6b72, 0x1, 0x6b9f, 0x1, 0x6bba, 0x1, 0x6bbb, 0x1, 0x23a8d, 0x1,
        0x21d0b, 0x1, 0x23afa, 0x1, 0x6c4e, 0x1, 0x23cbc, 0x1, 0x6cbf, 0x1, 0x6ccd, 0x1,
        0x6c67, 0x1, 0x6d16, 0x1, 0x6d3e, 0x1, 0x6d77, 0x1, 0x6d41, 0x1, 0x6d69, 0x1,
        0x6d78, 0x1, 0x6d85, 0x1, 0x23d1e, 0x1, 0x6d34, 0x1, 0x6e2f, 0x1, 0x6e6e, 0x1,
        0x3d33, 0x1, 0x6ecb, 0x1, 0x6ec7, 0x1, 0x23ed1, 0x1, 0x6df9, 0x1, 0x6f6e, 0x1,
        0x23f5e, 0x1, 0x23f8e, 0x1, 0x6fc6, 0x1, 0x7039, 0x1, 0x701e, 0x1, 0x701b, 0x1,
        0x3d96, 0x1, 0x704a, 0x1, 0x707d, 0x1, 0x7077, 0x1, 0x70ad, 0x1, 0x20525, 0x1,
        0x7145, 0x1, 0x24263, 0x1, 0x719c, 0x1, 0x243ab, 0x1, 0x7228, 0x1, 0x7235, 0x1,
        0x7250, 0x1, 0x24608, 0x1, 0x7280, 0x1, 0x7295, 0x1, 0x24735, 0x1, 0x24814, 0x1,
        0x737a, 0x1, 0x738b, 0x1, 0x3eac, 0x1, 0x73a5, 0x1, 0x3eb8, 0x1, 0x3eb8, 0x1,
        0x7447, 0x1, 0x745c, 0x1, 0x7471, 0x1, 0x7485, 0x1, 0x74ca, 0x1, 0x3f1b, 0x1,
        0x7524, 0x1, 0x24c36, 0x1, 0x753e, 0x1, 0x24c92, 0x1, 0x7570, 0x1, 0x2219f, 0x1,
        0x7610, 0x1, 0x24fa1, 0x1, 0x24fb8, 0x1, 0x25044, 0x1, 0x3ffc, 0x1, 0x4008, 0x1,
        0x76f4, 0x1, 0x250f3, 0x1, 0x250f2, 0x1, 0x25119, 0x1, 0x25133, 0x1, 0x771e, 0x1,
        0x771f, 0x1, 0x771f, 0x1, 0x774a, 0x1, 0x4039, 0x1, 0x778b, 0x1, 0x4046, 0x1,
        0x4096, 0x1, 0x2541d, 0x1, 0x784e, 0x1, 0x788c, 0x1, 0x78cc, 0x1, 0x40e3, 0x1,
        0x25626, 0x1, 0x7956, 0x1, 0x2569a, 0x1, 0x256c5, 0x1, 0x798f, 0x1, 0x79eb, 0x1,
        0x412f, 0x1, 0x7a40, 0x1, 0x7a4a, 0x1, 0x7a4f, 0x1, 0x2597c, 0x1, 0x25aa7, 0x1,
        0x25aa7, 0x1, 0x7aee, 0x1, 0x4202, 0x1, 0x25bab, 0x1, 0x7bc6, 0x1, 0x7bc9, 0x1,
        0x4227, 0x1, 0x25c80, 0x1, 0x7cd2, 0x1, 0x42a0, 0x1, 0x7ce8, 0x1, 0x7ce3, 0x1,
        0x7d00, 0x1, 0x25f86, 0x1, 0x7d63, 0x1, 0x4301, 0x1, 0x7dc7, 0x1, 0x7e02, 0x1,
        0x7e45, 0x1, 0x4334, 0x1, 0x26228, 0x1, 0x26247, 0x1, 0x4359, 0x1, 0x262d9, 0x1,
        0x7f7a, 0x1, 0x2633e, 0x1, 0x7f95, 0x1, 0x7ffa, 0x1, 0x8005, 0x1, 0x264da, 0x1,
        0x26523, 0x1, 0x8060, 0x1, 0x265a8, 0x1, 0x8070, 0x1, 0x2335f, 0x1, 0x43d5, 0x1,
        0x80b2, 0x1, 0x8103, 0x1, 0x440b, 0x1, 0x813e, 0x1, 0x5ab5, 0x1, 0x267a7, 0x1,
        0x267b5, 0x1, 0x23393, 0x1, 0x2339c, 0x1, 0x8201, 0x1, 0x8204, 0x1, 0x8f9e, 0x1,
        0x446b, 0x1, 0x8291, 0x1, 0x828b, 0x1, 0x829d, 0x1, 0x52b3, 0x1, 0x82b1, 0x1,
        0x82b3, 0x1, 0x82bd, 0x1, 0x82e6, 0x1, 0x26b3c, 0x1, 0x82e5, 0x1, 0x831d, 0x1,
        0x8363, 0x1, 0x83ad, 0x1, 0x8323, 0x1, 0x83bd, 0x1, 0x83e7, 0x1, 0x8457, 0x1,
        0x8353, 0x1, 0x83ca, 0x1, 0x83cc, 0x1, 0x83dc, 0x1, 0x26c36, 0x1, 0x26d6b, 0x1,
        0x26cd5, 0x1, 0x452b, 0x1, 0x84f1, 0x1, 0x84f3, 0x1, 0x8516, 0x1, 0x273ca, 0x1,
        0x8564, 0x1, 0x26f2c, 0x1, 0x455d, 0x1, 0x4561, 0x1, 0x26fb1, 0x1, 0x270d2, 0x1,
        0x456b, 0x1, 0x8650, 0x1, 0x865c, 0x1, 0x8667, 0x1, 0x8669, 0x1, 0x86a9, 0x1,
        0x8688, 0x1, 0x870e, 0x1, 0x86e2, 0x1, 0x8779, 0x1, 0x8728, 0x1, 0x876b, 0x1,
        0x8786, 0x1, 0x45d7, 0x1, 0x87e1, 0x1, 0x8801, 0x1, 0x45f9, 0x1, 0x8860, 0x1,
        0x8863, 0x1, 0x27667, 0x1, 0x88d7, 0x1, 0x88de, 0x1, 0x4635, 0x1, 0x88fa, 0x1,
        0x34bb, 0x1, 0x278ae, 0x1, 0x27966, 0x1, 0x46be, 0x1, 0x46c7, 0x1, 0x8aa0, 0x1,
        0x8aed, 0x1, 0x8b8a, 0x1, 0x8c55, 0x1, 0x27ca8, 0x1, 0x8cab, 0x1, 0x8cc1, 0x1,
        0x8d1b, 0x1, 0x8d77, 0x1, 0x27f2f, 0x1, 0x20804, 0x1, 0x8dcb, 0x1, 0x8dbc, 0x1,
        0x8df0, 0x1, 0x208de, 0x1, 0x8ed4, 0x1, 0x8f38, 0x1, 0x285d2, 0x1, 0x285ed, 0x1,
        0x9094, 0x1, 0x90f1, 0x1, 0x9111, 0x1, 0x2872e, 0x1, 0x911b, 0x1, 0x9238, 0x1,
        0x92d7, 0x1, 0x92d8, 0x1, 0x927c, 0x1, 0x93f9, 0x1, 0x9415, 0x1, 0x28bfa, 0x1,
        0x958b, 0x1, 0x4995, 0x1, 0x95b7, 0x1, 0x28d77, 0x1, 0x49e6, 0x1, 0x96c3, 0x1,
        0x5db2, 0x1, 0x9723, 0x1, 0x29145, 0x1, 0x2921a, 0x1, 0x4a6e, 0x1, 0x4a76, 0x1,
        0x97e0, 0x1, 0x2940a, 0x1, 0x4ab2, 0x1, 0x29496, 0x1, 0x980b, 0x1, 0x980b, 0x1,
        0x9829, 0x1, 0x295b6, 0x1, 0x98e2, 0x1, 0x4b33, 0x1, 0x9929, 0x1, 0x99a7, 0x1,
        0x99c2, 0x1, 0x99fe, 0x1, 0x4bce, 0x1, 0x29b30, 0x1, 0x9b12, 0x1, 0x9c40, 0x1,
        0x9cfd, 0x1, 0x4cce, 0x1, 0x4ced, 0x1, 0x9d67, 0x1, 0x2a0ce, 0x1, 0x4cf8, 0x1,
        0x2a105, 0x1, 0x2a20e, 0x1, 0x2a291, 0x1, 0x9ebb, 0x1, 0x4d56, 0x1, 0x9ef9, 0x1,
        0x9efe, 0x1, 0x9f05, 0x1, 0x9f0f, 0x1, 0x9f16, 0x1, 0x9f3b, 0x1, 0x2a600,
    ];
    private static ReadOnlySpan<int> CombiningClasses =>
    [
        0x300, 0xe6, 0x301, 0xe6, 0x302, 0xe6, 0x303, 0xe6, 0x304, 0xe6, 0x305, 0xe6,
        0x306, 0xe6, 0x307, 0xe6, 0x308, 0xe6, 0x309, 0xe6, 0x30a, 0xe6, 0x30b, 0xe6,
        0x30c, 0xe6, 0x30d, 0xe6, 0x30e, 0xe6, 0x30f, 0xe6, 0x310, 0xe6, 0x311, 0xe6,
        0x312, 0xe6, 0x313, 0xe6, 0x314, 0xe6, 0x315, 0xe8, 0x316, 0xdc, 0x317, 0xdc,
        0x318, 0xdc, 0x319, 0xdc, 0x31a, 0xe8, 0x31b, 0xd8, 0x31c, 0xdc, 0x31d, 0xdc,
        0x31e, 0xdc, 0x31f, 0xdc, 0x320, 0xdc, 0x321, 0xca, 0x322, 0xca, 0x323, 0xdc,
        0x324, 0xdc, 0x325, 0xdc, 0x326, 0xdc, 0x327, 0xca, 0x328, 0xca, 0x329, 0xdc,
        0x32a, 0xdc, 0x32b, 0xdc, 0x32c, 0xdc, 0x32d, 0xdc, 0x32e, 0xdc, 0x32f, 0xdc,
        0x330, 0xdc, 0x331, 0xdc, 0x332, 0xdc, 0x333, 0xdc, 0x334, 0x1, 0x335, 0x1,
        0x336, 0x1, 0x337, 0x1, 0x338, 0x1, 0x339, 0xdc, 0x33a, 0xdc, 0x33b, 0xdc,
        0x33c, 0xdc, 0x33d, 0xe6, 0x33e, 0xe6, 0x33f, 0xe6, 0x340, 0xe6, 0x341, 0xe6,
        0x342, 0xe6, 0x343, 0xe6, 0x344, 0xe6, 0x345, 0xf0, 0x346, 0xe6, 0x347, 0xdc,
        0x348, 0xdc, 0x349, 0xdc, 0x34a, 0xe6, 0x34b, 0xe6, 0x34c, 0xe6, 0x34d, 0xdc,
        0x34e, 0xdc, 0x350, 0xe6, 0x351, 0xe6, 0x352, 0xe6, 0x353, 0xdc, 0x354, 0xdc,
        0x355, 0xdc, 0x356, 0xdc, 0x357, 0xe6, 0x358, 0xe8, 0x359, 0xdc, 0x35a, 0xdc,
        0x35b, 0xe6, 0x35c, 0xe9, 0x35d, 0xea, 0x35e, 0xea, 0x35f, 0xe9, 0x360, 0xea,
        0x361, 0xea, 0x362, 0xe9, 0x363, 0xe6, 0x364, 0xe6, 0x365, 0xe6, 0x366, 0xe6,
        0x367, 0xe6, 0x368, 0xe6, 0x369, 0xe6, 0x36a, 0xe6, 0x36b, 0xe6, 0x36c, 0xe6,
        0x36d, 0xe6, 0x36e, 0xe6, 0x36f, 0xe6, 0x483, 0xe6, 0x484, 0xe6, 0x485, 0xe6,
        0x486, 0xe6, 0x487, 0xe6, 0x591, 0xdc, 0x592, 0xe6, 0x593, 0xe6, 0x594, 0xe6,
        0x595, 0xe6, 0x596, 0xdc, 0x597, 0xe6, 0x598, 0xe6, 0x599, 0xe6, 0x59a, 0xde,
        0x59b, 0xdc, 0x59c, 0xe6, 0x59d, 0xe6, 0x59e, 0xe6, 0x59f, 0xe6, 0x5a0, 0xe6,
        0x5a1, 0xe6, 0x5a2, 0xdc, 0x5a3, 0xdc, 0x5a4, 0xdc, 0x5a5, 0xdc, 0x5a6, 0xdc,
        0x5a7, 0xdc, 0x5a8, 0xe6, 0x5a9, 0xe6, 0x5aa, 0xdc, 0x5ab, 0xe6, 0x5ac, 0xe6,
        0x5ad, 0xde, 0x5ae, 0xe4, 0x5af, 0xe6, 0x5b0, 0xa, 0x5b1, 0xb, 0x5b2, 0xc,
        0x5b3, 0xd, 0x5b4, 0xe, 0x5b5, 0xf, 0x5b6, 0x10, 0x5b7, 0x11, 0x5b8, 0x12,
        0x5b9, 0x13, 0x5ba, 0x13, 0x5bb, 0x14, 0x5bc, 0x15, 0x5bd, 0x16, 0x5bf, 0x17,
        0x5c1, 0x18, 0x5c2, 0x19, 0x5c4, 0xe6, 0x5c5, 0xdc, 0x5c7, 0x12, 0x610, 0xe6,
        0x611, 0xe6, 0x612, 0xe6, 0x613, 0xe6, 0x614, 0xe6, 0x615, 0xe6, 0x616, 0xe6,
        0x617, 0xe6, 0x618, 0x1e, 0x619, 0x1f, 0x61a, 0x20, 0x64b, 0x1b, 0x64c, 0x1c,
        0x64d, 0x1d, 0x64e, 0x1e, 0x64f, 0x1f, 0x650, 0x20, 0x651, 0x21, 0x652, 0x22,
        0x653, 0xe6, 0x654, 0xe6, 0x655, 0xdc, 0x656, 0xdc, 0x657, 0xe6, 0x658, 0xe6,
        0x659, 0xe6, 0x65a, 0xe6, 0x65b, 0xe6, 0x65c, 0xdc, 0x65d, 0xe6, 0x65e, 0xe6,
        0x65f, 0xdc, 0x670, 0x23, 0x6d6, 0xe6, 0x6d7, 0xe6, 0x6d8, 0xe6, 0x6d9, 0xe6,
        0x6da, 0xe6, 0x6db, 0xe6, 0x6dc, 0xe6, 0x6df, 0xe6, 0x6e0, 0xe6, 0x6e1, 0xe6,
        0x6e2, 0xe6, 0x6e3, 0xdc, 0x6e4, 0xe6, 0x6e7, 0xe6, 0x6e8, 0xe6, 0x6ea, 0xdc,
        0x6eb, 0xe6, 0x6ec, 0xe6, 0x6ed, 0xdc, 0x711, 0x24, 0x730, 0xe6, 0x731, 0xdc,
        0x732, 0xe6, 0x733, 0xe6, 0x734, 0xdc, 0x735, 0xe6, 0x736, 0xe6, 0x737, 0xdc,
        0x738, 0xdc, 0x739, 0xdc, 0x73a, 0xe6, 0x73b, 0xdc, 0x73c, 0xdc, 0x73d, 0xe6,
        0x73e, 0xdc, 0x73f, 0xe6, 0x740, 0xe6, 0x741, 0xe6, 0x742, 0xdc, 0x743, 0xe6,
        0x744, 0xdc, 0x745, 0xe6, 0x746, 0xdc, 0x747, 0xe6, 0x748, 0xdc, 0x749, 0xe6,
        0x74a, 0xe6, 0x7eb, 0xe6, 0x7ec, 0xe6, 0x7ed, 0xe6, 0x7ee, 0xe6, 0x7ef, 0xe6,
        0x7f0, 0xe6, 0x7f1, 0xe6, 0x7f2, 0xdc, 0x7f3, 0xe6, 0x7fd, 0xdc, 0x816, 0xe6,
        0x817, 0xe6, 0x818, 0xe6, 0x819, 0xe6, 0x81b, 0xe6, 0x81c, 0xe6, 0x81d, 0xe6,
        0x81e, 0xe6, 0x81f, 0xe6, 0x820, 0xe6, 0x821, 0xe6, 0x822, 0xe6, 0x823, 0xe6,
        0x825, 0xe6, 0x826, 0xe6, 0x827, 0xe6, 0x829, 0xe6, 0x82a, 0xe6, 0x82b, 0xe6,
        0x82c, 0xe6, 0x82d, 0xe6, 0x859, 0xdc, 0x85a, 0xdc, 0x85b, 0xdc, 0x897, 0xe6,
        0x898, 0xe6, 0x899, 0xdc, 0x89a, 0xdc, 0x89b, 0xdc, 0x89c, 0xe6, 0x89d, 0xe6,
        0x89e, 0xe6, 0x89f, 0xe6, 0x8ca, 0xe6, 0x8cb, 0xe6, 0x8cc, 0xe6, 0x8cd, 0xe6,
        0x8ce, 0xe6, 0x8cf, 0xdc, 0x8d0, 0xdc, 0x8d1, 0xdc, 0x8d2, 0xdc, 0x8d3, 0xdc,
        0x8d4, 0xe6, 0x8d5, 0xe6, 0x8d6, 0xe6, 0x8d7, 0xe6, 0x8d8, 0xe6, 0x8d9, 0xe6,
        0x8da, 0xe6, 0x8db, 0xe6, 0x8dc, 0xe6, 0x8dd, 0xe6, 0x8de, 0xe6, 0x8df, 0xe6,
        0x8e0, 0xe6, 0x8e1, 0xe6, 0x8e3, 0xdc, 0x8e4, 0xe6, 0x8e5, 0xe6, 0x8e6, 0xdc,
        0x8e7, 0xe6, 0x8e8, 0xe6, 0x8e9, 0xdc, 0x8ea, 0xe6, 0x8eb, 0xe6, 0x8ec, 0xe6,
        0x8ed, 0xdc, 0x8ee, 0xdc, 0x8ef, 0xdc, 0x8f0, 0x1b, 0x8f1, 0x1c, 0x8f2, 0x1d,
        0x8f3, 0xe6, 0x8f4, 0xe6, 0x8f5, 0xe6, 0x8f6, 0xdc, 0x8f7, 0xe6, 0x8f8, 0xe6,
        0x8f9, 0xdc, 0x8fa, 0xdc, 0x8fb, 0xe6, 0x8fc, 0xe6, 0x8fd, 0xe6, 0x8fe, 0xe6,
        0x8ff, 0xe6, 0x93c, 0x7, 0x94d, 0x9, 0x951, 0xe6, 0x952, 0xdc, 0x953, 0xe6,
        0x954, 0xe6, 0x9bc, 0x7, 0x9cd, 0x9, 0x9fe, 0xe6, 0xa3c, 0x7, 0xa4d, 0x9,
        0xabc, 0x7, 0xacd, 0x9, 0xb3c, 0x7, 0xb4d, 0x9, 0xbcd, 0x9, 0xc3c, 0x7,
        0xc4d, 0x9, 0xc55, 0x54, 0xc56, 0x5b, 0xcbc, 0x7, 0xccd, 0x9, 0xd3b, 0x9,
        0xd3c, 0x9, 0xd4d, 0x9, 0xdca, 0x9, 0xe38, 0x67, 0xe39, 0x67, 0xe3a, 0x9,
        0xe48, 0x6b, 0xe49, 0x6b, 0xe4a, 0x6b, 0xe4b, 0x6b, 0xeb8, 0x76, 0xeb9, 0x76,
        0xeba, 0x9, 0xec8, 0x7a, 0xec9, 0x7a, 0xeca, 0x7a, 0xecb, 0x7a, 0xf18, 0xdc,
        0xf19, 0xdc, 0xf35, 0xdc, 0xf37, 0xdc, 0xf39, 0xd8, 0xf71, 0x81, 0xf72, 0x82,
        0xf74, 0x84, 0xf7a, 0x82, 0xf7b, 0x82, 0xf7c, 0x82, 0xf7d, 0x82, 0xf80, 0x82,
        0xf82, 0xe6, 0xf83, 0xe6, 0xf84, 0x9, 0xf86, 0xe6, 0xf87, 0xe6, 0xfc6, 0xdc,
        0x1037, 0x7, 0x1039, 0x9, 0x103a, 0x9, 0x108d, 0xdc, 0x135d, 0xe6, 0x135e, 0xe6,
        0x135f, 0xe6, 0x1714, 0x9, 0x1715, 0x9, 0x1734, 0x9, 0x17d2, 0x9, 0x17dd, 0xe6,
        0x18a9, 0xe4, 0x1939, 0xde, 0x193a, 0xe6, 0x193b, 0xdc, 0x1a17, 0xe6, 0x1a18, 0xdc,
        0x1a60, 0x9, 0x1a75, 0xe6, 0x1a76, 0xe6, 0x1a77, 0xe6, 0x1a78, 0xe6, 0x1a79, 0xe6,
        0x1a7a, 0xe6, 0x1a7b, 0xe6, 0x1a7c, 0xe6, 0x1a7f, 0xdc, 0x1ab0, 0xe6, 0x1ab1, 0xe6,
        0x1ab2, 0xe6, 0x1ab3, 0xe6, 0x1ab4, 0xe6, 0x1ab5, 0xdc, 0x1ab6, 0xdc, 0x1ab7, 0xdc,
        0x1ab8, 0xdc, 0x1ab9, 0xdc, 0x1aba, 0xdc, 0x1abb, 0xe6, 0x1abc, 0xe6, 0x1abd, 0xdc,
        0x1abf, 0xdc, 0x1ac0, 0xdc, 0x1ac1, 0xe6, 0x1ac2, 0xe6, 0x1ac3, 0xdc, 0x1ac4, 0xdc,
        0x1ac5, 0xe6, 0x1ac6, 0xe6, 0x1ac7, 0xe6, 0x1ac8, 0xe6, 0x1ac9, 0xe6, 0x1aca, 0xdc,
        0x1acb, 0xe6, 0x1acc, 0xe6, 0x1acd, 0xe6, 0x1ace, 0xe6, 0x1acf, 0xe6, 0x1ad0, 0xe6,
        0x1ad1, 0xe6, 0x1ad2, 0xe6, 0x1ad3, 0xe6, 0x1ad4, 0xe6, 0x1ad5, 0xe6, 0x1ad6, 0xe6,
        0x1ad7, 0xe6, 0x1ad8, 0xe6, 0x1ad9, 0xe6, 0x1ada, 0xe6, 0x1adb, 0xe6, 0x1adc, 0xe6,
        0x1add, 0xdc, 0x1ae0, 0xe6, 0x1ae1, 0xe6, 0x1ae2, 0xe6, 0x1ae3, 0xe6, 0x1ae4, 0xe6,
        0x1ae5, 0xe6, 0x1ae6, 0xdc, 0x1ae7, 0xe6, 0x1ae8, 0xe6, 0x1ae9, 0xe6, 0x1aea, 0xe6,
        0x1aeb, 0xea, 0x1b34, 0x7, 0x1b44, 0x9, 0x1b6b, 0xe6, 0x1b6c, 0xdc, 0x1b6d, 0xe6,
        0x1b6e, 0xe6, 0x1b6f, 0xe6, 0x1b70, 0xe6, 0x1b71, 0xe6, 0x1b72, 0xe6, 0x1b73, 0xe6,
        0x1baa, 0x9, 0x1bab, 0x9, 0x1be6, 0x7, 0x1bf2, 0x9, 0x1bf3, 0x9, 0x1c37, 0x7,
        0x1cd0, 0xe6, 0x1cd1, 0xe6, 0x1cd2, 0xe6, 0x1cd4, 0x1, 0x1cd5, 0xdc, 0x1cd6, 0xdc,
        0x1cd7, 0xdc, 0x1cd8, 0xdc, 0x1cd9, 0xdc, 0x1cda, 0xe6, 0x1cdb, 0xe6, 0x1cdc, 0xdc,
        0x1cdd, 0xdc, 0x1cde, 0xdc, 0x1cdf, 0xdc, 0x1ce0, 0xe6, 0x1ce2, 0x1, 0x1ce3, 0x1,
        0x1ce4, 0x1, 0x1ce5, 0x1, 0x1ce6, 0x1, 0x1ce7, 0x1, 0x1ce8, 0x1, 0x1ced, 0xdc,
        0x1cf4, 0xe6, 0x1cf8, 0xe6, 0x1cf9, 0xe6, 0x1dc0, 0xe6, 0x1dc1, 0xe6, 0x1dc2, 0xdc,
        0x1dc3, 0xe6, 0x1dc4, 0xe6, 0x1dc5, 0xe6, 0x1dc6, 0xe6, 0x1dc7, 0xe6, 0x1dc8, 0xe6,
        0x1dc9, 0xe6, 0x1dca, 0xdc, 0x1dcb, 0xe6, 0x1dcc, 0xe6, 0x1dcd, 0xea, 0x1dce, 0xd6,
        0x1dcf, 0xdc, 0x1dd0, 0xca, 0x1dd1, 0xe6, 0x1dd2, 0xe6, 0x1dd3, 0xe6, 0x1dd4, 0xe6,
        0x1dd5, 0xe6, 0x1dd6, 0xe6, 0x1dd7, 0xe6, 0x1dd8, 0xe6, 0x1dd9, 0xe6, 0x1dda, 0xe6,
        0x1ddb, 0xe6, 0x1ddc, 0xe6, 0x1ddd, 0xe6, 0x1dde, 0xe6, 0x1ddf, 0xe6, 0x1de0, 0xe6,
        0x1de1, 0xe6, 0x1de2, 0xe6, 0x1de3, 0xe6, 0x1de4, 0xe6, 0x1de5, 0xe6, 0x1de6, 0xe6,
        0x1de7, 0xe6, 0x1de8, 0xe6, 0x1de9, 0xe6, 0x1dea, 0xe6, 0x1deb, 0xe6, 0x1dec, 0xe6,
        0x1ded, 0xe6, 0x1dee, 0xe6, 0x1def, 0xe6, 0x1df0, 0xe6, 0x1df1, 0xe6, 0x1df2, 0xe6,
        0x1df3, 0xe6, 0x1df4, 0xe6, 0x1df5, 0xe6, 0x1df6, 0xe8, 0x1df7, 0xe4, 0x1df8, 0xe4,
        0x1df9, 0xdc, 0x1dfa, 0xda, 0x1dfb, 0xe6, 0x1dfc, 0xe9, 0x1dfd, 0xdc, 0x1dfe, 0xe6,
        0x1dff, 0xdc, 0x20d0, 0xe6, 0x20d1, 0xe6, 0x20d2, 0x1, 0x20d3, 0x1, 0x20d4, 0xe6,
        0x20d5, 0xe6, 0x20d6, 0xe6, 0x20d7, 0xe6, 0x20d8, 0x1, 0x20d9, 0x1, 0x20da, 0x1,
        0x20db, 0xe6, 0x20dc, 0xe6, 0x20e1, 0xe6, 0x20e5, 0x1, 0x20e6, 0x1, 0x20e7, 0xe6,
        0x20e8, 0xdc, 0x20e9, 0xe6, 0x20ea, 0x1, 0x20eb, 0x1, 0x20ec, 0xdc, 0x20ed, 0xdc,
        0x20ee, 0xdc, 0x20ef, 0xdc, 0x20f0, 0xe6, 0x2cef, 0xe6, 0x2cf0, 0xe6, 0x2cf1, 0xe6,
        0x2d7f, 0x9, 0x2de0, 0xe6, 0x2de1, 0xe6, 0x2de2, 0xe6, 0x2de3, 0xe6, 0x2de4, 0xe6,
        0x2de5, 0xe6, 0x2de6, 0xe6, 0x2de7, 0xe6, 0x2de8, 0xe6, 0x2de9, 0xe6, 0x2dea, 0xe6,
        0x2deb, 0xe6, 0x2dec, 0xe6, 0x2ded, 0xe6, 0x2dee, 0xe6, 0x2def, 0xe6, 0x2df0, 0xe6,
        0x2df1, 0xe6, 0x2df2, 0xe6, 0x2df3, 0xe6, 0x2df4, 0xe6, 0x2df5, 0xe6, 0x2df6, 0xe6,
        0x2df7, 0xe6, 0x2df8, 0xe6, 0x2df9, 0xe6, 0x2dfa, 0xe6, 0x2dfb, 0xe6, 0x2dfc, 0xe6,
        0x2dfd, 0xe6, 0x2dfe, 0xe6, 0x2dff, 0xe6, 0x302a, 0xda, 0x302b, 0xe4, 0x302c, 0xe8,
        0x302d, 0xde, 0x302e, 0xe0, 0x302f, 0xe0, 0x3099, 0x8, 0x309a, 0x8, 0xa66f, 0xe6,
        0xa674, 0xe6, 0xa675, 0xe6, 0xa676, 0xe6, 0xa677, 0xe6, 0xa678, 0xe6, 0xa679, 0xe6,
        0xa67a, 0xe6, 0xa67b, 0xe6, 0xa67c, 0xe6, 0xa67d, 0xe6, 0xa69e, 0xe6, 0xa69f, 0xe6,
        0xa6f0, 0xe6, 0xa6f1, 0xe6, 0xa806, 0x9, 0xa82c, 0x9, 0xa8c4, 0x9, 0xa8e0, 0xe6,
        0xa8e1, 0xe6, 0xa8e2, 0xe6, 0xa8e3, 0xe6, 0xa8e4, 0xe6, 0xa8e5, 0xe6, 0xa8e6, 0xe6,
        0xa8e7, 0xe6, 0xa8e8, 0xe6, 0xa8e9, 0xe6, 0xa8ea, 0xe6, 0xa8eb, 0xe6, 0xa8ec, 0xe6,
        0xa8ed, 0xe6, 0xa8ee, 0xe6, 0xa8ef, 0xe6, 0xa8f0, 0xe6, 0xa8f1, 0xe6, 0xa92b, 0xdc,
        0xa92c, 0xdc, 0xa92d, 0xdc, 0xa953, 0x9, 0xa9b3, 0x7, 0xa9c0, 0x9, 0xaab0, 0xe6,
        0xaab2, 0xe6, 0xaab3, 0xe6, 0xaab4, 0xdc, 0xaab7, 0xe6, 0xaab8, 0xe6, 0xaabe, 0xe6,
        0xaabf, 0xe6, 0xaac1, 0xe6, 0xaaf6, 0x9, 0xabed, 0x9, 0xfb1e, 0x1a, 0xfe20, 0xe6,
        0xfe21, 0xe6, 0xfe22, 0xe6, 0xfe23, 0xe6, 0xfe24, 0xe6, 0xfe25, 0xe6, 0xfe26, 0xe6,
        0xfe27, 0xdc, 0xfe28, 0xdc, 0xfe29, 0xdc, 0xfe2a, 0xdc, 0xfe2b, 0xdc, 0xfe2c, 0xdc,
        0xfe2d, 0xdc, 0xfe2e, 0xe6, 0xfe2f, 0xe6, 0x101fd, 0xdc, 0x102e0, 0xdc, 0x10376, 0xe6,
        0x10377, 0xe6, 0x10378, 0xe6, 0x10379, 0xe6, 0x1037a, 0xe6, 0x10a0d, 0xdc, 0x10a0f, 0xe6,
        0x10a38, 0xe6, 0x10a39, 0x1, 0x10a3a, 0xdc, 0x10a3f, 0x9, 0x10ae5, 0xe6, 0x10ae6, 0xdc,
        0x10d24, 0xe6, 0x10d25, 0xe6, 0x10d26, 0xe6, 0x10d27, 0xe6, 0x10d69, 0xe6, 0x10d6a, 0xe6,
        0x10d6b, 0xe6, 0x10d6c, 0xe6, 0x10d6d, 0xe6, 0x10eab, 0xe6, 0x10eac, 0xe6, 0x10efa, 0xdc,
        0x10efb, 0xdc, 0x10efd, 0xdc, 0x10efe, 0xdc, 0x10eff, 0xdc, 0x10f46, 0xdc, 0x10f47, 0xdc,
        0x10f48, 0xe6, 0x10f49, 0xe6, 0x10f4a, 0xe6, 0x10f4b, 0xdc, 0x10f4c, 0xe6, 0x10f4d, 0xdc,
        0x10f4e, 0xdc, 0x10f4f, 0xdc, 0x10f50, 0xdc, 0x10f82, 0xe6, 0x10f83, 0xdc, 0x10f84, 0xe6,
        0x10f85, 0xdc, 0x11046, 0x9, 0x11070, 0x9, 0x1107f, 0x9, 0x110b9, 0x9, 0x110ba, 0x7,
        0x11100, 0xe6, 0x11101, 0xe6, 0x11102, 0xe6, 0x11133, 0x9, 0x11134, 0x9, 0x11173, 0x7,
        0x111c0, 0x9, 0x111ca, 0x7, 0x11235, 0x9, 0x11236, 0x7, 0x112e9, 0x7, 0x112ea, 0x9,
        0x1133b, 0x7, 0x1133c, 0x7, 0x1134d, 0x9, 0x11366, 0xe6, 0x11367, 0xe6, 0x11368, 0xe6,
        0x11369, 0xe6, 0x1136a, 0xe6, 0x1136b, 0xe6, 0x1136c, 0xe6, 0x11370, 0xe6, 0x11371, 0xe6,
        0x11372, 0xe6, 0x11373, 0xe6, 0x11374, 0xe6, 0x113ce, 0x9, 0x113cf, 0x9, 0x113d0, 0x9,
        0x11442, 0x9, 0x11446, 0x7, 0x1145e, 0xe6, 0x114c2, 0x9, 0x114c3, 0x7, 0x115bf, 0x9,
        0x115c0, 0x7, 0x1163f, 0x9, 0x116b6, 0x9, 0x116b7, 0x7, 0x1172b, 0x9, 0x11839, 0x9,
        0x1183a, 0x7, 0x1193d, 0x9, 0x1193e, 0x9, 0x11943, 0x7, 0x119e0, 0x9, 0x11a34, 0x9,
        0x11a47, 0x9, 0x11a99, 0x9, 0x11c3f, 0x9, 0x11d42, 0x7, 0x11d44, 0x9, 0x11d45, 0x9,
        0x11d97, 0x9, 0x11f41, 0x9, 0x11f42, 0x9, 0x1612f, 0x9, 0x16af0, 0x1, 0x16af1, 0x1,
        0x16af2, 0x1, 0x16af3, 0x1, 0x16af4, 0x1, 0x16b30, 0xe6, 0x16b31, 0xe6, 0x16b32, 0xe6,
        0x16b33, 0xe6, 0x16b34, 0xe6, 0x16b35, 0xe6, 0x16b36, 0xe6, 0x16ff0, 0x6, 0x16ff1, 0x6,
        0x1bc9e, 0x1, 0x1d165, 0xd8, 0x1d166, 0xd8, 0x1d167, 0x1, 0x1d168, 0x1, 0x1d169, 0x1,
        0x1d16d, 0xe2, 0x1d16e, 0xd8, 0x1d16f, 0xd8, 0x1d170, 0xd8, 0x1d171, 0xd8, 0x1d172, 0xd8,
        0x1d17b, 0xdc, 0x1d17c, 0xdc, 0x1d17d, 0xdc, 0x1d17e, 0xdc, 0x1d17f, 0xdc, 0x1d180, 0xdc,
        0x1d181, 0xdc, 0x1d182, 0xdc, 0x1d185, 0xe6, 0x1d186, 0xe6, 0x1d187, 0xe6, 0x1d188, 0xe6,
        0x1d189, 0xe6, 0x1d18a, 0xdc, 0x1d18b, 0xdc, 0x1d1aa, 0xe6, 0x1d1ab, 0xe6, 0x1d1ac, 0xe6,
        0x1d1ad, 0xe6, 0x1d242, 0xe6, 0x1d243, 0xe6, 0x1d244, 0xe6, 0x1e000, 0xe6, 0x1e001, 0xe6,
        0x1e002, 0xe6, 0x1e003, 0xe6, 0x1e004, 0xe6, 0x1e005, 0xe6, 0x1e006, 0xe6, 0x1e008, 0xe6,
        0x1e009, 0xe6, 0x1e00a, 0xe6, 0x1e00b, 0xe6, 0x1e00c, 0xe6, 0x1e00d, 0xe6, 0x1e00e, 0xe6,
        0x1e00f, 0xe6, 0x1e010, 0xe6, 0x1e011, 0xe6, 0x1e012, 0xe6, 0x1e013, 0xe6, 0x1e014, 0xe6,
        0x1e015, 0xe6, 0x1e016, 0xe6, 0x1e017, 0xe6, 0x1e018, 0xe6, 0x1e01b, 0xe6, 0x1e01c, 0xe6,
        0x1e01d, 0xe6, 0x1e01e, 0xe6, 0x1e01f, 0xe6, 0x1e020, 0xe6, 0x1e021, 0xe6, 0x1e023, 0xe6,
        0x1e024, 0xe6, 0x1e026, 0xe6, 0x1e027, 0xe6, 0x1e028, 0xe6, 0x1e029, 0xe6, 0x1e02a, 0xe6,
        0x1e08f, 0xe6, 0x1e130, 0xe6, 0x1e131, 0xe6, 0x1e132, 0xe6, 0x1e133, 0xe6, 0x1e134, 0xe6,
        0x1e135, 0xe6, 0x1e136, 0xe6, 0x1e2ae, 0xe6, 0x1e2ec, 0xe6, 0x1e2ed, 0xe6, 0x1e2ee, 0xe6,
        0x1e2ef, 0xe6, 0x1e4ec, 0xe8, 0x1e4ed, 0xe8, 0x1e4ee, 0xdc, 0x1e4ef, 0xe6, 0x1e5ee, 0xe6,
        0x1e5ef, 0xdc, 0x1e6e3, 0xe6, 0x1e6e6, 0xe6, 0x1e6ee, 0xe6, 0x1e6ef, 0xe6, 0x1e6f5, 0xe6,
        0x1e8d0, 0xdc, 0x1e8d1, 0xdc, 0x1e8d2, 0xdc, 0x1e8d3, 0xdc, 0x1e8d4, 0xdc, 0x1e8d5, 0xdc,
        0x1e8d6, 0xdc, 0x1e944, 0xe6, 0x1e945, 0xe6, 0x1e946, 0xe6, 0x1e947, 0xe6, 0x1e948, 0xe6,
        0x1e949, 0xe6, 0x1e94a, 0x7,
    ];
    private static ReadOnlySpan<int> StreamSafeCounts =>
    [
        0xa8, 0x4, 0xaf, 0x4, 0xb4, 0x4, 0xb8, 0x4, 0xc0, 0x4, 0xc1, 0x4,
        0xc2, 0x4, 0xc3, 0x4, 0xc4, 0x4, 0xc5, 0x4, 0xc7, 0x4, 0xc8, 0x4,
        0xc9, 0x4, 0xca, 0x4, 0xcb, 0x4, 0xcc, 0x4, 0xcd, 0x4, 0xce, 0x4,
        0xcf, 0x4, 0xd1, 0x4, 0xd2, 0x4, 0xd3, 0x4, 0xd4, 0x4, 0xd5, 0x4,
        0xd6, 0x4, 0xd9, 0x4, 0xda, 0x4, 0xdb, 0x4, 0xdc, 0x4, 0xdd, 0x4,
        0xe0, 0x4, 0xe1, 0x4, 0xe2, 0x4, 0xe3, 0x4, 0xe4, 0x4, 0xe5, 0x4,
        0xe7, 0x4, 0xe8, 0x4, 0xe9, 0x4, 0xea, 0x4, 0xeb, 0x4, 0xec, 0x4,
        0xed, 0x4, 0xee, 0x4, 0xef, 0x4, 0xf1, 0x4, 0xf2, 0x4, 0xf3, 0x4,
        0xf4, 0x4, 0xf5, 0x4, 0xf6, 0x4, 0xf9, 0x4, 0xfa, 0x4, 0xfb, 0x4,
        0xfc, 0x4, 0xfd, 0x4, 0xff, 0x4, 0x100, 0x4, 0x101, 0x4, 0x102, 0x4,
        0x103, 0x4, 0x104, 0x4, 0x105, 0x4, 0x106, 0x4, 0x107, 0x4, 0x108, 0x4,
        0x109, 0x4, 0x10a, 0x4, 0x10b, 0x4, 0x10c, 0x4, 0x10d, 0x4, 0x10e, 0x4,
        0x10f, 0x4, 0x112, 0x4, 0x113, 0x4, 0x114, 0x4, 0x115, 0x4, 0x116, 0x4,
        0x117, 0x4, 0x118, 0x4, 0x119, 0x4, 0x11a, 0x4, 0x11b, 0x4, 0x11c, 0x4,
        0x11d, 0x4, 0x11e, 0x4, 0x11f, 0x4, 0x120, 0x4, 0x121, 0x4, 0x122, 0x4,
        0x123, 0x4, 0x124, 0x4, 0x125, 0x4, 0x128, 0x4, 0x129, 0x4, 0x12a, 0x4,
        0x12b, 0x4, 0x12c, 0x4, 0x12d, 0x4, 0x12e, 0x4, 0x12f, 0x4, 0x130, 0x4,
        0x134, 0x4, 0x135, 0x4, 0x136, 0x4, 0x137, 0x4, 0x139, 0x4, 0x13a, 0x4,
        0x13b, 0x4, 0x13c, 0x4, 0x13d, 0x4, 0x13e, 0x4, 0x143, 0x4, 0x144, 0x4,
        0x145, 0x4, 0x146, 0x4, 0x147, 0x4, 0x148, 0x4, 0x14c, 0x4, 0x14d, 0x4,
        0x14e, 0x4, 0x14f, 0x4, 0x150, 0x4, 0x151, 0x4, 0x154, 0x4, 0x155, 0x4,
        0x156, 0x4, 0x157, 0x4, 0x158, 0x4, 0x159, 0x4, 0x15a, 0x4, 0x15b, 0x4,
        0x15c, 0x4, 0x15d, 0x4, 0x15e, 0x4, 0x15f, 0x4, 0x160, 0x4, 0x161, 0x4,
        0x162, 0x4, 0x163, 0x4, 0x164, 0x4, 0x165, 0x4, 0x168, 0x4, 0x169, 0x4,
        0x16a, 0x4, 0x16b, 0x4, 0x16c, 0x4, 0x16d, 0x4, 0x16e, 0x4, 0x16f, 0x4,
        0x170, 0x4, 0x171, 0x4, 0x172, 0x4, 0x173, 0x4, 0x174, 0x4, 0x175, 0x4,
        0x176, 0x4, 0x177, 0x4, 0x178, 0x4, 0x179, 0x4, 0x17a, 0x4, 0x17b, 0x4,
        0x17c, 0x4, 0x17d, 0x4, 0x17e, 0x4, 0x1a0, 0x4, 0x1a1, 0x4, 0x1af, 0x4,
        0x1b0, 0x4, 0x1c4, 0x4, 0x1c5, 0x4, 0x1c6, 0x4, 0x1cd, 0x4, 0x1ce, 0x4,
        0x1cf, 0x4, 0x1d0, 0x4, 0x1d1, 0x4, 0x1d2, 0x4, 0x1d3, 0x4, 0x1d4, 0x4,
        0x1d5, 0x8, 0x1d6, 0x8, 0x1d7, 0x8, 0x1d8, 0x8, 0x1d9, 0x8, 0x1da, 0x8,
        0x1db, 0x8, 0x1dc, 0x8, 0x1de, 0x8, 0x1df, 0x8, 0x1e0, 0x8, 0x1e1, 0x8,
        0x1e2, 0x4, 0x1e3, 0x4, 0x1e6, 0x4, 0x1e7, 0x4, 0x1e8, 0x4, 0x1e9, 0x4,
        0x1ea, 0x4, 0x1eb, 0x4, 0x1ec, 0x8, 0x1ed, 0x8, 0x1ee, 0x4, 0x1ef, 0x4,
        0x1f0, 0x4, 0x1f4, 0x4, 0x1f5, 0x4, 0x1f8, 0x4, 0x1f9, 0x4, 0x1fa, 0x8,
        0x1fb, 0x8, 0x1fc, 0x4, 0x1fd, 0x4, 0x1fe, 0x4, 0x1ff, 0x4, 0x200, 0x4,
        0x201, 0x4, 0x202, 0x4, 0x203, 0x4, 0x204, 0x4, 0x205, 0x4, 0x206, 0x4,
        0x207, 0x4, 0x208, 0x4, 0x209, 0x4, 0x20a, 0x4, 0x20b, 0x4, 0x20c, 0x4,
        0x20d, 0x4, 0x20e, 0x4, 0x20f, 0x4, 0x210, 0x4, 0x211, 0x4, 0x212, 0x4,
        0x213, 0x4, 0x214, 0x4, 0x215, 0x4, 0x216, 0x4, 0x217, 0x4, 0x218, 0x4,
        0x219, 0x4, 0x21a, 0x4, 0x21b, 0x4, 0x21e, 0x4, 0x21f, 0x4, 0x226, 0x4,
        0x227, 0x4, 0x228, 0x4, 0x229, 0x4, 0x22a, 0x8, 0x22b, 0x8, 0x22c, 0x8,
        0x22d, 0x8, 0x22e, 0x4, 0x22f, 0x4, 0x230, 0x8, 0x231, 0x8, 0x232, 0x4,
        0x233, 0x4, 0x2d8, 0x4, 0x2d9, 0x4, 0x2da, 0x4, 0x2db, 0x4, 0x2dc, 0x4,
        0x2dd, 0x4, 0x300, 0x5, 0x301, 0x5, 0x302, 0x5, 0x303, 0x5, 0x304, 0x5,
        0x305, 0x5, 0x306, 0x5, 0x307, 0x5, 0x308, 0x5, 0x309, 0x5, 0x30a, 0x5,
        0x30b, 0x5, 0x30c, 0x5, 0x30d, 0x5, 0x30e, 0x5, 0x30f, 0x5, 0x310, 0x5,
        0x311, 0x5, 0x312, 0x5, 0x313, 0x5, 0x314, 0x5, 0x315, 0x5, 0x316, 0x5,
        0x317, 0x5, 0x318, 0x5, 0x319, 0x5, 0x31a, 0x5, 0x31b, 0x5, 0x31c, 0x5,
        0x31d, 0x5, 0x31e, 0x5, 0x31f, 0x5, 0x320, 0x5, 0x321, 0x5, 0x322, 0x5,
        0x323, 0x5, 0x324, 0x5, 0x325, 0x5, 0x326, 0x5, 0x327, 0x5, 0x328, 0x5,
        0x329, 0x5, 0x32a, 0x5, 0x32b, 0x5, 0x32c, 0x5, 0x32d, 0x5, 0x32e, 0x5,
        0x32f, 0x5, 0x330, 0x5, 0x331, 0x5, 0x332, 0x5, 0x333, 0x5, 0x334, 0x5,
        0x335, 0x5, 0x336, 0x5, 0x337, 0x5, 0x338, 0x5, 0x339, 0x5, 0x33a, 0x5,
        0x33b, 0x5, 0x33c, 0x5, 0x33d, 0x5, 0x33e, 0x5, 0x33f, 0x5, 0x340, 0x5,
        0x341, 0x5, 0x342, 0x5, 0x343, 0x5, 0x344, 0xa, 0x345, 0x5, 0x346, 0x5,
        0x347, 0x5, 0x348, 0x5, 0x349, 0x5, 0x34a, 0x5, 0x34b, 0x5, 0x34c, 0x5,
        0x34d, 0x5, 0x34e, 0x5, 0x350, 0x5, 0x351, 0x5, 0x352, 0x5, 0x353, 0x5,
        0x354, 0x5, 0x355, 0x5, 0x356, 0x5, 0x357, 0x5, 0x358, 0x5, 0x359, 0x5,
        0x35a, 0x5, 0x35b, 0x5, 0x35c, 0x5, 0x35d, 0x5, 0x35e, 0x5, 0x35f, 0x5,
        0x360, 0x5, 0x361, 0x5, 0x362, 0x5, 0x363, 0x5, 0x364, 0x5, 0x365, 0x5,
        0x366, 0x5, 0x367, 0x5, 0x368, 0x5, 0x369, 0x5, 0x36a, 0x5, 0x36b, 0x5,
        0x36c, 0x5, 0x36d, 0x5, 0x36e, 0x5, 0x36f, 0x5, 0x37a, 0x4, 0x384, 0x4,
        0x385, 0x8, 0x386, 0x4, 0x388, 0x4, 0x389, 0x4, 0x38a, 0x4, 0x38c, 0x4,
        0x38e, 0x4, 0x38f, 0x4, 0x390, 0x8, 0x3aa, 0x4, 0x3ab, 0x4, 0x3ac, 0x4,
        0x3ad, 0x4, 0x3ae, 0x4, 0x3af, 0x4, 0x3b0, 0x8, 0x3ca, 0x4, 0x3cb, 0x4,
        0x3cc, 0x4, 0x3cd, 0x4, 0x3ce, 0x4, 0x3d3, 0x4, 0x3d4, 0x4, 0x400, 0x4,
        0x401, 0x4, 0x403, 0x4, 0x407, 0x4, 0x40c, 0x4, 0x40d, 0x4, 0x40e, 0x4,
        0x419, 0x4, 0x439, 0x4, 0x450, 0x4, 0x451, 0x4, 0x453, 0x4, 0x457, 0x4,
        0x45c, 0x4, 0x45d, 0x4, 0x45e, 0x4, 0x476, 0x4, 0x477, 0x4, 0x483, 0x5,
        0x484, 0x5, 0x485, 0x5, 0x486, 0x5, 0x487, 0x5, 0x4c1, 0x4, 0x4c2, 0x4,
        0x4d0, 0x4, 0x4d1, 0x4, 0x4d2, 0x4, 0x4d3, 0x4, 0x4d6, 0x4, 0x4d7, 0x4,
        0x4da, 0x4, 0x4db, 0x4, 0x4dc, 0x4, 0x4dd, 0x4, 0x4de, 0x4, 0x4df, 0x4,
        0x4e2, 0x4, 0x4e3, 0x4, 0x4e4, 0x4, 0x4e5, 0x4, 0x4e6, 0x4, 0x4e7, 0x4,
        0x4ea, 0x4, 0x4eb, 0x4, 0x4ec, 0x4, 0x4ed, 0x4, 0x4ee, 0x4, 0x4ef, 0x4,
        0x4f0, 0x4, 0x4f1, 0x4, 0x4f2, 0x4, 0x4f3, 0x4, 0x4f4, 0x4, 0x4f5, 0x4,
        0x4f8, 0x4, 0x4f9, 0x4, 0x591, 0x5, 0x592, 0x5, 0x593, 0x5, 0x594, 0x5,
        0x595, 0x5, 0x596, 0x5, 0x597, 0x5, 0x598, 0x5, 0x599, 0x5, 0x59a, 0x5,
        0x59b, 0x5, 0x59c, 0x5, 0x59d, 0x5, 0x59e, 0x5, 0x59f, 0x5, 0x5a0, 0x5,
        0x5a1, 0x5, 0x5a2, 0x5, 0x5a3, 0x5, 0x5a4, 0x5, 0x5a5, 0x5, 0x5a6, 0x5,
        0x5a7, 0x5, 0x5a8, 0x5, 0x5a9, 0x5, 0x5aa, 0x5, 0x5ab, 0x5, 0x5ac, 0x5,
        0x5ad, 0x5, 0x5ae, 0x5, 0x5af, 0x5, 0x5b0, 0x5, 0x5b1, 0x5, 0x5b2, 0x5,
        0x5b3, 0x5, 0x5b4, 0x5, 0x5b5, 0x5, 0x5b6, 0x5, 0x5b7, 0x5, 0x5b8, 0x5,
        0x5b9, 0x5, 0x5ba, 0x5, 0x5bb, 0x5, 0x5bc, 0x5, 0x5bd, 0x5, 0x5bf, 0x5,
        0x5c1, 0x5, 0x5c2, 0x5, 0x5c4, 0x5, 0x5c5, 0x5, 0x5c7, 0x5, 0x610, 0x5,
        0x611, 0x5, 0x612, 0x5, 0x613, 0x5, 0x614, 0x5, 0x615, 0x5, 0x616, 0x5,
        0x617, 0x5, 0x618, 0x5, 0x619, 0x5, 0x61a, 0x5, 0x622, 0x4, 0x623, 0x4,
        0x624, 0x4, 0x625, 0x4, 0x626, 0x4, 0x64b, 0x5, 0x64c, 0x5, 0x64d, 0x5,
        0x64e, 0x5, 0x64f, 0x5, 0x650, 0x5, 0x651, 0x5, 0x652, 0x5, 0x653, 0x5,
        0x654, 0x5, 0x655, 0x5, 0x656, 0x5, 0x657, 0x5, 0x658, 0x5, 0x659, 0x5,
        0x65a, 0x5, 0x65b, 0x5, 0x65c, 0x5, 0x65d, 0x5, 0x65e, 0x5, 0x65f, 0x5,
        0x670, 0x5, 0x6c0, 0x4, 0x6c2, 0x4, 0x6d3, 0x4, 0x6d6, 0x5, 0x6d7, 0x5,
        0x6d8, 0x5, 0x6d9, 0x5, 0x6da, 0x5, 0x6db, 0x5, 0x6dc, 0x5, 0x6df, 0x5,
        0x6e0, 0x5, 0x6e1, 0x5, 0x6e2, 0x5, 0x6e3, 0x5, 0x6e4, 0x5, 0x6e7, 0x5,
        0x6e8, 0x5, 0x6ea, 0x5, 0x6eb, 0x5, 0x6ec, 0x5, 0x6ed, 0x5, 0x711, 0x5,
        0x730, 0x5, 0x731, 0x5, 0x732, 0x5, 0x733, 0x5, 0x734, 0x5, 0x735, 0x5,
        0x736, 0x5, 0x737, 0x5, 0x738, 0x5, 0x739, 0x5, 0x73a, 0x5, 0x73b, 0x5,
        0x73c, 0x5, 0x73d, 0x5, 0x73e, 0x5, 0x73f, 0x5, 0x740, 0x5, 0x741, 0x5,
        0x742, 0x5, 0x743, 0x5, 0x744, 0x5, 0x745, 0x5, 0x746, 0x5, 0x747, 0x5,
        0x748, 0x5, 0x749, 0x5, 0x74a, 0x5, 0x7eb, 0x5, 0x7ec, 0x5, 0x7ed, 0x5,
        0x7ee, 0x5, 0x7ef, 0x5, 0x7f0, 0x5, 0x7f1, 0x5, 0x7f2, 0x5, 0x7f3, 0x5,
        0x7fd, 0x5, 0x816, 0x5, 0x817, 0x5, 0x818, 0x5, 0x819, 0x5, 0x81b, 0x5,
        0x81c, 0x5, 0x81d, 0x5, 0x81e, 0x5, 0x81f, 0x5, 0x820, 0x5, 0x821, 0x5,
        0x822, 0x5, 0x823, 0x5, 0x825, 0x5, 0x826, 0x5, 0x827, 0x5, 0x829, 0x5,
        0x82a, 0x5, 0x82b, 0x5, 0x82c, 0x5, 0x82d, 0x5, 0x859, 0x5, 0x85a, 0x5,
        0x85b, 0x5, 0x897, 0x5, 0x898, 0x5, 0x899, 0x5, 0x89a, 0x5, 0x89b, 0x5,
        0x89c, 0x5, 0x89d, 0x5, 0x89e, 0x5, 0x89f, 0x5, 0x8ca, 0x5, 0x8cb, 0x5,
        0x8cc, 0x5, 0x8cd, 0x5, 0x8ce, 0x5, 0x8cf, 0x5, 0x8d0, 0x5, 0x8d1, 0x5,
        0x8d2, 0x5, 0x8d3, 0x5, 0x8d4, 0x5, 0x8d5, 0x5, 0x8d6, 0x5, 0x8d7, 0x5,
        0x8d8, 0x5, 0x8d9, 0x5, 0x8da, 0x5, 0x8db, 0x5, 0x8dc, 0x5, 0x8dd, 0x5,
        0x8de, 0x5, 0x8df, 0x5, 0x8e0, 0x5, 0x8e1, 0x5, 0x8e3, 0x5, 0x8e4, 0x5,
        0x8e5, 0x5, 0x8e6, 0x5, 0x8e7, 0x5, 0x8e8, 0x5, 0x8e9, 0x5, 0x8ea, 0x5,
        0x8eb, 0x5, 0x8ec, 0x5, 0x8ed, 0x5, 0x8ee, 0x5, 0x8ef, 0x5, 0x8f0, 0x5,
        0x8f1, 0x5, 0x8f2, 0x5, 0x8f3, 0x5, 0x8f4, 0x5, 0x8f5, 0x5, 0x8f6, 0x5,
        0x8f7, 0x5, 0x8f8, 0x5, 0x8f9, 0x5, 0x8fa, 0x5, 0x8fb, 0x5, 0x8fc, 0x5,
        0x8fd, 0x5, 0x8fe, 0x5, 0x8ff, 0x5, 0x929, 0x4, 0x931, 0x4, 0x934, 0x4,
        0x93c, 0x5, 0x94d, 0x5, 0x951, 0x5, 0x952, 0x5, 0x953, 0x5, 0x954, 0x5,
        0x958, 0x4, 0x959, 0x4, 0x95a, 0x4, 0x95b, 0x4, 0x95c, 0x4, 0x95d, 0x4,
        0x95e, 0x4, 0x95f, 0x4, 0x9bc, 0x5, 0x9be, 0x5, 0x9cb, 0x4, 0x9cc, 0x4,
        0x9cd, 0x5, 0x9d7, 0x5, 0x9dc, 0x4, 0x9dd, 0x4, 0x9df, 0x4, 0x9fe, 0x5,
        0xa33, 0x4, 0xa36, 0x4, 0xa3c, 0x5, 0xa4d, 0x5, 0xa59, 0x4, 0xa5a, 0x4,
        0xa5b, 0x4, 0xa5e, 0x4, 0xabc, 0x5, 0xacd, 0x5, 0xb3c, 0x5, 0xb3e, 0x5,
        0xb48, 0x4, 0xb4b, 0x4, 0xb4c, 0x4, 0xb4d, 0x5, 0xb56, 0x5, 0xb57, 0x5,
        0xb5c, 0x4, 0xb5d, 0x4, 0xb94, 0x4, 0xbbe, 0x5, 0xbca, 0x4, 0xbcb, 0x4,
        0xbcc, 0x4, 0xbcd, 0x5, 0xbd7, 0x5, 0xc3c, 0x5, 0xc48, 0x4, 0xc4d, 0x5,
        0xc55, 0x5, 0xc56, 0x5, 0xcbc, 0x5, 0xcc0, 0x4, 0xcc2, 0x5, 0xcc7, 0x4,
        0xcc8, 0x4, 0xcca, 0x4, 0xccb, 0x8, 0xccd, 0x5, 0xcd5, 0x5, 0xcd6, 0x5,
        0xd3b, 0x5, 0xd3c, 0x5, 0xd3e, 0x5, 0xd4a, 0x4, 0xd4b, 0x4, 0xd4c, 0x4,
        0xd4d, 0x5, 0xd57, 0x5, 0xdca, 0x5, 0xdcf, 0x5, 0xdda, 0x4, 0xddc, 0x4,
        0xddd, 0x8, 0xdde, 0x4, 0xddf, 0x5, 0xe38, 0x5, 0xe39, 0x5, 0xe3a, 0x5,
        0xe48, 0x5, 0xe49, 0x5, 0xe4a, 0x5, 0xe4b, 0x5, 0xeb8, 0x5, 0xeb9, 0x5,
        0xeba, 0x5, 0xec8, 0x5, 0xec9, 0x5, 0xeca, 0x5, 0xecb, 0x5, 0xf18, 0x5,
        0xf19, 0x5, 0xf35, 0x5, 0xf37, 0x5, 0xf39, 0x5, 0xf71, 0x5, 0xf72, 0x5,
        0xf73, 0xa, 0xf74, 0x5, 0xf75, 0xa, 0xf76, 0x4, 0xf77, 0x8, 0xf78, 0x4,
        0xf79, 0x8, 0xf7a, 0x5, 0xf7b, 0x5, 0xf7c, 0x5, 0xf7d, 0x5, 0xf80, 0x5,
        0xf81, 0xa, 0xf82, 0x5, 0xf83, 0x5, 0xf84, 0x5, 0xf86, 0x5, 0xf87, 0x5,
        0xfc6, 0x5, 0x1026, 0x4, 0x102e, 0x5, 0x1037, 0x5, 0x1039, 0x5, 0x103a, 0x5,
        0x108d, 0x5, 0x1161, 0x5, 0x1162, 0x5, 0x1163, 0x5, 0x1164, 0x5, 0x1165, 0x5,
        0x1166, 0x5, 0x1167, 0x5, 0x1168, 0x5, 0x1169, 0x5, 0x116a, 0x5, 0x116b, 0x5,
        0x116c, 0x5, 0x116d, 0x5, 0x116e, 0x5, 0x116f, 0x5, 0x1170, 0x5, 0x1171, 0x5,
        0x1172, 0x5, 0x1173, 0x5, 0x1174, 0x5, 0x1175, 0x5, 0x11a8, 0x5, 0x11a9, 0x5,
        0x11aa, 0x5, 0x11ab, 0x5, 0x11ac, 0x5, 0x11ad, 0x5, 0x11ae, 0x5, 0x11af, 0x5,
        0x11b0, 0x5, 0x11b1, 0x5, 0x11b2, 0x5, 0x11b3, 0x5, 0x11b4, 0x5, 0x11b5, 0x5,
        0x11b6, 0x5, 0x11b7, 0x5, 0x11b8, 0x5, 0x11b9, 0x5, 0x11ba, 0x5, 0x11bb, 0x5,
        0x11bc, 0x5, 0x11bd, 0x5, 0x11be, 0x5, 0x11bf, 0x5, 0x11c0, 0x5, 0x11c1, 0x5,
        0x11c2, 0x5, 0x135d, 0x5, 0x135e, 0x5, 0x135f, 0x5, 0x1714, 0x5, 0x1715, 0x5,
        0x1734, 0x5, 0x17d2, 0x5, 0x17dd, 0x5, 0x18a9, 0x5, 0x1939, 0x5, 0x193a, 0x5,
        0x193b, 0x5, 0x1a17, 0x5, 0x1a18, 0x5, 0x1a60, 0x5, 0x1a75, 0x5, 0x1a76, 0x5,
        0x1a77, 0x5, 0x1a78, 0x5, 0x1a79, 0x5, 0x1a7a, 0x5, 0x1a7b, 0x5, 0x1a7c, 0x5,
        0x1a7f, 0x5, 0x1ab0, 0x5, 0x1ab1, 0x5, 0x1ab2, 0x5, 0x1ab3, 0x5, 0x1ab4, 0x5,
        0x1ab5, 0x5, 0x1ab6, 0x5, 0x1ab7, 0x5, 0x1ab8, 0x5, 0x1ab9, 0x5, 0x1aba, 0x5,
        0x1abb, 0x5, 0x1abc, 0x5, 0x1abd, 0x5, 0x1abf, 0x5, 0x1ac0, 0x5, 0x1ac1, 0x5,
        0x1ac2, 0x5, 0x1ac3, 0x5, 0x1ac4, 0x5, 0x1ac5, 0x5, 0x1ac6, 0x5, 0x1ac7, 0x5,
        0x1ac8, 0x5, 0x1ac9, 0x5, 0x1aca, 0x5, 0x1acb, 0x5, 0x1acc, 0x5, 0x1acd, 0x5,
        0x1ace, 0x5, 0x1acf, 0x5, 0x1ad0, 0x5, 0x1ad1, 0x5, 0x1ad2, 0x5, 0x1ad3, 0x5,
        0x1ad4, 0x5, 0x1ad5, 0x5, 0x1ad6, 0x5, 0x1ad7, 0x5, 0x1ad8, 0x5, 0x1ad9, 0x5,
        0x1ada, 0x5, 0x1adb, 0x5, 0x1adc, 0x5, 0x1add, 0x5, 0x1ae0, 0x5, 0x1ae1, 0x5,
        0x1ae2, 0x5, 0x1ae3, 0x5, 0x1ae4, 0x5, 0x1ae5, 0x5, 0x1ae6, 0x5, 0x1ae7, 0x5,
        0x1ae8, 0x5, 0x1ae9, 0x5, 0x1aea, 0x5, 0x1aeb, 0x5, 0x1b06, 0x4, 0x1b08, 0x4,
        0x1b0a, 0x4, 0x1b0c, 0x4, 0x1b0e, 0x4, 0x1b12, 0x4, 0x1b34, 0x5, 0x1b35, 0x5,
        0x1b3b, 0x4, 0x1b3d, 0x4, 0x1b40, 0x4, 0x1b41, 0x4, 0x1b43, 0x4, 0x1b44, 0x5,
        0x1b6b, 0x5, 0x1b6c, 0x5, 0x1b6d, 0x5, 0x1b6e, 0x5, 0x1b6f, 0x5, 0x1b70, 0x5,
        0x1b71, 0x5, 0x1b72, 0x5, 0x1b73, 0x5, 0x1baa, 0x5, 0x1bab, 0x5, 0x1be6, 0x5,
        0x1bf2, 0x5, 0x1bf3, 0x5, 0x1c37, 0x5, 0x1cd0, 0x5, 0x1cd1, 0x5, 0x1cd2, 0x5,
        0x1cd4, 0x5, 0x1cd5, 0x5, 0x1cd6, 0x5, 0x1cd7, 0x5, 0x1cd8, 0x5, 0x1cd9, 0x5,
        0x1cda, 0x5, 0x1cdb, 0x5, 0x1cdc, 0x5, 0x1cdd, 0x5, 0x1cde, 0x5, 0x1cdf, 0x5,
        0x1ce0, 0x5, 0x1ce2, 0x5, 0x1ce3, 0x5, 0x1ce4, 0x5, 0x1ce5, 0x5, 0x1ce6, 0x5,
        0x1ce7, 0x5, 0x1ce8, 0x5, 0x1ced, 0x5, 0x1cf4, 0x5, 0x1cf8, 0x5, 0x1cf9, 0x5,
        0x1dc0, 0x5, 0x1dc1, 0x5, 0x1dc2, 0x5, 0x1dc3, 0x5, 0x1dc4, 0x5, 0x1dc5, 0x5,
        0x1dc6, 0x5, 0x1dc7, 0x5, 0x1dc8, 0x5, 0x1dc9, 0x5, 0x1dca, 0x5, 0x1dcb, 0x5,
        0x1dcc, 0x5, 0x1dcd, 0x5, 0x1dce, 0x5, 0x1dcf, 0x5, 0x1dd0, 0x5, 0x1dd1, 0x5,
        0x1dd2, 0x5, 0x1dd3, 0x5, 0x1dd4, 0x5, 0x1dd5, 0x5, 0x1dd6, 0x5, 0x1dd7, 0x5,
        0x1dd8, 0x5, 0x1dd9, 0x5, 0x1dda, 0x5, 0x1ddb, 0x5, 0x1ddc, 0x5, 0x1ddd, 0x5,
        0x1dde, 0x5, 0x1ddf, 0x5, 0x1de0, 0x5, 0x1de1, 0x5, 0x1de2, 0x5, 0x1de3, 0x5,
        0x1de4, 0x5, 0x1de5, 0x5, 0x1de6, 0x5, 0x1de7, 0x5, 0x1de8, 0x5, 0x1de9, 0x5,
        0x1dea, 0x5, 0x1deb, 0x5, 0x1dec, 0x5, 0x1ded, 0x5, 0x1dee, 0x5, 0x1def, 0x5,
        0x1df0, 0x5, 0x1df1, 0x5, 0x1df2, 0x5, 0x1df3, 0x5, 0x1df4, 0x5, 0x1df5, 0x5,
        0x1df6, 0x5, 0x1df7, 0x5, 0x1df8, 0x5, 0x1df9, 0x5, 0x1dfa, 0x5, 0x1dfb, 0x5,
        0x1dfc, 0x5, 0x1dfd, 0x5, 0x1dfe, 0x5, 0x1dff, 0x5, 0x1e00, 0x4, 0x1e01, 0x4,
        0x1e02, 0x4, 0x1e03, 0x4, 0x1e04, 0x4, 0x1e05, 0x4, 0x1e06, 0x4, 0x1e07, 0x4,
        0x1e08, 0x8, 0x1e09, 0x8, 0x1e0a, 0x4, 0x1e0b, 0x4, 0x1e0c, 0x4, 0x1e0d, 0x4,
        0x1e0e, 0x4, 0x1e0f, 0x4, 0x1e10, 0x4, 0x1e11, 0x4, 0x1e12, 0x4, 0x1e13, 0x4,
        0x1e14, 0x8, 0x1e15, 0x8, 0x1e16, 0x8, 0x1e17, 0x8, 0x1e18, 0x4, 0x1e19, 0x4,
        0x1e1a, 0x4, 0x1e1b, 0x4, 0x1e1c, 0x8, 0x1e1d, 0x8, 0x1e1e, 0x4, 0x1e1f, 0x4,
        0x1e20, 0x4, 0x1e21, 0x4, 0x1e22, 0x4, 0x1e23, 0x4, 0x1e24, 0x4, 0x1e25, 0x4,
        0x1e26, 0x4, 0x1e27, 0x4, 0x1e28, 0x4, 0x1e29, 0x4, 0x1e2a, 0x4, 0x1e2b, 0x4,
        0x1e2c, 0x4, 0x1e2d, 0x4, 0x1e2e, 0x8, 0x1e2f, 0x8, 0x1e30, 0x4, 0x1e31, 0x4,
        0x1e32, 0x4, 0x1e33, 0x4, 0x1e34, 0x4, 0x1e35, 0x4, 0x1e36, 0x4, 0x1e37, 0x4,
        0x1e38, 0x8, 0x1e39, 0x8, 0x1e3a, 0x4, 0x1e3b, 0x4, 0x1e3c, 0x4, 0x1e3d, 0x4,
        0x1e3e, 0x4, 0x1e3f, 0x4, 0x1e40, 0x4, 0x1e41, 0x4, 0x1e42, 0x4, 0x1e43, 0x4,
        0x1e44, 0x4, 0x1e45, 0x4, 0x1e46, 0x4, 0x1e47, 0x4, 0x1e48, 0x4, 0x1e49, 0x4,
        0x1e4a, 0x4, 0x1e4b, 0x4, 0x1e4c, 0x8, 0x1e4d, 0x8, 0x1e4e, 0x8, 0x1e4f, 0x8,
        0x1e50, 0x8, 0x1e51, 0x8, 0x1e52, 0x8, 0x1e53, 0x8, 0x1e54, 0x4, 0x1e55, 0x4,
        0x1e56, 0x4, 0x1e57, 0x4, 0x1e58, 0x4, 0x1e59, 0x4, 0x1e5a, 0x4, 0x1e5b, 0x4,
        0x1e5c, 0x8, 0x1e5d, 0x8, 0x1e5e, 0x4, 0x1e5f, 0x4, 0x1e60, 0x4, 0x1e61, 0x4,
        0x1e62, 0x4, 0x1e63, 0x4, 0x1e64, 0x8, 0x1e65, 0x8, 0x1e66, 0x8, 0x1e67, 0x8,
        0x1e68, 0x8, 0x1e69, 0x8, 0x1e6a, 0x4, 0x1e6b, 0x4, 0x1e6c, 0x4, 0x1e6d, 0x4,
        0x1e6e, 0x4, 0x1e6f, 0x4, 0x1e70, 0x4, 0x1e71, 0x4, 0x1e72, 0x4, 0x1e73, 0x4,
        0x1e74, 0x4, 0x1e75, 0x4, 0x1e76, 0x4, 0x1e77, 0x4, 0x1e78, 0x8, 0x1e79, 0x8,
        0x1e7a, 0x8, 0x1e7b, 0x8, 0x1e7c, 0x4, 0x1e7d, 0x4, 0x1e7e, 0x4, 0x1e7f, 0x4,
        0x1e80, 0x4, 0x1e81, 0x4, 0x1e82, 0x4, 0x1e83, 0x4, 0x1e84, 0x4, 0x1e85, 0x4,
        0x1e86, 0x4, 0x1e87, 0x4, 0x1e88, 0x4, 0x1e89, 0x4, 0x1e8a, 0x4, 0x1e8b, 0x4,
        0x1e8c, 0x4, 0x1e8d, 0x4, 0x1e8e, 0x4, 0x1e8f, 0x4, 0x1e90, 0x4, 0x1e91, 0x4,
        0x1e92, 0x4, 0x1e93, 0x4, 0x1e94, 0x4, 0x1e95, 0x4, 0x1e96, 0x4, 0x1e97, 0x4,
        0x1e98, 0x4, 0x1e99, 0x4, 0x1e9b, 0x4, 0x1ea0, 0x4, 0x1ea1, 0x4, 0x1ea2, 0x4,
        0x1ea3, 0x4, 0x1ea4, 0x8, 0x1ea5, 0x8, 0x1ea6, 0x8, 0x1ea7, 0x8, 0x1ea8, 0x8,
        0x1ea9, 0x8, 0x1eaa, 0x8, 0x1eab, 0x8, 0x1eac, 0x8, 0x1ead, 0x8, 0x1eae, 0x8,
        0x1eaf, 0x8, 0x1eb0, 0x8, 0x1eb1, 0x8, 0x1eb2, 0x8, 0x1eb3, 0x8, 0x1eb4, 0x8,
        0x1eb5, 0x8, 0x1eb6, 0x8, 0x1eb7, 0x8, 0x1eb8, 0x4, 0x1eb9, 0x4, 0x1eba, 0x4,
        0x1ebb, 0x4, 0x1ebc, 0x4, 0x1ebd, 0x4, 0x1ebe, 0x8, 0x1ebf, 0x8, 0x1ec0, 0x8,
        0x1ec1, 0x8, 0x1ec2, 0x8, 0x1ec3, 0x8, 0x1ec4, 0x8, 0x1ec5, 0x8, 0x1ec6, 0x8,
        0x1ec7, 0x8, 0x1ec8, 0x4, 0x1ec9, 0x4, 0x1eca, 0x4, 0x1ecb, 0x4, 0x1ecc, 0x4,
        0x1ecd, 0x4, 0x1ece, 0x4, 0x1ecf, 0x4, 0x1ed0, 0x8, 0x1ed1, 0x8, 0x1ed2, 0x8,
        0x1ed3, 0x8, 0x1ed4, 0x8, 0x1ed5, 0x8, 0x1ed6, 0x8, 0x1ed7, 0x8, 0x1ed8, 0x8,
        0x1ed9, 0x8, 0x1eda, 0x8, 0x1edb, 0x8, 0x1edc, 0x8, 0x1edd, 0x8, 0x1ede, 0x8,
        0x1edf, 0x8, 0x1ee0, 0x8, 0x1ee1, 0x8, 0x1ee2, 0x8, 0x1ee3, 0x8, 0x1ee4, 0x4,
        0x1ee5, 0x4, 0x1ee6, 0x4, 0x1ee7, 0x4, 0x1ee8, 0x8, 0x1ee9, 0x8, 0x1eea, 0x8,
        0x1eeb, 0x8, 0x1eec, 0x8, 0x1eed, 0x8, 0x1eee, 0x8, 0x1eef, 0x8, 0x1ef0, 0x8,
        0x1ef1, 0x8, 0x1ef2, 0x4, 0x1ef3, 0x4, 0x1ef4, 0x4, 0x1ef5, 0x4, 0x1ef6, 0x4,
        0x1ef7, 0x4, 0x1ef8, 0x4, 0x1ef9, 0x4, 0x1f00, 0x4, 0x1f01, 0x4, 0x1f02, 0x8,
        0x1f03, 0x8, 0x1f04, 0x8, 0x1f05, 0x8, 0x1f06, 0x8, 0x1f07, 0x8, 0x1f08, 0x4,
        0x1f09, 0x4, 0x1f0a, 0x8, 0x1f0b, 0x8, 0x1f0c, 0x8, 0x1f0d, 0x8, 0x1f0e, 0x8,
        0x1f0f, 0x8, 0x1f10, 0x4, 0x1f11, 0x4, 0x1f12, 0x8, 0x1f13, 0x8, 0x1f14, 0x8,
        0x1f15, 0x8, 0x1f18, 0x4, 0x1f19, 0x4, 0x1f1a, 0x8, 0x1f1b, 0x8, 0x1f1c, 0x8,
        0x1f1d, 0x8, 0x1f20, 0x4, 0x1f21, 0x4, 0x1f22, 0x8, 0x1f23, 0x8, 0x1f24, 0x8,
        0x1f25, 0x8, 0x1f26, 0x8, 0x1f27, 0x8, 0x1f28, 0x4, 0x1f29, 0x4, 0x1f2a, 0x8,
        0x1f2b, 0x8, 0x1f2c, 0x8, 0x1f2d, 0x8, 0x1f2e, 0x8, 0x1f2f, 0x8, 0x1f30, 0x4,
        0x1f31, 0x4, 0x1f32, 0x8, 0x1f33, 0x8, 0x1f34, 0x8, 0x1f35, 0x8, 0x1f36, 0x8,
        0x1f37, 0x8, 0x1f38, 0x4, 0x1f39, 0x4, 0x1f3a, 0x8, 0x1f3b, 0x8, 0x1f3c, 0x8,
        0x1f3d, 0x8, 0x1f3e, 0x8, 0x1f3f, 0x8, 0x1f40, 0x4, 0x1f41, 0x4, 0x1f42, 0x8,
        0x1f43, 0x8, 0x1f44, 0x8, 0x1f45, 0x8, 0x1f48, 0x4, 0x1f49, 0x4, 0x1f4a, 0x8,
        0x1f4b, 0x8, 0x1f4c, 0x8, 0x1f4d, 0x8, 0x1f50, 0x4, 0x1f51, 0x4, 0x1f52, 0x8,
        0x1f53, 0x8, 0x1f54, 0x8, 0x1f55, 0x8, 0x1f56, 0x8, 0x1f57, 0x8, 0x1f59, 0x4,
        0x1f5b, 0x8, 0x1f5d, 0x8, 0x1f5f, 0x8, 0x1f60, 0x4, 0x1f61, 0x4, 0x1f62, 0x8,
        0x1f63, 0x8, 0x1f64, 0x8, 0x1f65, 0x8, 0x1f66, 0x8, 0x1f67, 0x8, 0x1f68, 0x4,
        0x1f69, 0x4, 0x1f6a, 0x8, 0x1f6b, 0x8, 0x1f6c, 0x8, 0x1f6d, 0x8, 0x1f6e, 0x8,
        0x1f6f, 0x8, 0x1f70, 0x4, 0x1f71, 0x4, 0x1f72, 0x4, 0x1f73, 0x4, 0x1f74, 0x4,
        0x1f75, 0x4, 0x1f76, 0x4, 0x1f77, 0x4, 0x1f78, 0x4, 0x1f79, 0x4, 0x1f7a, 0x4,
        0x1f7b, 0x4, 0x1f7c, 0x4, 0x1f7d, 0x4, 0x1f80, 0x8, 0x1f81, 0x8, 0x1f82, 0xc,
        0x1f83, 0xc, 0x1f84, 0xc, 0x1f85, 0xc, 0x1f86, 0xc, 0x1f87, 0xc, 0x1f88, 0x8,
        0x1f89, 0x8, 0x1f8a, 0xc, 0x1f8b, 0xc, 0x1f8c, 0xc, 0x1f8d, 0xc, 0x1f8e, 0xc,
        0x1f8f, 0xc, 0x1f90, 0x8, 0x1f91, 0x8, 0x1f92, 0xc, 0x1f93, 0xc, 0x1f94, 0xc,
        0x1f95, 0xc, 0x1f96, 0xc, 0x1f97, 0xc, 0x1f98, 0x8, 0x1f99, 0x8, 0x1f9a, 0xc,
        0x1f9b, 0xc, 0x1f9c, 0xc, 0x1f9d, 0xc, 0x1f9e, 0xc, 0x1f9f, 0xc, 0x1fa0, 0x8,
        0x1fa1, 0x8, 0x1fa2, 0xc, 0x1fa3, 0xc, 0x1fa4, 0xc, 0x1fa5, 0xc, 0x1fa6, 0xc,
        0x1fa7, 0xc, 0x1fa8, 0x8, 0x1fa9, 0x8, 0x1faa, 0xc, 0x1fab, 0xc, 0x1fac, 0xc,
        0x1fad, 0xc, 0x1fae, 0xc, 0x1faf, 0xc, 0x1fb0, 0x4, 0x1fb1, 0x4, 0x1fb2, 0x8,
        0x1fb3, 0x4, 0x1fb4, 0x8, 0x1fb6, 0x4, 0x1fb7, 0x8, 0x1fb8, 0x4, 0x1fb9, 0x4,
        0x1fba, 0x4, 0x1fbb, 0x4, 0x1fbc, 0x4, 0x1fbd, 0x4, 0x1fbf, 0x4, 0x1fc0, 0x4,
        0x1fc1, 0x8, 0x1fc2, 0x8, 0x1fc3, 0x4, 0x1fc4, 0x8, 0x1fc6, 0x4, 0x1fc7, 0x8,
        0x1fc8, 0x4, 0x1fc9, 0x4, 0x1fca, 0x4, 0x1fcb, 0x4, 0x1fcc, 0x4, 0x1fcd, 0x8,
        0x1fce, 0x8, 0x1fcf, 0x8, 0x1fd0, 0x4, 0x1fd1, 0x4, 0x1fd2, 0x8, 0x1fd3, 0x8,
        0x1fd6, 0x4, 0x1fd7, 0x8, 0x1fd8, 0x4, 0x1fd9, 0x4, 0x1fda, 0x4, 0x1fdb, 0x4,
        0x1fdd, 0x8, 0x1fde, 0x8, 0x1fdf, 0x8, 0x1fe0, 0x4, 0x1fe1, 0x4, 0x1fe2, 0x8,
        0x1fe3, 0x8, 0x1fe4, 0x4, 0x1fe5, 0x4, 0x1fe6, 0x4, 0x1fe7, 0x8, 0x1fe8, 0x4,
        0x1fe9, 0x4, 0x1fea, 0x4, 0x1feb, 0x4, 0x1fec, 0x4, 0x1fed, 0x8, 0x1fee, 0x8,
        0x1ff2, 0x8, 0x1ff3, 0x4, 0x1ff4, 0x8, 0x1ff6, 0x4, 0x1ff7, 0x8, 0x1ff8, 0x4,
        0x1ff9, 0x4, 0x1ffa, 0x4, 0x1ffb, 0x4, 0x1ffc, 0x4, 0x1ffd, 0x4, 0x1ffe, 0x4,
        0x2017, 0x4, 0x203e, 0x4, 0x20d0, 0x5, 0x20d1, 0x5, 0x20d2, 0x5, 0x20d3, 0x5,
        0x20d4, 0x5, 0x20d5, 0x5, 0x20d6, 0x5, 0x20d7, 0x5, 0x20d8, 0x5, 0x20d9, 0x5,
        0x20da, 0x5, 0x20db, 0x5, 0x20dc, 0x5, 0x20e1, 0x5, 0x20e5, 0x5, 0x20e6, 0x5,
        0x20e7, 0x5, 0x20e8, 0x5, 0x20e9, 0x5, 0x20ea, 0x5, 0x20eb, 0x5, 0x20ec, 0x5,
        0x20ed, 0x5, 0x20ee, 0x5, 0x20ef, 0x5, 0x20f0, 0x5, 0x212b, 0x4, 0x219a, 0x4,
        0x219b, 0x4, 0x21ae, 0x4, 0x21cd, 0x4, 0x21ce, 0x4, 0x21cf, 0x4, 0x2204, 0x4,
        0x2209, 0x4, 0x220c, 0x4, 0x2224, 0x4, 0x2226, 0x4, 0x2241, 0x4, 0x2244, 0x4,
        0x2247, 0x4, 0x2249, 0x4, 0x2260, 0x4, 0x2262, 0x4, 0x226d, 0x4, 0x226e, 0x4,
        0x226f, 0x4, 0x2270, 0x4, 0x2271, 0x4, 0x2274, 0x4, 0x2275, 0x4, 0x2278, 0x4,
        0x2279, 0x4, 0x2280, 0x4, 0x2281, 0x4, 0x2284, 0x4, 0x2285, 0x4, 0x2288, 0x4,
        0x2289, 0x4, 0x22ac, 0x4, 0x22ad, 0x4, 0x22ae, 0x4, 0x22af, 0x4, 0x22e0, 0x4,
        0x22e1, 0x4, 0x22e2, 0x4, 0x22e3, 0x4, 0x22ea, 0x4, 0x22eb, 0x4, 0x22ec, 0x4,
        0x22ed, 0x4, 0x2adc, 0x4, 0x2cef, 0x5, 0x2cf0, 0x5, 0x2cf1, 0x5, 0x2d7f, 0x5,
        0x2de0, 0x5, 0x2de1, 0x5, 0x2de2, 0x5, 0x2de3, 0x5, 0x2de4, 0x5, 0x2de5, 0x5,
        0x2de6, 0x5, 0x2de7, 0x5, 0x2de8, 0x5, 0x2de9, 0x5, 0x2dea, 0x5, 0x2deb, 0x5,
        0x2dec, 0x5, 0x2ded, 0x5, 0x2dee, 0x5, 0x2def, 0x5, 0x2df0, 0x5, 0x2df1, 0x5,
        0x2df2, 0x5, 0x2df3, 0x5, 0x2df4, 0x5, 0x2df5, 0x5, 0x2df6, 0x5, 0x2df7, 0x5,
        0x2df8, 0x5, 0x2df9, 0x5, 0x2dfa, 0x5, 0x2dfb, 0x5, 0x2dfc, 0x5, 0x2dfd, 0x5,
        0x2dfe, 0x5, 0x2dff, 0x5, 0x302a, 0x5, 0x302b, 0x5, 0x302c, 0x5, 0x302d, 0x5,
        0x302e, 0x5, 0x302f, 0x5, 0x304c, 0x4, 0x304e, 0x4, 0x3050, 0x4, 0x3052, 0x4,
        0x3054, 0x4, 0x3056, 0x4, 0x3058, 0x4, 0x305a, 0x4, 0x305c, 0x4, 0x305e, 0x4,
        0x3060, 0x4, 0x3062, 0x4, 0x3065, 0x4, 0x3067, 0x4, 0x3069, 0x4, 0x3070, 0x4,
        0x3071, 0x4, 0x3073, 0x4, 0x3074, 0x4, 0x3076, 0x4, 0x3077, 0x4, 0x3079, 0x4,
        0x307a, 0x4, 0x307c, 0x4, 0x307d, 0x4, 0x3094, 0x4, 0x3099, 0x5, 0x309a, 0x5,
        0x309b, 0x4, 0x309c, 0x4, 0x309e, 0x4, 0x30ac, 0x4, 0x30ae, 0x4, 0x30b0, 0x4,
        0x30b2, 0x4, 0x30b4, 0x4, 0x30b6, 0x4, 0x30b8, 0x4, 0x30ba, 0x4, 0x30bc, 0x4,
        0x30be, 0x4, 0x30c0, 0x4, 0x30c2, 0x4, 0x30c5, 0x4, 0x30c7, 0x4, 0x30c9, 0x4,
        0x30d0, 0x4, 0x30d1, 0x4, 0x30d3, 0x4, 0x30d4, 0x4, 0x30d6, 0x4, 0x30d7, 0x4,
        0x30d9, 0x4, 0x30da, 0x4, 0x30dc, 0x4, 0x30dd, 0x4, 0x30f4, 0x4, 0x30f7, 0x4,
        0x30f8, 0x4, 0x30f9, 0x4, 0x30fa, 0x4, 0x30fe, 0x4, 0x3133, 0x5, 0x3135, 0x5,
        0x3136, 0x5, 0x313a, 0x5, 0x313b, 0x5, 0x313c, 0x5, 0x313d, 0x5, 0x313e, 0x5,
        0x313f, 0x5, 0x314f, 0x5, 0x3150, 0x5, 0x3151, 0x5, 0x3152, 0x5, 0x3153, 0x5,
        0x3154, 0x5, 0x3155, 0x5, 0x3156, 0x5, 0x3157, 0x5, 0x3158, 0x5, 0x3159, 0x5,
        0x315a, 0x5, 0x315b, 0x5, 0x315c, 0x5, 0x315d, 0x5, 0x315e, 0x5, 0x315f, 0x5,
        0x3160, 0x5, 0x3161, 0x5, 0x3162, 0x5, 0x3163, 0x5, 0x326e, 0x4, 0x326f, 0x4,
        0x3270, 0x4, 0x3271, 0x4, 0x3272, 0x4, 0x3273, 0x4, 0x3274, 0x4, 0x3275, 0x4,
        0x3276, 0x4, 0x3277, 0x4, 0x3278, 0x4, 0x3279, 0x4, 0x327a, 0x4, 0x327b, 0x4,
        0x327c, 0x4, 0x327d, 0x4, 0x327e, 0x4, 0x3304, 0x4, 0x3307, 0x4, 0x3310, 0x4,
        0x331e, 0x4, 0x3321, 0x4, 0x3332, 0x4, 0x333b, 0x4, 0x3340, 0x4, 0x334b, 0x4,
        0x334e, 0x4, 0xa66f, 0x5, 0xa674, 0x5, 0xa675, 0x5, 0xa676, 0x5, 0xa677, 0x5,
        0xa678, 0x5, 0xa679, 0x5, 0xa67a, 0x5, 0xa67b, 0x5, 0xa67c, 0x5, 0xa67d, 0x5,
        0xa69e, 0x5, 0xa69f, 0x5, 0xa6f0, 0x5, 0xa6f1, 0x5, 0xa806, 0x5, 0xa82c, 0x5,
        0xa8c4, 0x5, 0xa8e0, 0x5, 0xa8e1, 0x5, 0xa8e2, 0x5, 0xa8e3, 0x5, 0xa8e4, 0x5,
        0xa8e5, 0x5, 0xa8e6, 0x5, 0xa8e7, 0x5, 0xa8e8, 0x5, 0xa8e9, 0x5, 0xa8ea, 0x5,
        0xa8eb, 0x5, 0xa8ec, 0x5, 0xa8ed, 0x5, 0xa8ee, 0x5, 0xa8ef, 0x5, 0xa8f0, 0x5,
        0xa8f1, 0x5, 0xa92b, 0x5, 0xa92c, 0x5, 0xa92d, 0x5, 0xa953, 0x5, 0xa9b3, 0x5,
        0xa9c0, 0x5, 0xaab0, 0x5, 0xaab2, 0x5, 0xaab3, 0x5, 0xaab4, 0x5, 0xaab7, 0x5,
        0xaab8, 0x5, 0xaabe, 0x5, 0xaabf, 0x5, 0xaac1, 0x5, 0xaaf6, 0x5, 0xabed, 0x5,
        0xac00, 0x4, 0xac01, 0x8, 0xac02, 0x8, 0xac03, 0x8, 0xac04, 0x8, 0xac05, 0x8,
        0xac06, 0x8, 0xac07, 0x8, 0xac08, 0x8, 0xac09, 0x8, 0xac0a, 0x8, 0xac0b, 0x8,
        0xac0c, 0x8, 0xac0d, 0x8, 0xac0e, 0x8, 0xac0f, 0x8, 0xac10, 0x8, 0xac11, 0x8,
        0xac12, 0x8, 0xac13, 0x8, 0xac14, 0x8, 0xac15, 0x8, 0xac16, 0x8, 0xac17, 0x8,
        0xac18, 0x8, 0xac19, 0x8, 0xac1a, 0x8, 0xac1b, 0x8, 0xac1c, 0x4, 0xac1d, 0x8,
        0xac1e, 0x8, 0xac1f, 0x8, 0xac20, 0x8, 0xac21, 0x8, 0xac22, 0x8, 0xac23, 0x8,
        0xac24, 0x8, 0xac25, 0x8, 0xac26, 0x8, 0xac27, 0x8, 0xac28, 0x8, 0xac29, 0x8,
        0xac2a, 0x8, 0xac2b, 0x8, 0xac2c, 0x8, 0xac2d, 0x8, 0xac2e, 0x8, 0xac2f, 0x8,
        0xac30, 0x8, 0xac31, 0x8, 0xac32, 0x8, 0xac33, 0x8, 0xac34, 0x8, 0xac35, 0x8,
        0xac36, 0x8, 0xac37, 0x8, 0xac38, 0x4, 0xac39, 0x8, 0xac3a, 0x8, 0xac3b, 0x8,
        0xac3c, 0x8, 0xac3d, 0x8, 0xac3e, 0x8, 0xac3f, 0x8, 0xac40, 0x8, 0xac41, 0x8,
        0xac42, 0x8, 0xac43, 0x8, 0xac44, 0x8, 0xac45, 0x8, 0xac46, 0x8, 0xac47, 0x8,
        0xac48, 0x8, 0xac49, 0x8, 0xac4a, 0x8, 0xac4b, 0x8, 0xac4c, 0x8, 0xac4d, 0x8,
        0xac4e, 0x8, 0xac4f, 0x8, 0xac50, 0x8, 0xac51, 0x8, 0xac52, 0x8, 0xac53, 0x8,
        0xac54, 0x4, 0xac55, 0x8, 0xac56, 0x8, 0xac57, 0x8, 0xac58, 0x8, 0xac59, 0x8,
        0xac5a, 0x8, 0xac5b, 0x8, 0xac5c, 0x8, 0xac5d, 0x8, 0xac5e, 0x8, 0xac5f, 0x8,
        0xac60, 0x8, 0xac61, 0x8, 0xac62, 0x8, 0xac63, 0x8, 0xac64, 0x8, 0xac65, 0x8,
        0xac66, 0x8, 0xac67, 0x8, 0xac68, 0x8, 0xac69, 0x8, 0xac6a, 0x8, 0xac6b, 0x8,
        0xac6c, 0x8, 0xac6d, 0x8, 0xac6e, 0x8, 0xac6f, 0x8, 0xac70, 0x4, 0xac71, 0x8,
        0xac72, 0x8, 0xac73, 0x8, 0xac74, 0x8, 0xac75, 0x8, 0xac76, 0x8, 0xac77, 0x8,
        0xac78, 0x8, 0xac79, 0x8, 0xac7a, 0x8, 0xac7b, 0x8, 0xac7c, 0x8, 0xac7d, 0x8,
        0xac7e, 0x8, 0xac7f, 0x8, 0xac80, 0x8, 0xac81, 0x8, 0xac82, 0x8, 0xac83, 0x8,
        0xac84, 0x8, 0xac85, 0x8, 0xac86, 0x8, 0xac87, 0x8, 0xac88, 0x8, 0xac89, 0x8,
        0xac8a, 0x8, 0xac8b, 0x8, 0xac8c, 0x4, 0xac8d, 0x8, 0xac8e, 0x8, 0xac8f, 0x8,
        0xac90, 0x8, 0xac91, 0x8, 0xac92, 0x8, 0xac93, 0x8, 0xac94, 0x8, 0xac95, 0x8,
        0xac96, 0x8, 0xac97, 0x8, 0xac98, 0x8, 0xac99, 0x8, 0xac9a, 0x8, 0xac9b, 0x8,
        0xac9c, 0x8, 0xac9d, 0x8, 0xac9e, 0x8, 0xac9f, 0x8, 0xaca0, 0x8, 0xaca1, 0x8,
        0xaca2, 0x8, 0xaca3, 0x8, 0xaca4, 0x8, 0xaca5, 0x8, 0xaca6, 0x8, 0xaca7, 0x8,
        0xaca8, 0x4, 0xaca9, 0x8, 0xacaa, 0x8, 0xacab, 0x8, 0xacac, 0x8, 0xacad, 0x8,
        0xacae, 0x8, 0xacaf, 0x8, 0xacb0, 0x8, 0xacb1, 0x8, 0xacb2, 0x8, 0xacb3, 0x8,
        0xacb4, 0x8, 0xacb5, 0x8, 0xacb6, 0x8, 0xacb7, 0x8, 0xacb8, 0x8, 0xacb9, 0x8,
        0xacba, 0x8, 0xacbb, 0x8, 0xacbc, 0x8, 0xacbd, 0x8, 0xacbe, 0x8, 0xacbf, 0x8,
        0xacc0, 0x8, 0xacc1, 0x8, 0xacc2, 0x8, 0xacc3, 0x8, 0xacc4, 0x4, 0xacc5, 0x8,
        0xacc6, 0x8, 0xacc7, 0x8, 0xacc8, 0x8, 0xacc9, 0x8, 0xacca, 0x8, 0xaccb, 0x8,
        0xaccc, 0x8, 0xaccd, 0x8, 0xacce, 0x8, 0xaccf, 0x8, 0xacd0, 0x8, 0xacd1, 0x8,
        0xacd2, 0x8, 0xacd3, 0x8, 0xacd4, 0x8, 0xacd5, 0x8, 0xacd6, 0x8, 0xacd7, 0x8,
        0xacd8, 0x8, 0xacd9, 0x8, 0xacda, 0x8, 0xacdb, 0x8, 0xacdc, 0x8, 0xacdd, 0x8,
        0xacde, 0x8, 0xacdf, 0x8, 0xace0, 0x4, 0xace1, 0x8, 0xace2, 0x8, 0xace3, 0x8,
        0xace4, 0x8, 0xace5, 0x8, 0xace6, 0x8, 0xace7, 0x8, 0xace8, 0x8, 0xace9, 0x8,
        0xacea, 0x8, 0xaceb, 0x8, 0xacec, 0x8, 0xaced, 0x8, 0xacee, 0x8, 0xacef, 0x8,
        0xacf0, 0x8, 0xacf1, 0x8, 0xacf2, 0x8, 0xacf3, 0x8, 0xacf4, 0x8, 0xacf5, 0x8,
        0xacf6, 0x8, 0xacf7, 0x8, 0xacf8, 0x8, 0xacf9, 0x8, 0xacfa, 0x8, 0xacfb, 0x8,
        0xacfc, 0x4, 0xacfd, 0x8, 0xacfe, 0x8, 0xacff, 0x8, 0xad00, 0x8, 0xad01, 0x8,
        0xad02, 0x8, 0xad03, 0x8, 0xad04, 0x8, 0xad05, 0x8, 0xad06, 0x8, 0xad07, 0x8,
        0xad08, 0x8, 0xad09, 0x8, 0xad0a, 0x8, 0xad0b, 0x8, 0xad0c, 0x8, 0xad0d, 0x8,
        0xad0e, 0x8, 0xad0f, 0x8, 0xad10, 0x8, 0xad11, 0x8, 0xad12, 0x8, 0xad13, 0x8,
        0xad14, 0x8, 0xad15, 0x8, 0xad16, 0x8, 0xad17, 0x8, 0xad18, 0x4, 0xad19, 0x8,
        0xad1a, 0x8, 0xad1b, 0x8, 0xad1c, 0x8, 0xad1d, 0x8, 0xad1e, 0x8, 0xad1f, 0x8,
        0xad20, 0x8, 0xad21, 0x8, 0xad22, 0x8, 0xad23, 0x8, 0xad24, 0x8, 0xad25, 0x8,
        0xad26, 0x8, 0xad27, 0x8, 0xad28, 0x8, 0xad29, 0x8, 0xad2a, 0x8, 0xad2b, 0x8,
        0xad2c, 0x8, 0xad2d, 0x8, 0xad2e, 0x8, 0xad2f, 0x8, 0xad30, 0x8, 0xad31, 0x8,
        0xad32, 0x8, 0xad33, 0x8, 0xad34, 0x4, 0xad35, 0x8, 0xad36, 0x8, 0xad37, 0x8,
        0xad38, 0x8, 0xad39, 0x8, 0xad3a, 0x8, 0xad3b, 0x8, 0xad3c, 0x8, 0xad3d, 0x8,
        0xad3e, 0x8, 0xad3f, 0x8, 0xad40, 0x8, 0xad41, 0x8, 0xad42, 0x8, 0xad43, 0x8,
        0xad44, 0x8, 0xad45, 0x8, 0xad46, 0x8, 0xad47, 0x8, 0xad48, 0x8, 0xad49, 0x8,
        0xad4a, 0x8, 0xad4b, 0x8, 0xad4c, 0x8, 0xad4d, 0x8, 0xad4e, 0x8, 0xad4f, 0x8,
        0xad50, 0x4, 0xad51, 0x8, 0xad52, 0x8, 0xad53, 0x8, 0xad54, 0x8, 0xad55, 0x8,
        0xad56, 0x8, 0xad57, 0x8, 0xad58, 0x8, 0xad59, 0x8, 0xad5a, 0x8, 0xad5b, 0x8,
        0xad5c, 0x8, 0xad5d, 0x8, 0xad5e, 0x8, 0xad5f, 0x8, 0xad60, 0x8, 0xad61, 0x8,
        0xad62, 0x8, 0xad63, 0x8, 0xad64, 0x8, 0xad65, 0x8, 0xad66, 0x8, 0xad67, 0x8,
        0xad68, 0x8, 0xad69, 0x8, 0xad6a, 0x8, 0xad6b, 0x8, 0xad6c, 0x4, 0xad6d, 0x8,
        0xad6e, 0x8, 0xad6f, 0x8, 0xad70, 0x8, 0xad71, 0x8, 0xad72, 0x8, 0xad73, 0x8,
        0xad74, 0x8, 0xad75, 0x8, 0xad76, 0x8, 0xad77, 0x8, 0xad78, 0x8, 0xad79, 0x8,
        0xad7a, 0x8, 0xad7b, 0x8, 0xad7c, 0x8, 0xad7d, 0x8, 0xad7e, 0x8, 0xad7f, 0x8,
        0xad80, 0x8, 0xad81, 0x8, 0xad82, 0x8, 0xad83, 0x8, 0xad84, 0x8, 0xad85, 0x8,
        0xad86, 0x8, 0xad87, 0x8, 0xad88, 0x4, 0xad89, 0x8, 0xad8a, 0x8, 0xad8b, 0x8,
        0xad8c, 0x8, 0xad8d, 0x8, 0xad8e, 0x8, 0xad8f, 0x8, 0xad90, 0x8, 0xad91, 0x8,
        0xad92, 0x8, 0xad93, 0x8, 0xad94, 0x8, 0xad95, 0x8, 0xad96, 0x8, 0xad97, 0x8,
        0xad98, 0x8, 0xad99, 0x8, 0xad9a, 0x8, 0xad9b, 0x8, 0xad9c, 0x8, 0xad9d, 0x8,
        0xad9e, 0x8, 0xad9f, 0x8, 0xada0, 0x8, 0xada1, 0x8, 0xada2, 0x8, 0xada3, 0x8,
        0xada4, 0x4, 0xada5, 0x8, 0xada6, 0x8, 0xada7, 0x8, 0xada8, 0x8, 0xada9, 0x8,
        0xadaa, 0x8, 0xadab, 0x8, 0xadac, 0x8, 0xadad, 0x8, 0xadae, 0x8, 0xadaf, 0x8,
        0xadb0, 0x8, 0xadb1, 0x8, 0xadb2, 0x8, 0xadb3, 0x8, 0xadb4, 0x8, 0xadb5, 0x8,
        0xadb6, 0x8, 0xadb7, 0x8, 0xadb8, 0x8, 0xadb9, 0x8, 0xadba, 0x8, 0xadbb, 0x8,
        0xadbc, 0x8, 0xadbd, 0x8, 0xadbe, 0x8, 0xadbf, 0x8, 0xadc0, 0x4, 0xadc1, 0x8,
        0xadc2, 0x8, 0xadc3, 0x8, 0xadc4, 0x8, 0xadc5, 0x8, 0xadc6, 0x8, 0xadc7, 0x8,
        0xadc8, 0x8, 0xadc9, 0x8, 0xadca, 0x8, 0xadcb, 0x8, 0xadcc, 0x8, 0xadcd, 0x8,
        0xadce, 0x8, 0xadcf, 0x8, 0xadd0, 0x8, 0xadd1, 0x8, 0xadd2, 0x8, 0xadd3, 0x8,
        0xadd4, 0x8, 0xadd5, 0x8, 0xadd6, 0x8, 0xadd7, 0x8, 0xadd8, 0x8, 0xadd9, 0x8,
        0xadda, 0x8, 0xaddb, 0x8, 0xaddc, 0x4, 0xaddd, 0x8, 0xadde, 0x8, 0xaddf, 0x8,
        0xade0, 0x8, 0xade1, 0x8, 0xade2, 0x8, 0xade3, 0x8, 0xade4, 0x8, 0xade5, 0x8,
        0xade6, 0x8, 0xade7, 0x8, 0xade8, 0x8, 0xade9, 0x8, 0xadea, 0x8, 0xadeb, 0x8,
        0xadec, 0x8, 0xaded, 0x8, 0xadee, 0x8, 0xadef, 0x8, 0xadf0, 0x8, 0xadf1, 0x8,
        0xadf2, 0x8, 0xadf3, 0x8, 0xadf4, 0x8, 0xadf5, 0x8, 0xadf6, 0x8, 0xadf7, 0x8,
        0xadf8, 0x4, 0xadf9, 0x8, 0xadfa, 0x8, 0xadfb, 0x8, 0xadfc, 0x8, 0xadfd, 0x8,
        0xadfe, 0x8, 0xadff, 0x8, 0xae00, 0x8, 0xae01, 0x8, 0xae02, 0x8, 0xae03, 0x8,
        0xae04, 0x8, 0xae05, 0x8, 0xae06, 0x8, 0xae07, 0x8, 0xae08, 0x8, 0xae09, 0x8,
        0xae0a, 0x8, 0xae0b, 0x8, 0xae0c, 0x8, 0xae0d, 0x8, 0xae0e, 0x8, 0xae0f, 0x8,
        0xae10, 0x8, 0xae11, 0x8, 0xae12, 0x8, 0xae13, 0x8, 0xae14, 0x4, 0xae15, 0x8,
        0xae16, 0x8, 0xae17, 0x8, 0xae18, 0x8, 0xae19, 0x8, 0xae1a, 0x8, 0xae1b, 0x8,
        0xae1c, 0x8, 0xae1d, 0x8, 0xae1e, 0x8, 0xae1f, 0x8, 0xae20, 0x8, 0xae21, 0x8,
        0xae22, 0x8, 0xae23, 0x8, 0xae24, 0x8, 0xae25, 0x8, 0xae26, 0x8, 0xae27, 0x8,
        0xae28, 0x8, 0xae29, 0x8, 0xae2a, 0x8, 0xae2b, 0x8, 0xae2c, 0x8, 0xae2d, 0x8,
        0xae2e, 0x8, 0xae2f, 0x8, 0xae30, 0x4, 0xae31, 0x8, 0xae32, 0x8, 0xae33, 0x8,
        0xae34, 0x8, 0xae35, 0x8, 0xae36, 0x8, 0xae37, 0x8, 0xae38, 0x8, 0xae39, 0x8,
        0xae3a, 0x8, 0xae3b, 0x8, 0xae3c, 0x8, 0xae3d, 0x8, 0xae3e, 0x8, 0xae3f, 0x8,
        0xae40, 0x8, 0xae41, 0x8, 0xae42, 0x8, 0xae43, 0x8, 0xae44, 0x8, 0xae45, 0x8,
        0xae46, 0x8, 0xae47, 0x8, 0xae48, 0x8, 0xae49, 0x8, 0xae4a, 0x8, 0xae4b, 0x8,
        0xae4c, 0x4, 0xae4d, 0x8, 0xae4e, 0x8, 0xae4f, 0x8, 0xae50, 0x8, 0xae51, 0x8,
        0xae52, 0x8, 0xae53, 0x8, 0xae54, 0x8, 0xae55, 0x8, 0xae56, 0x8, 0xae57, 0x8,
        0xae58, 0x8, 0xae59, 0x8, 0xae5a, 0x8, 0xae5b, 0x8, 0xae5c, 0x8, 0xae5d, 0x8,
        0xae5e, 0x8, 0xae5f, 0x8, 0xae60, 0x8, 0xae61, 0x8, 0xae62, 0x8, 0xae63, 0x8,
        0xae64, 0x8, 0xae65, 0x8, 0xae66, 0x8, 0xae67, 0x8, 0xae68, 0x4, 0xae69, 0x8,
        0xae6a, 0x8, 0xae6b, 0x8, 0xae6c, 0x8, 0xae6d, 0x8, 0xae6e, 0x8, 0xae6f, 0x8,
        0xae70, 0x8, 0xae71, 0x8, 0xae72, 0x8, 0xae73, 0x8, 0xae74, 0x8, 0xae75, 0x8,
        0xae76, 0x8, 0xae77, 0x8, 0xae78, 0x8, 0xae79, 0x8, 0xae7a, 0x8, 0xae7b, 0x8,
        0xae7c, 0x8, 0xae7d, 0x8, 0xae7e, 0x8, 0xae7f, 0x8, 0xae80, 0x8, 0xae81, 0x8,
        0xae82, 0x8, 0xae83, 0x8, 0xae84, 0x4, 0xae85, 0x8, 0xae86, 0x8, 0xae87, 0x8,
        0xae88, 0x8, 0xae89, 0x8, 0xae8a, 0x8, 0xae8b, 0x8, 0xae8c, 0x8, 0xae8d, 0x8,
        0xae8e, 0x8, 0xae8f, 0x8, 0xae90, 0x8, 0xae91, 0x8, 0xae92, 0x8, 0xae93, 0x8,
        0xae94, 0x8, 0xae95, 0x8, 0xae96, 0x8, 0xae97, 0x8, 0xae98, 0x8, 0xae99, 0x8,
        0xae9a, 0x8, 0xae9b, 0x8, 0xae9c, 0x8, 0xae9d, 0x8, 0xae9e, 0x8, 0xae9f, 0x8,
        0xaea0, 0x4, 0xaea1, 0x8, 0xaea2, 0x8, 0xaea3, 0x8, 0xaea4, 0x8, 0xaea5, 0x8,
        0xaea6, 0x8, 0xaea7, 0x8, 0xaea8, 0x8, 0xaea9, 0x8, 0xaeaa, 0x8, 0xaeab, 0x8,
        0xaeac, 0x8, 0xaead, 0x8, 0xaeae, 0x8, 0xaeaf, 0x8, 0xaeb0, 0x8, 0xaeb1, 0x8,
        0xaeb2, 0x8, 0xaeb3, 0x8, 0xaeb4, 0x8, 0xaeb5, 0x8, 0xaeb6, 0x8, 0xaeb7, 0x8,
        0xaeb8, 0x8, 0xaeb9, 0x8, 0xaeba, 0x8, 0xaebb, 0x8, 0xaebc, 0x4, 0xaebd, 0x8,
        0xaebe, 0x8, 0xaebf, 0x8, 0xaec0, 0x8, 0xaec1, 0x8, 0xaec2, 0x8, 0xaec3, 0x8,
        0xaec4, 0x8, 0xaec5, 0x8, 0xaec6, 0x8, 0xaec7, 0x8, 0xaec8, 0x8, 0xaec9, 0x8,
        0xaeca, 0x8, 0xaecb, 0x8, 0xaecc, 0x8, 0xaecd, 0x8, 0xaece, 0x8, 0xaecf, 0x8,
        0xaed0, 0x8, 0xaed1, 0x8, 0xaed2, 0x8, 0xaed3, 0x8, 0xaed4, 0x8, 0xaed5, 0x8,
        0xaed6, 0x8, 0xaed7, 0x8, 0xaed8, 0x4, 0xaed9, 0x8, 0xaeda, 0x8, 0xaedb, 0x8,
        0xaedc, 0x8, 0xaedd, 0x8, 0xaede, 0x8, 0xaedf, 0x8, 0xaee0, 0x8, 0xaee1, 0x8,
        0xaee2, 0x8, 0xaee3, 0x8, 0xaee4, 0x8, 0xaee5, 0x8, 0xaee6, 0x8, 0xaee7, 0x8,
        0xaee8, 0x8, 0xaee9, 0x8, 0xaeea, 0x8, 0xaeeb, 0x8, 0xaeec, 0x8, 0xaeed, 0x8,
        0xaeee, 0x8, 0xaeef, 0x8, 0xaef0, 0x8, 0xaef1, 0x8, 0xaef2, 0x8, 0xaef3, 0x8,
        0xaef4, 0x4, 0xaef5, 0x8, 0xaef6, 0x8, 0xaef7, 0x8, 0xaef8, 0x8, 0xaef9, 0x8,
        0xaefa, 0x8, 0xaefb, 0x8, 0xaefc, 0x8, 0xaefd, 0x8, 0xaefe, 0x8, 0xaeff, 0x8,
        0xaf00, 0x8, 0xaf01, 0x8, 0xaf02, 0x8, 0xaf03, 0x8, 0xaf04, 0x8, 0xaf05, 0x8,
        0xaf06, 0x8, 0xaf07, 0x8, 0xaf08, 0x8, 0xaf09, 0x8, 0xaf0a, 0x8, 0xaf0b, 0x8,
        0xaf0c, 0x8, 0xaf0d, 0x8, 0xaf0e, 0x8, 0xaf0f, 0x8, 0xaf10, 0x4, 0xaf11, 0x8,
        0xaf12, 0x8, 0xaf13, 0x8, 0xaf14, 0x8, 0xaf15, 0x8, 0xaf16, 0x8, 0xaf17, 0x8,
        0xaf18, 0x8, 0xaf19, 0x8, 0xaf1a, 0x8, 0xaf1b, 0x8, 0xaf1c, 0x8, 0xaf1d, 0x8,
        0xaf1e, 0x8, 0xaf1f, 0x8, 0xaf20, 0x8, 0xaf21, 0x8, 0xaf22, 0x8, 0xaf23, 0x8,
        0xaf24, 0x8, 0xaf25, 0x8, 0xaf26, 0x8, 0xaf27, 0x8, 0xaf28, 0x8, 0xaf29, 0x8,
        0xaf2a, 0x8, 0xaf2b, 0x8, 0xaf2c, 0x4, 0xaf2d, 0x8, 0xaf2e, 0x8, 0xaf2f, 0x8,
        0xaf30, 0x8, 0xaf31, 0x8, 0xaf32, 0x8, 0xaf33, 0x8, 0xaf34, 0x8, 0xaf35, 0x8,
        0xaf36, 0x8, 0xaf37, 0x8, 0xaf38, 0x8, 0xaf39, 0x8, 0xaf3a, 0x8, 0xaf3b, 0x8,
        0xaf3c, 0x8, 0xaf3d, 0x8, 0xaf3e, 0x8, 0xaf3f, 0x8, 0xaf40, 0x8, 0xaf41, 0x8,
        0xaf42, 0x8, 0xaf43, 0x8, 0xaf44, 0x8, 0xaf45, 0x8, 0xaf46, 0x8, 0xaf47, 0x8,
        0xaf48, 0x4, 0xaf49, 0x8, 0xaf4a, 0x8, 0xaf4b, 0x8, 0xaf4c, 0x8, 0xaf4d, 0x8,
        0xaf4e, 0x8, 0xaf4f, 0x8, 0xaf50, 0x8, 0xaf51, 0x8, 0xaf52, 0x8, 0xaf53, 0x8,
        0xaf54, 0x8, 0xaf55, 0x8, 0xaf56, 0x8, 0xaf57, 0x8, 0xaf58, 0x8, 0xaf59, 0x8,
        0xaf5a, 0x8, 0xaf5b, 0x8, 0xaf5c, 0x8, 0xaf5d, 0x8, 0xaf5e, 0x8, 0xaf5f, 0x8,
        0xaf60, 0x8, 0xaf61, 0x8, 0xaf62, 0x8, 0xaf63, 0x8, 0xaf64, 0x4, 0xaf65, 0x8,
        0xaf66, 0x8, 0xaf67, 0x8, 0xaf68, 0x8, 0xaf69, 0x8, 0xaf6a, 0x8, 0xaf6b, 0x8,
        0xaf6c, 0x8, 0xaf6d, 0x8, 0xaf6e, 0x8, 0xaf6f, 0x8, 0xaf70, 0x8, 0xaf71, 0x8,
        0xaf72, 0x8, 0xaf73, 0x8, 0xaf74, 0x8, 0xaf75, 0x8, 0xaf76, 0x8, 0xaf77, 0x8,
        0xaf78, 0x8, 0xaf79, 0x8, 0xaf7a, 0x8, 0xaf7b, 0x8, 0xaf7c, 0x8, 0xaf7d, 0x8,
        0xaf7e, 0x8, 0xaf7f, 0x8, 0xaf80, 0x4, 0xaf81, 0x8, 0xaf82, 0x8, 0xaf83, 0x8,
        0xaf84, 0x8, 0xaf85, 0x8, 0xaf86, 0x8, 0xaf87, 0x8, 0xaf88, 0x8, 0xaf89, 0x8,
        0xaf8a, 0x8, 0xaf8b, 0x8, 0xaf8c, 0x8, 0xaf8d, 0x8, 0xaf8e, 0x8, 0xaf8f, 0x8,
        0xaf90, 0x8, 0xaf91, 0x8, 0xaf92, 0x8, 0xaf93, 0x8, 0xaf94, 0x8, 0xaf95, 0x8,
        0xaf96, 0x8, 0xaf97, 0x8, 0xaf98, 0x8, 0xaf99, 0x8, 0xaf9a, 0x8, 0xaf9b, 0x8,
        0xaf9c, 0x4, 0xaf9d, 0x8, 0xaf9e, 0x8, 0xaf9f, 0x8, 0xafa0, 0x8, 0xafa1, 0x8,
        0xafa2, 0x8, 0xafa3, 0x8, 0xafa4, 0x8, 0xafa5, 0x8, 0xafa6, 0x8, 0xafa7, 0x8,
        0xafa8, 0x8, 0xafa9, 0x8, 0xafaa, 0x8, 0xafab, 0x8, 0xafac, 0x8, 0xafad, 0x8,
        0xafae, 0x8, 0xafaf, 0x8, 0xafb0, 0x8, 0xafb1, 0x8, 0xafb2, 0x8, 0xafb3, 0x8,
        0xafb4, 0x8, 0xafb5, 0x8, 0xafb6, 0x8, 0xafb7, 0x8, 0xafb8, 0x4, 0xafb9, 0x8,
        0xafba, 0x8, 0xafbb, 0x8, 0xafbc, 0x8, 0xafbd, 0x8, 0xafbe, 0x8, 0xafbf, 0x8,
        0xafc0, 0x8, 0xafc1, 0x8, 0xafc2, 0x8, 0xafc3, 0x8, 0xafc4, 0x8, 0xafc5, 0x8,
        0xafc6, 0x8, 0xafc7, 0x8, 0xafc8, 0x8, 0xafc9, 0x8, 0xafca, 0x8, 0xafcb, 0x8,
        0xafcc, 0x8, 0xafcd, 0x8, 0xafce, 0x8, 0xafcf, 0x8, 0xafd0, 0x8, 0xafd1, 0x8,
        0xafd2, 0x8, 0xafd3, 0x8, 0xafd4, 0x4, 0xafd5, 0x8, 0xafd6, 0x8, 0xafd7, 0x8,
        0xafd8, 0x8, 0xafd9, 0x8, 0xafda, 0x8, 0xafdb, 0x8, 0xafdc, 0x8, 0xafdd, 0x8,
        0xafde, 0x8, 0xafdf, 0x8, 0xafe0, 0x8, 0xafe1, 0x8, 0xafe2, 0x8, 0xafe3, 0x8,
        0xafe4, 0x8, 0xafe5, 0x8, 0xafe6, 0x8, 0xafe7, 0x8, 0xafe8, 0x8, 0xafe9, 0x8,
        0xafea, 0x8, 0xafeb, 0x8, 0xafec, 0x8, 0xafed, 0x8, 0xafee, 0x8, 0xafef, 0x8,
        0xaff0, 0x4, 0xaff1, 0x8, 0xaff2, 0x8, 0xaff3, 0x8, 0xaff4, 0x8, 0xaff5, 0x8,
        0xaff6, 0x8, 0xaff7, 0x8, 0xaff8, 0x8, 0xaff9, 0x8, 0xaffa, 0x8, 0xaffb, 0x8,
        0xaffc, 0x8, 0xaffd, 0x8, 0xaffe, 0x8, 0xafff, 0x8, 0xb000, 0x8, 0xb001, 0x8,
        0xb002, 0x8, 0xb003, 0x8, 0xb004, 0x8, 0xb005, 0x8, 0xb006, 0x8, 0xb007, 0x8,
        0xb008, 0x8, 0xb009, 0x8, 0xb00a, 0x8, 0xb00b, 0x8, 0xb00c, 0x4, 0xb00d, 0x8,
        0xb00e, 0x8, 0xb00f, 0x8, 0xb010, 0x8, 0xb011, 0x8, 0xb012, 0x8, 0xb013, 0x8,
        0xb014, 0x8, 0xb015, 0x8, 0xb016, 0x8, 0xb017, 0x8, 0xb018, 0x8, 0xb019, 0x8,
        0xb01a, 0x8, 0xb01b, 0x8, 0xb01c, 0x8, 0xb01d, 0x8, 0xb01e, 0x8, 0xb01f, 0x8,
        0xb020, 0x8, 0xb021, 0x8, 0xb022, 0x8, 0xb023, 0x8, 0xb024, 0x8, 0xb025, 0x8,
        0xb026, 0x8, 0xb027, 0x8, 0xb028, 0x4, 0xb029, 0x8, 0xb02a, 0x8, 0xb02b, 0x8,
        0xb02c, 0x8, 0xb02d, 0x8, 0xb02e, 0x8, 0xb02f, 0x8, 0xb030, 0x8, 0xb031, 0x8,
        0xb032, 0x8, 0xb033, 0x8, 0xb034, 0x8, 0xb035, 0x8, 0xb036, 0x8, 0xb037, 0x8,
        0xb038, 0x8, 0xb039, 0x8, 0xb03a, 0x8, 0xb03b, 0x8, 0xb03c, 0x8, 0xb03d, 0x8,
        0xb03e, 0x8, 0xb03f, 0x8, 0xb040, 0x8, 0xb041, 0x8, 0xb042, 0x8, 0xb043, 0x8,
        0xb044, 0x4, 0xb045, 0x8, 0xb046, 0x8, 0xb047, 0x8, 0xb048, 0x8, 0xb049, 0x8,
        0xb04a, 0x8, 0xb04b, 0x8, 0xb04c, 0x8, 0xb04d, 0x8, 0xb04e, 0x8, 0xb04f, 0x8,
        0xb050, 0x8, 0xb051, 0x8, 0xb052, 0x8, 0xb053, 0x8, 0xb054, 0x8, 0xb055, 0x8,
        0xb056, 0x8, 0xb057, 0x8, 0xb058, 0x8, 0xb059, 0x8, 0xb05a, 0x8, 0xb05b, 0x8,
        0xb05c, 0x8, 0xb05d, 0x8, 0xb05e, 0x8, 0xb05f, 0x8, 0xb060, 0x4, 0xb061, 0x8,
        0xb062, 0x8, 0xb063, 0x8, 0xb064, 0x8, 0xb065, 0x8, 0xb066, 0x8, 0xb067, 0x8,
        0xb068, 0x8, 0xb069, 0x8, 0xb06a, 0x8, 0xb06b, 0x8, 0xb06c, 0x8, 0xb06d, 0x8,
        0xb06e, 0x8, 0xb06f, 0x8, 0xb070, 0x8, 0xb071, 0x8, 0xb072, 0x8, 0xb073, 0x8,
        0xb074, 0x8, 0xb075, 0x8, 0xb076, 0x8, 0xb077, 0x8, 0xb078, 0x8, 0xb079, 0x8,
        0xb07a, 0x8, 0xb07b, 0x8, 0xb07c, 0x4, 0xb07d, 0x8, 0xb07e, 0x8, 0xb07f, 0x8,
        0xb080, 0x8, 0xb081, 0x8, 0xb082, 0x8, 0xb083, 0x8, 0xb084, 0x8, 0xb085, 0x8,
        0xb086, 0x8, 0xb087, 0x8, 0xb088, 0x8, 0xb089, 0x8, 0xb08a, 0x8, 0xb08b, 0x8,
        0xb08c, 0x8, 0xb08d, 0x8, 0xb08e, 0x8, 0xb08f, 0x8, 0xb090, 0x8, 0xb091, 0x8,
        0xb092, 0x8, 0xb093, 0x8, 0xb094, 0x8, 0xb095, 0x8, 0xb096, 0x8, 0xb097, 0x8,
        0xb098, 0x4, 0xb099, 0x8, 0xb09a, 0x8, 0xb09b, 0x8, 0xb09c, 0x8, 0xb09d, 0x8,
        0xb09e, 0x8, 0xb09f, 0x8, 0xb0a0, 0x8, 0xb0a1, 0x8, 0xb0a2, 0x8, 0xb0a3, 0x8,
        0xb0a4, 0x8, 0xb0a5, 0x8, 0xb0a6, 0x8, 0xb0a7, 0x8, 0xb0a8, 0x8, 0xb0a9, 0x8,
        0xb0aa, 0x8, 0xb0ab, 0x8, 0xb0ac, 0x8, 0xb0ad, 0x8, 0xb0ae, 0x8, 0xb0af, 0x8,
        0xb0b0, 0x8, 0xb0b1, 0x8, 0xb0b2, 0x8, 0xb0b3, 0x8, 0xb0b4, 0x4, 0xb0b5, 0x8,
        0xb0b6, 0x8, 0xb0b7, 0x8, 0xb0b8, 0x8, 0xb0b9, 0x8, 0xb0ba, 0x8, 0xb0bb, 0x8,
        0xb0bc, 0x8, 0xb0bd, 0x8, 0xb0be, 0x8, 0xb0bf, 0x8, 0xb0c0, 0x8, 0xb0c1, 0x8,
        0xb0c2, 0x8, 0xb0c3, 0x8, 0xb0c4, 0x8, 0xb0c5, 0x8, 0xb0c6, 0x8, 0xb0c7, 0x8,
        0xb0c8, 0x8, 0xb0c9, 0x8, 0xb0ca, 0x8, 0xb0cb, 0x8, 0xb0cc, 0x8, 0xb0cd, 0x8,
        0xb0ce, 0x8, 0xb0cf, 0x8, 0xb0d0, 0x4, 0xb0d1, 0x8, 0xb0d2, 0x8, 0xb0d3, 0x8,
        0xb0d4, 0x8, 0xb0d5, 0x8, 0xb0d6, 0x8, 0xb0d7, 0x8, 0xb0d8, 0x8, 0xb0d9, 0x8,
        0xb0da, 0x8, 0xb0db, 0x8, 0xb0dc, 0x8, 0xb0dd, 0x8, 0xb0de, 0x8, 0xb0df, 0x8,
        0xb0e0, 0x8, 0xb0e1, 0x8, 0xb0e2, 0x8, 0xb0e3, 0x8, 0xb0e4, 0x8, 0xb0e5, 0x8,
        0xb0e6, 0x8, 0xb0e7, 0x8, 0xb0e8, 0x8, 0xb0e9, 0x8, 0xb0ea, 0x8, 0xb0eb, 0x8,
        0xb0ec, 0x4, 0xb0ed, 0x8, 0xb0ee, 0x8, 0xb0ef, 0x8, 0xb0f0, 0x8, 0xb0f1, 0x8,
        0xb0f2, 0x8, 0xb0f3, 0x8, 0xb0f4, 0x8, 0xb0f5, 0x8, 0xb0f6, 0x8, 0xb0f7, 0x8,
        0xb0f8, 0x8, 0xb0f9, 0x8, 0xb0fa, 0x8, 0xb0fb, 0x8, 0xb0fc, 0x8, 0xb0fd, 0x8,
        0xb0fe, 0x8, 0xb0ff, 0x8, 0xb100, 0x8, 0xb101, 0x8, 0xb102, 0x8, 0xb103, 0x8,
        0xb104, 0x8, 0xb105, 0x8, 0xb106, 0x8, 0xb107, 0x8, 0xb108, 0x4, 0xb109, 0x8,
        0xb10a, 0x8, 0xb10b, 0x8, 0xb10c, 0x8, 0xb10d, 0x8, 0xb10e, 0x8, 0xb10f, 0x8,
        0xb110, 0x8, 0xb111, 0x8, 0xb112, 0x8, 0xb113, 0x8, 0xb114, 0x8, 0xb115, 0x8,
        0xb116, 0x8, 0xb117, 0x8, 0xb118, 0x8, 0xb119, 0x8, 0xb11a, 0x8, 0xb11b, 0x8,
        0xb11c, 0x8, 0xb11d, 0x8, 0xb11e, 0x8, 0xb11f, 0x8, 0xb120, 0x8, 0xb121, 0x8,
        0xb122, 0x8, 0xb123, 0x8, 0xb124, 0x4, 0xb125, 0x8, 0xb126, 0x8, 0xb127, 0x8,
        0xb128, 0x8, 0xb129, 0x8, 0xb12a, 0x8, 0xb12b, 0x8, 0xb12c, 0x8, 0xb12d, 0x8,
        0xb12e, 0x8, 0xb12f, 0x8, 0xb130, 0x8, 0xb131, 0x8, 0xb132, 0x8, 0xb133, 0x8,
        0xb134, 0x8, 0xb135, 0x8, 0xb136, 0x8, 0xb137, 0x8, 0xb138, 0x8, 0xb139, 0x8,
        0xb13a, 0x8, 0xb13b, 0x8, 0xb13c, 0x8, 0xb13d, 0x8, 0xb13e, 0x8, 0xb13f, 0x8,
        0xb140, 0x4, 0xb141, 0x8, 0xb142, 0x8, 0xb143, 0x8, 0xb144, 0x8, 0xb145, 0x8,
        0xb146, 0x8, 0xb147, 0x8, 0xb148, 0x8, 0xb149, 0x8, 0xb14a, 0x8, 0xb14b, 0x8,
        0xb14c, 0x8, 0xb14d, 0x8, 0xb14e, 0x8, 0xb14f, 0x8, 0xb150, 0x8, 0xb151, 0x8,
        0xb152, 0x8, 0xb153, 0x8, 0xb154, 0x8, 0xb155, 0x8, 0xb156, 0x8, 0xb157, 0x8,
        0xb158, 0x8, 0xb159, 0x8, 0xb15a, 0x8, 0xb15b, 0x8, 0xb15c, 0x4, 0xb15d, 0x8,
        0xb15e, 0x8, 0xb15f, 0x8, 0xb160, 0x8, 0xb161, 0x8, 0xb162, 0x8, 0xb163, 0x8,
        0xb164, 0x8, 0xb165, 0x8, 0xb166, 0x8, 0xb167, 0x8, 0xb168, 0x8, 0xb169, 0x8,
        0xb16a, 0x8, 0xb16b, 0x8, 0xb16c, 0x8, 0xb16d, 0x8, 0xb16e, 0x8, 0xb16f, 0x8,
        0xb170, 0x8, 0xb171, 0x8, 0xb172, 0x8, 0xb173, 0x8, 0xb174, 0x8, 0xb175, 0x8,
        0xb176, 0x8, 0xb177, 0x8, 0xb178, 0x4, 0xb179, 0x8, 0xb17a, 0x8, 0xb17b, 0x8,
        0xb17c, 0x8, 0xb17d, 0x8, 0xb17e, 0x8, 0xb17f, 0x8, 0xb180, 0x8, 0xb181, 0x8,
        0xb182, 0x8, 0xb183, 0x8, 0xb184, 0x8, 0xb185, 0x8, 0xb186, 0x8, 0xb187, 0x8,
        0xb188, 0x8, 0xb189, 0x8, 0xb18a, 0x8, 0xb18b, 0x8, 0xb18c, 0x8, 0xb18d, 0x8,
        0xb18e, 0x8, 0xb18f, 0x8, 0xb190, 0x8, 0xb191, 0x8, 0xb192, 0x8, 0xb193, 0x8,
        0xb194, 0x4, 0xb195, 0x8, 0xb196, 0x8, 0xb197, 0x8, 0xb198, 0x8, 0xb199, 0x8,
        0xb19a, 0x8, 0xb19b, 0x8, 0xb19c, 0x8, 0xb19d, 0x8, 0xb19e, 0x8, 0xb19f, 0x8,
        0xb1a0, 0x8, 0xb1a1, 0x8, 0xb1a2, 0x8, 0xb1a3, 0x8, 0xb1a4, 0x8, 0xb1a5, 0x8,
        0xb1a6, 0x8, 0xb1a7, 0x8, 0xb1a8, 0x8, 0xb1a9, 0x8, 0xb1aa, 0x8, 0xb1ab, 0x8,
        0xb1ac, 0x8, 0xb1ad, 0x8, 0xb1ae, 0x8, 0xb1af, 0x8, 0xb1b0, 0x4, 0xb1b1, 0x8,
        0xb1b2, 0x8, 0xb1b3, 0x8, 0xb1b4, 0x8, 0xb1b5, 0x8, 0xb1b6, 0x8, 0xb1b7, 0x8,
        0xb1b8, 0x8, 0xb1b9, 0x8, 0xb1ba, 0x8, 0xb1bb, 0x8, 0xb1bc, 0x8, 0xb1bd, 0x8,
        0xb1be, 0x8, 0xb1bf, 0x8, 0xb1c0, 0x8, 0xb1c1, 0x8, 0xb1c2, 0x8, 0xb1c3, 0x8,
        0xb1c4, 0x8, 0xb1c5, 0x8, 0xb1c6, 0x8, 0xb1c7, 0x8, 0xb1c8, 0x8, 0xb1c9, 0x8,
        0xb1ca, 0x8, 0xb1cb, 0x8, 0xb1cc, 0x4, 0xb1cd, 0x8, 0xb1ce, 0x8, 0xb1cf, 0x8,
        0xb1d0, 0x8, 0xb1d1, 0x8, 0xb1d2, 0x8, 0xb1d3, 0x8, 0xb1d4, 0x8, 0xb1d5, 0x8,
        0xb1d6, 0x8, 0xb1d7, 0x8, 0xb1d8, 0x8, 0xb1d9, 0x8, 0xb1da, 0x8, 0xb1db, 0x8,
        0xb1dc, 0x8, 0xb1dd, 0x8, 0xb1de, 0x8, 0xb1df, 0x8, 0xb1e0, 0x8, 0xb1e1, 0x8,
        0xb1e2, 0x8, 0xb1e3, 0x8, 0xb1e4, 0x8, 0xb1e5, 0x8, 0xb1e6, 0x8, 0xb1e7, 0x8,
        0xb1e8, 0x4, 0xb1e9, 0x8, 0xb1ea, 0x8, 0xb1eb, 0x8, 0xb1ec, 0x8, 0xb1ed, 0x8,
        0xb1ee, 0x8, 0xb1ef, 0x8, 0xb1f0, 0x8, 0xb1f1, 0x8, 0xb1f2, 0x8, 0xb1f3, 0x8,
        0xb1f4, 0x8, 0xb1f5, 0x8, 0xb1f6, 0x8, 0xb1f7, 0x8, 0xb1f8, 0x8, 0xb1f9, 0x8,
        0xb1fa, 0x8, 0xb1fb, 0x8, 0xb1fc, 0x8, 0xb1fd, 0x8, 0xb1fe, 0x8, 0xb1ff, 0x8,
        0xb200, 0x8, 0xb201, 0x8, 0xb202, 0x8, 0xb203, 0x8, 0xb204, 0x4, 0xb205, 0x8,
        0xb206, 0x8, 0xb207, 0x8, 0xb208, 0x8, 0xb209, 0x8, 0xb20a, 0x8, 0xb20b, 0x8,
        0xb20c, 0x8, 0xb20d, 0x8, 0xb20e, 0x8, 0xb20f, 0x8, 0xb210, 0x8, 0xb211, 0x8,
        0xb212, 0x8, 0xb213, 0x8, 0xb214, 0x8, 0xb215, 0x8, 0xb216, 0x8, 0xb217, 0x8,
        0xb218, 0x8, 0xb219, 0x8, 0xb21a, 0x8, 0xb21b, 0x8, 0xb21c, 0x8, 0xb21d, 0x8,
        0xb21e, 0x8, 0xb21f, 0x8, 0xb220, 0x4, 0xb221, 0x8, 0xb222, 0x8, 0xb223, 0x8,
        0xb224, 0x8, 0xb225, 0x8, 0xb226, 0x8, 0xb227, 0x8, 0xb228, 0x8, 0xb229, 0x8,
        0xb22a, 0x8, 0xb22b, 0x8, 0xb22c, 0x8, 0xb22d, 0x8, 0xb22e, 0x8, 0xb22f, 0x8,
        0xb230, 0x8, 0xb231, 0x8, 0xb232, 0x8, 0xb233, 0x8, 0xb234, 0x8, 0xb235, 0x8,
        0xb236, 0x8, 0xb237, 0x8, 0xb238, 0x8, 0xb239, 0x8, 0xb23a, 0x8, 0xb23b, 0x8,
        0xb23c, 0x4, 0xb23d, 0x8, 0xb23e, 0x8, 0xb23f, 0x8, 0xb240, 0x8, 0xb241, 0x8,
        0xb242, 0x8, 0xb243, 0x8, 0xb244, 0x8, 0xb245, 0x8, 0xb246, 0x8, 0xb247, 0x8,
        0xb248, 0x8, 0xb249, 0x8, 0xb24a, 0x8, 0xb24b, 0x8, 0xb24c, 0x8, 0xb24d, 0x8,
        0xb24e, 0x8, 0xb24f, 0x8, 0xb250, 0x8, 0xb251, 0x8, 0xb252, 0x8, 0xb253, 0x8,
        0xb254, 0x8, 0xb255, 0x8, 0xb256, 0x8, 0xb257, 0x8, 0xb258, 0x4, 0xb259, 0x8,
        0xb25a, 0x8, 0xb25b, 0x8, 0xb25c, 0x8, 0xb25d, 0x8, 0xb25e, 0x8, 0xb25f, 0x8,
        0xb260, 0x8, 0xb261, 0x8, 0xb262, 0x8, 0xb263, 0x8, 0xb264, 0x8, 0xb265, 0x8,
        0xb266, 0x8, 0xb267, 0x8, 0xb268, 0x8, 0xb269, 0x8, 0xb26a, 0x8, 0xb26b, 0x8,
        0xb26c, 0x8, 0xb26d, 0x8, 0xb26e, 0x8, 0xb26f, 0x8, 0xb270, 0x8, 0xb271, 0x8,
        0xb272, 0x8, 0xb273, 0x8, 0xb274, 0x4, 0xb275, 0x8, 0xb276, 0x8, 0xb277, 0x8,
        0xb278, 0x8, 0xb279, 0x8, 0xb27a, 0x8, 0xb27b, 0x8, 0xb27c, 0x8, 0xb27d, 0x8,
        0xb27e, 0x8, 0xb27f, 0x8, 0xb280, 0x8, 0xb281, 0x8, 0xb282, 0x8, 0xb283, 0x8,
        0xb284, 0x8, 0xb285, 0x8, 0xb286, 0x8, 0xb287, 0x8, 0xb288, 0x8, 0xb289, 0x8,
        0xb28a, 0x8, 0xb28b, 0x8, 0xb28c, 0x8, 0xb28d, 0x8, 0xb28e, 0x8, 0xb28f, 0x8,
        0xb290, 0x4, 0xb291, 0x8, 0xb292, 0x8, 0xb293, 0x8, 0xb294, 0x8, 0xb295, 0x8,
        0xb296, 0x8, 0xb297, 0x8, 0xb298, 0x8, 0xb299, 0x8, 0xb29a, 0x8, 0xb29b, 0x8,
        0xb29c, 0x8, 0xb29d, 0x8, 0xb29e, 0x8, 0xb29f, 0x8, 0xb2a0, 0x8, 0xb2a1, 0x8,
        0xb2a2, 0x8, 0xb2a3, 0x8, 0xb2a4, 0x8, 0xb2a5, 0x8, 0xb2a6, 0x8, 0xb2a7, 0x8,
        0xb2a8, 0x8, 0xb2a9, 0x8, 0xb2aa, 0x8, 0xb2ab, 0x8, 0xb2ac, 0x4, 0xb2ad, 0x8,
        0xb2ae, 0x8, 0xb2af, 0x8, 0xb2b0, 0x8, 0xb2b1, 0x8, 0xb2b2, 0x8, 0xb2b3, 0x8,
        0xb2b4, 0x8, 0xb2b5, 0x8, 0xb2b6, 0x8, 0xb2b7, 0x8, 0xb2b8, 0x8, 0xb2b9, 0x8,
        0xb2ba, 0x8, 0xb2bb, 0x8, 0xb2bc, 0x8, 0xb2bd, 0x8, 0xb2be, 0x8, 0xb2bf, 0x8,
        0xb2c0, 0x8, 0xb2c1, 0x8, 0xb2c2, 0x8, 0xb2c3, 0x8, 0xb2c4, 0x8, 0xb2c5, 0x8,
        0xb2c6, 0x8, 0xb2c7, 0x8, 0xb2c8, 0x4, 0xb2c9, 0x8, 0xb2ca, 0x8, 0xb2cb, 0x8,
        0xb2cc, 0x8, 0xb2cd, 0x8, 0xb2ce, 0x8, 0xb2cf, 0x8, 0xb2d0, 0x8, 0xb2d1, 0x8,
        0xb2d2, 0x8, 0xb2d3, 0x8, 0xb2d4, 0x8, 0xb2d5, 0x8, 0xb2d6, 0x8, 0xb2d7, 0x8,
        0xb2d8, 0x8, 0xb2d9, 0x8, 0xb2da, 0x8, 0xb2db, 0x8, 0xb2dc, 0x8, 0xb2dd, 0x8,
        0xb2de, 0x8, 0xb2df, 0x8, 0xb2e0, 0x8, 0xb2e1, 0x8, 0xb2e2, 0x8, 0xb2e3, 0x8,
        0xb2e4, 0x4, 0xb2e5, 0x8, 0xb2e6, 0x8, 0xb2e7, 0x8, 0xb2e8, 0x8, 0xb2e9, 0x8,
        0xb2ea, 0x8, 0xb2eb, 0x8, 0xb2ec, 0x8, 0xb2ed, 0x8, 0xb2ee, 0x8, 0xb2ef, 0x8,
        0xb2f0, 0x8, 0xb2f1, 0x8, 0xb2f2, 0x8, 0xb2f3, 0x8, 0xb2f4, 0x8, 0xb2f5, 0x8,
        0xb2f6, 0x8, 0xb2f7, 0x8, 0xb2f8, 0x8, 0xb2f9, 0x8, 0xb2fa, 0x8, 0xb2fb, 0x8,
        0xb2fc, 0x8, 0xb2fd, 0x8, 0xb2fe, 0x8, 0xb2ff, 0x8, 0xb300, 0x4, 0xb301, 0x8,
        0xb302, 0x8, 0xb303, 0x8, 0xb304, 0x8, 0xb305, 0x8, 0xb306, 0x8, 0xb307, 0x8,
        0xb308, 0x8, 0xb309, 0x8, 0xb30a, 0x8, 0xb30b, 0x8, 0xb30c, 0x8, 0xb30d, 0x8,
        0xb30e, 0x8, 0xb30f, 0x8, 0xb310, 0x8, 0xb311, 0x8, 0xb312, 0x8, 0xb313, 0x8,
        0xb314, 0x8, 0xb315, 0x8, 0xb316, 0x8, 0xb317, 0x8, 0xb318, 0x8, 0xb319, 0x8,
        0xb31a, 0x8, 0xb31b, 0x8, 0xb31c, 0x4, 0xb31d, 0x8, 0xb31e, 0x8, 0xb31f, 0x8,
        0xb320, 0x8, 0xb321, 0x8, 0xb322, 0x8, 0xb323, 0x8, 0xb324, 0x8, 0xb325, 0x8,
        0xb326, 0x8, 0xb327, 0x8, 0xb328, 0x8, 0xb329, 0x8, 0xb32a, 0x8, 0xb32b, 0x8,
        0xb32c, 0x8, 0xb32d, 0x8, 0xb32e, 0x8, 0xb32f, 0x8, 0xb330, 0x8, 0xb331, 0x8,
        0xb332, 0x8, 0xb333, 0x8, 0xb334, 0x8, 0xb335, 0x8, 0xb336, 0x8, 0xb337, 0x8,
        0xb338, 0x4, 0xb339, 0x8, 0xb33a, 0x8, 0xb33b, 0x8, 0xb33c, 0x8, 0xb33d, 0x8,
        0xb33e, 0x8, 0xb33f, 0x8, 0xb340, 0x8, 0xb341, 0x8, 0xb342, 0x8, 0xb343, 0x8,
        0xb344, 0x8, 0xb345, 0x8, 0xb346, 0x8, 0xb347, 0x8, 0xb348, 0x8, 0xb349, 0x8,
        0xb34a, 0x8, 0xb34b, 0x8, 0xb34c, 0x8, 0xb34d, 0x8, 0xb34e, 0x8, 0xb34f, 0x8,
        0xb350, 0x8, 0xb351, 0x8, 0xb352, 0x8, 0xb353, 0x8, 0xb354, 0x4, 0xb355, 0x8,
        0xb356, 0x8, 0xb357, 0x8, 0xb358, 0x8, 0xb359, 0x8, 0xb35a, 0x8, 0xb35b, 0x8,
        0xb35c, 0x8, 0xb35d, 0x8, 0xb35e, 0x8, 0xb35f, 0x8, 0xb360, 0x8, 0xb361, 0x8,
        0xb362, 0x8, 0xb363, 0x8, 0xb364, 0x8, 0xb365, 0x8, 0xb366, 0x8, 0xb367, 0x8,
        0xb368, 0x8, 0xb369, 0x8, 0xb36a, 0x8, 0xb36b, 0x8, 0xb36c, 0x8, 0xb36d, 0x8,
        0xb36e, 0x8, 0xb36f, 0x8, 0xb370, 0x4, 0xb371, 0x8, 0xb372, 0x8, 0xb373, 0x8,
        0xb374, 0x8, 0xb375, 0x8, 0xb376, 0x8, 0xb377, 0x8, 0xb378, 0x8, 0xb379, 0x8,
        0xb37a, 0x8, 0xb37b, 0x8, 0xb37c, 0x8, 0xb37d, 0x8, 0xb37e, 0x8, 0xb37f, 0x8,
        0xb380, 0x8, 0xb381, 0x8, 0xb382, 0x8, 0xb383, 0x8, 0xb384, 0x8, 0xb385, 0x8,
        0xb386, 0x8, 0xb387, 0x8, 0xb388, 0x8, 0xb389, 0x8, 0xb38a, 0x8, 0xb38b, 0x8,
        0xb38c, 0x4, 0xb38d, 0x8, 0xb38e, 0x8, 0xb38f, 0x8, 0xb390, 0x8, 0xb391, 0x8,
        0xb392, 0x8, 0xb393, 0x8, 0xb394, 0x8, 0xb395, 0x8, 0xb396, 0x8, 0xb397, 0x8,
        0xb398, 0x8, 0xb399, 0x8, 0xb39a, 0x8, 0xb39b, 0x8, 0xb39c, 0x8, 0xb39d, 0x8,
        0xb39e, 0x8, 0xb39f, 0x8, 0xb3a0, 0x8, 0xb3a1, 0x8, 0xb3a2, 0x8, 0xb3a3, 0x8,
        0xb3a4, 0x8, 0xb3a5, 0x8, 0xb3a6, 0x8, 0xb3a7, 0x8, 0xb3a8, 0x4, 0xb3a9, 0x8,
        0xb3aa, 0x8, 0xb3ab, 0x8, 0xb3ac, 0x8, 0xb3ad, 0x8, 0xb3ae, 0x8, 0xb3af, 0x8,
        0xb3b0, 0x8, 0xb3b1, 0x8, 0xb3b2, 0x8, 0xb3b3, 0x8, 0xb3b4, 0x8, 0xb3b5, 0x8,
        0xb3b6, 0x8, 0xb3b7, 0x8, 0xb3b8, 0x8, 0xb3b9, 0x8, 0xb3ba, 0x8, 0xb3bb, 0x8,
        0xb3bc, 0x8, 0xb3bd, 0x8, 0xb3be, 0x8, 0xb3bf, 0x8, 0xb3c0, 0x8, 0xb3c1, 0x8,
        0xb3c2, 0x8, 0xb3c3, 0x8, 0xb3c4, 0x4, 0xb3c5, 0x8, 0xb3c6, 0x8, 0xb3c7, 0x8,
        0xb3c8, 0x8, 0xb3c9, 0x8, 0xb3ca, 0x8, 0xb3cb, 0x8, 0xb3cc, 0x8, 0xb3cd, 0x8,
        0xb3ce, 0x8, 0xb3cf, 0x8, 0xb3d0, 0x8, 0xb3d1, 0x8, 0xb3d2, 0x8, 0xb3d3, 0x8,
        0xb3d4, 0x8, 0xb3d5, 0x8, 0xb3d6, 0x8, 0xb3d7, 0x8, 0xb3d8, 0x8, 0xb3d9, 0x8,
        0xb3da, 0x8, 0xb3db, 0x8, 0xb3dc, 0x8, 0xb3dd, 0x8, 0xb3de, 0x8, 0xb3df, 0x8,
        0xb3e0, 0x4, 0xb3e1, 0x8, 0xb3e2, 0x8, 0xb3e3, 0x8, 0xb3e4, 0x8, 0xb3e5, 0x8,
        0xb3e6, 0x8, 0xb3e7, 0x8, 0xb3e8, 0x8, 0xb3e9, 0x8, 0xb3ea, 0x8, 0xb3eb, 0x8,
        0xb3ec, 0x8, 0xb3ed, 0x8, 0xb3ee, 0x8, 0xb3ef, 0x8, 0xb3f0, 0x8, 0xb3f1, 0x8,
        0xb3f2, 0x8, 0xb3f3, 0x8, 0xb3f4, 0x8, 0xb3f5, 0x8, 0xb3f6, 0x8, 0xb3f7, 0x8,
        0xb3f8, 0x8, 0xb3f9, 0x8, 0xb3fa, 0x8, 0xb3fb, 0x8, 0xb3fc, 0x4, 0xb3fd, 0x8,
        0xb3fe, 0x8, 0xb3ff, 0x8, 0xb400, 0x8, 0xb401, 0x8, 0xb402, 0x8, 0xb403, 0x8,
        0xb404, 0x8, 0xb405, 0x8, 0xb406, 0x8, 0xb407, 0x8, 0xb408, 0x8, 0xb409, 0x8,
        0xb40a, 0x8, 0xb40b, 0x8, 0xb40c, 0x8, 0xb40d, 0x8, 0xb40e, 0x8, 0xb40f, 0x8,
        0xb410, 0x8, 0xb411, 0x8, 0xb412, 0x8, 0xb413, 0x8, 0xb414, 0x8, 0xb415, 0x8,
        0xb416, 0x8, 0xb417, 0x8, 0xb418, 0x4, 0xb419, 0x8, 0xb41a, 0x8, 0xb41b, 0x8,
        0xb41c, 0x8, 0xb41d, 0x8, 0xb41e, 0x8, 0xb41f, 0x8, 0xb420, 0x8, 0xb421, 0x8,
        0xb422, 0x8, 0xb423, 0x8, 0xb424, 0x8, 0xb425, 0x8, 0xb426, 0x8, 0xb427, 0x8,
        0xb428, 0x8, 0xb429, 0x8, 0xb42a, 0x8, 0xb42b, 0x8, 0xb42c, 0x8, 0xb42d, 0x8,
        0xb42e, 0x8, 0xb42f, 0x8, 0xb430, 0x8, 0xb431, 0x8, 0xb432, 0x8, 0xb433, 0x8,
        0xb434, 0x4, 0xb435, 0x8, 0xb436, 0x8, 0xb437, 0x8, 0xb438, 0x8, 0xb439, 0x8,
        0xb43a, 0x8, 0xb43b, 0x8, 0xb43c, 0x8, 0xb43d, 0x8, 0xb43e, 0x8, 0xb43f, 0x8,
        0xb440, 0x8, 0xb441, 0x8, 0xb442, 0x8, 0xb443, 0x8, 0xb444, 0x8, 0xb445, 0x8,
        0xb446, 0x8, 0xb447, 0x8, 0xb448, 0x8, 0xb449, 0x8, 0xb44a, 0x8, 0xb44b, 0x8,
        0xb44c, 0x8, 0xb44d, 0x8, 0xb44e, 0x8, 0xb44f, 0x8, 0xb450, 0x4, 0xb451, 0x8,
        0xb452, 0x8, 0xb453, 0x8, 0xb454, 0x8, 0xb455, 0x8, 0xb456, 0x8, 0xb457, 0x8,
        0xb458, 0x8, 0xb459, 0x8, 0xb45a, 0x8, 0xb45b, 0x8, 0xb45c, 0x8, 0xb45d, 0x8,
        0xb45e, 0x8, 0xb45f, 0x8, 0xb460, 0x8, 0xb461, 0x8, 0xb462, 0x8, 0xb463, 0x8,
        0xb464, 0x8, 0xb465, 0x8, 0xb466, 0x8, 0xb467, 0x8, 0xb468, 0x8, 0xb469, 0x8,
        0xb46a, 0x8, 0xb46b, 0x8, 0xb46c, 0x4, 0xb46d, 0x8, 0xb46e, 0x8, 0xb46f, 0x8,
        0xb470, 0x8, 0xb471, 0x8, 0xb472, 0x8, 0xb473, 0x8, 0xb474, 0x8, 0xb475, 0x8,
        0xb476, 0x8, 0xb477, 0x8, 0xb478, 0x8, 0xb479, 0x8, 0xb47a, 0x8, 0xb47b, 0x8,
        0xb47c, 0x8, 0xb47d, 0x8, 0xb47e, 0x8, 0xb47f, 0x8, 0xb480, 0x8, 0xb481, 0x8,
        0xb482, 0x8, 0xb483, 0x8, 0xb484, 0x8, 0xb485, 0x8, 0xb486, 0x8, 0xb487, 0x8,
        0xb488, 0x4, 0xb489, 0x8, 0xb48a, 0x8, 0xb48b, 0x8, 0xb48c, 0x8, 0xb48d, 0x8,
        0xb48e, 0x8, 0xb48f, 0x8, 0xb490, 0x8, 0xb491, 0x8, 0xb492, 0x8, 0xb493, 0x8,
        0xb494, 0x8, 0xb495, 0x8, 0xb496, 0x8, 0xb497, 0x8, 0xb498, 0x8, 0xb499, 0x8,
        0xb49a, 0x8, 0xb49b, 0x8, 0xb49c, 0x8, 0xb49d, 0x8, 0xb49e, 0x8, 0xb49f, 0x8,
        0xb4a0, 0x8, 0xb4a1, 0x8, 0xb4a2, 0x8, 0xb4a3, 0x8, 0xb4a4, 0x4, 0xb4a5, 0x8,
        0xb4a6, 0x8, 0xb4a7, 0x8, 0xb4a8, 0x8, 0xb4a9, 0x8, 0xb4aa, 0x8, 0xb4ab, 0x8,
        0xb4ac, 0x8, 0xb4ad, 0x8, 0xb4ae, 0x8, 0xb4af, 0x8, 0xb4b0, 0x8, 0xb4b1, 0x8,
        0xb4b2, 0x8, 0xb4b3, 0x8, 0xb4b4, 0x8, 0xb4b5, 0x8, 0xb4b6, 0x8, 0xb4b7, 0x8,
        0xb4b8, 0x8, 0xb4b9, 0x8, 0xb4ba, 0x8, 0xb4bb, 0x8, 0xb4bc, 0x8, 0xb4bd, 0x8,
        0xb4be, 0x8, 0xb4bf, 0x8, 0xb4c0, 0x4, 0xb4c1, 0x8, 0xb4c2, 0x8, 0xb4c3, 0x8,
        0xb4c4, 0x8, 0xb4c5, 0x8, 0xb4c6, 0x8, 0xb4c7, 0x8, 0xb4c8, 0x8, 0xb4c9, 0x8,
        0xb4ca, 0x8, 0xb4cb, 0x8, 0xb4cc, 0x8, 0xb4cd, 0x8, 0xb4ce, 0x8, 0xb4cf, 0x8,
        0xb4d0, 0x8, 0xb4d1, 0x8, 0xb4d2, 0x8, 0xb4d3, 0x8, 0xb4d4, 0x8, 0xb4d5, 0x8,
        0xb4d6, 0x8, 0xb4d7, 0x8, 0xb4d8, 0x8, 0xb4d9, 0x8, 0xb4da, 0x8, 0xb4db, 0x8,
        0xb4dc, 0x4, 0xb4dd, 0x8, 0xb4de, 0x8, 0xb4df, 0x8, 0xb4e0, 0x8, 0xb4e1, 0x8,
        0xb4e2, 0x8, 0xb4e3, 0x8, 0xb4e4, 0x8, 0xb4e5, 0x8, 0xb4e6, 0x8, 0xb4e7, 0x8,
        0xb4e8, 0x8, 0xb4e9, 0x8, 0xb4ea, 0x8, 0xb4eb, 0x8, 0xb4ec, 0x8, 0xb4ed, 0x8,
        0xb4ee, 0x8, 0xb4ef, 0x8, 0xb4f0, 0x8, 0xb4f1, 0x8, 0xb4f2, 0x8, 0xb4f3, 0x8,
        0xb4f4, 0x8, 0xb4f5, 0x8, 0xb4f6, 0x8, 0xb4f7, 0x8, 0xb4f8, 0x4, 0xb4f9, 0x8,
        0xb4fa, 0x8, 0xb4fb, 0x8, 0xb4fc, 0x8, 0xb4fd, 0x8, 0xb4fe, 0x8, 0xb4ff, 0x8,
        0xb500, 0x8, 0xb501, 0x8, 0xb502, 0x8, 0xb503, 0x8, 0xb504, 0x8, 0xb505, 0x8,
        0xb506, 0x8, 0xb507, 0x8, 0xb508, 0x8, 0xb509, 0x8, 0xb50a, 0x8, 0xb50b, 0x8,
        0xb50c, 0x8, 0xb50d, 0x8, 0xb50e, 0x8, 0xb50f, 0x8, 0xb510, 0x8, 0xb511, 0x8,
        0xb512, 0x8, 0xb513, 0x8, 0xb514, 0x4, 0xb515, 0x8, 0xb516, 0x8, 0xb517, 0x8,
        0xb518, 0x8, 0xb519, 0x8, 0xb51a, 0x8, 0xb51b, 0x8, 0xb51c, 0x8, 0xb51d, 0x8,
        0xb51e, 0x8, 0xb51f, 0x8, 0xb520, 0x8, 0xb521, 0x8, 0xb522, 0x8, 0xb523, 0x8,
        0xb524, 0x8, 0xb525, 0x8, 0xb526, 0x8, 0xb527, 0x8, 0xb528, 0x8, 0xb529, 0x8,
        0xb52a, 0x8, 0xb52b, 0x8, 0xb52c, 0x8, 0xb52d, 0x8, 0xb52e, 0x8, 0xb52f, 0x8,
        0xb530, 0x4, 0xb531, 0x8, 0xb532, 0x8, 0xb533, 0x8, 0xb534, 0x8, 0xb535, 0x8,
        0xb536, 0x8, 0xb537, 0x8, 0xb538, 0x8, 0xb539, 0x8, 0xb53a, 0x8, 0xb53b, 0x8,
        0xb53c, 0x8, 0xb53d, 0x8, 0xb53e, 0x8, 0xb53f, 0x8, 0xb540, 0x8, 0xb541, 0x8,
        0xb542, 0x8, 0xb543, 0x8, 0xb544, 0x8, 0xb545, 0x8, 0xb546, 0x8, 0xb547, 0x8,
        0xb548, 0x8, 0xb549, 0x8, 0xb54a, 0x8, 0xb54b, 0x8, 0xb54c, 0x4, 0xb54d, 0x8,
        0xb54e, 0x8, 0xb54f, 0x8, 0xb550, 0x8, 0xb551, 0x8, 0xb552, 0x8, 0xb553, 0x8,
        0xb554, 0x8, 0xb555, 0x8, 0xb556, 0x8, 0xb557, 0x8, 0xb558, 0x8, 0xb559, 0x8,
        0xb55a, 0x8, 0xb55b, 0x8, 0xb55c, 0x8, 0xb55d, 0x8, 0xb55e, 0x8, 0xb55f, 0x8,
        0xb560, 0x8, 0xb561, 0x8, 0xb562, 0x8, 0xb563, 0x8, 0xb564, 0x8, 0xb565, 0x8,
        0xb566, 0x8, 0xb567, 0x8, 0xb568, 0x4, 0xb569, 0x8, 0xb56a, 0x8, 0xb56b, 0x8,
        0xb56c, 0x8, 0xb56d, 0x8, 0xb56e, 0x8, 0xb56f, 0x8, 0xb570, 0x8, 0xb571, 0x8,
        0xb572, 0x8, 0xb573, 0x8, 0xb574, 0x8, 0xb575, 0x8, 0xb576, 0x8, 0xb577, 0x8,
        0xb578, 0x8, 0xb579, 0x8, 0xb57a, 0x8, 0xb57b, 0x8, 0xb57c, 0x8, 0xb57d, 0x8,
        0xb57e, 0x8, 0xb57f, 0x8, 0xb580, 0x8, 0xb581, 0x8, 0xb582, 0x8, 0xb583, 0x8,
        0xb584, 0x4, 0xb585, 0x8, 0xb586, 0x8, 0xb587, 0x8, 0xb588, 0x8, 0xb589, 0x8,
        0xb58a, 0x8, 0xb58b, 0x8, 0xb58c, 0x8, 0xb58d, 0x8, 0xb58e, 0x8, 0xb58f, 0x8,
        0xb590, 0x8, 0xb591, 0x8, 0xb592, 0x8, 0xb593, 0x8, 0xb594, 0x8, 0xb595, 0x8,
        0xb596, 0x8, 0xb597, 0x8, 0xb598, 0x8, 0xb599, 0x8, 0xb59a, 0x8, 0xb59b, 0x8,
        0xb59c, 0x8, 0xb59d, 0x8, 0xb59e, 0x8, 0xb59f, 0x8, 0xb5a0, 0x4, 0xb5a1, 0x8,
        0xb5a2, 0x8, 0xb5a3, 0x8, 0xb5a4, 0x8, 0xb5a5, 0x8, 0xb5a6, 0x8, 0xb5a7, 0x8,
        0xb5a8, 0x8, 0xb5a9, 0x8, 0xb5aa, 0x8, 0xb5ab, 0x8, 0xb5ac, 0x8, 0xb5ad, 0x8,
        0xb5ae, 0x8, 0xb5af, 0x8, 0xb5b0, 0x8, 0xb5b1, 0x8, 0xb5b2, 0x8, 0xb5b3, 0x8,
        0xb5b4, 0x8, 0xb5b5, 0x8, 0xb5b6, 0x8, 0xb5b7, 0x8, 0xb5b8, 0x8, 0xb5b9, 0x8,
        0xb5ba, 0x8, 0xb5bb, 0x8, 0xb5bc, 0x4, 0xb5bd, 0x8, 0xb5be, 0x8, 0xb5bf, 0x8,
        0xb5c0, 0x8, 0xb5c1, 0x8, 0xb5c2, 0x8, 0xb5c3, 0x8, 0xb5c4, 0x8, 0xb5c5, 0x8,
        0xb5c6, 0x8, 0xb5c7, 0x8, 0xb5c8, 0x8, 0xb5c9, 0x8, 0xb5ca, 0x8, 0xb5cb, 0x8,
        0xb5cc, 0x8, 0xb5cd, 0x8, 0xb5ce, 0x8, 0xb5cf, 0x8, 0xb5d0, 0x8, 0xb5d1, 0x8,
        0xb5d2, 0x8, 0xb5d3, 0x8, 0xb5d4, 0x8, 0xb5d5, 0x8, 0xb5d6, 0x8, 0xb5d7, 0x8,
        0xb5d8, 0x4, 0xb5d9, 0x8, 0xb5da, 0x8, 0xb5db, 0x8, 0xb5dc, 0x8, 0xb5dd, 0x8,
        0xb5de, 0x8, 0xb5df, 0x8, 0xb5e0, 0x8, 0xb5e1, 0x8, 0xb5e2, 0x8, 0xb5e3, 0x8,
        0xb5e4, 0x8, 0xb5e5, 0x8, 0xb5e6, 0x8, 0xb5e7, 0x8, 0xb5e8, 0x8, 0xb5e9, 0x8,
        0xb5ea, 0x8, 0xb5eb, 0x8, 0xb5ec, 0x8, 0xb5ed, 0x8, 0xb5ee, 0x8, 0xb5ef, 0x8,
        0xb5f0, 0x8, 0xb5f1, 0x8, 0xb5f2, 0x8, 0xb5f3, 0x8, 0xb5f4, 0x4, 0xb5f5, 0x8,
        0xb5f6, 0x8, 0xb5f7, 0x8, 0xb5f8, 0x8, 0xb5f9, 0x8, 0xb5fa, 0x8, 0xb5fb, 0x8,
        0xb5fc, 0x8, 0xb5fd, 0x8, 0xb5fe, 0x8, 0xb5ff, 0x8, 0xb600, 0x8, 0xb601, 0x8,
        0xb602, 0x8, 0xb603, 0x8, 0xb604, 0x8, 0xb605, 0x8, 0xb606, 0x8, 0xb607, 0x8,
        0xb608, 0x8, 0xb609, 0x8, 0xb60a, 0x8, 0xb60b, 0x8, 0xb60c, 0x8, 0xb60d, 0x8,
        0xb60e, 0x8, 0xb60f, 0x8, 0xb610, 0x4, 0xb611, 0x8, 0xb612, 0x8, 0xb613, 0x8,
        0xb614, 0x8, 0xb615, 0x8, 0xb616, 0x8, 0xb617, 0x8, 0xb618, 0x8, 0xb619, 0x8,
        0xb61a, 0x8, 0xb61b, 0x8, 0xb61c, 0x8, 0xb61d, 0x8, 0xb61e, 0x8, 0xb61f, 0x8,
        0xb620, 0x8, 0xb621, 0x8, 0xb622, 0x8, 0xb623, 0x8, 0xb624, 0x8, 0xb625, 0x8,
        0xb626, 0x8, 0xb627, 0x8, 0xb628, 0x8, 0xb629, 0x8, 0xb62a, 0x8, 0xb62b, 0x8,
        0xb62c, 0x4, 0xb62d, 0x8, 0xb62e, 0x8, 0xb62f, 0x8, 0xb630, 0x8, 0xb631, 0x8,
        0xb632, 0x8, 0xb633, 0x8, 0xb634, 0x8, 0xb635, 0x8, 0xb636, 0x8, 0xb637, 0x8,
        0xb638, 0x8, 0xb639, 0x8, 0xb63a, 0x8, 0xb63b, 0x8, 0xb63c, 0x8, 0xb63d, 0x8,
        0xb63e, 0x8, 0xb63f, 0x8, 0xb640, 0x8, 0xb641, 0x8, 0xb642, 0x8, 0xb643, 0x8,
        0xb644, 0x8, 0xb645, 0x8, 0xb646, 0x8, 0xb647, 0x8, 0xb648, 0x4, 0xb649, 0x8,
        0xb64a, 0x8, 0xb64b, 0x8, 0xb64c, 0x8, 0xb64d, 0x8, 0xb64e, 0x8, 0xb64f, 0x8,
        0xb650, 0x8, 0xb651, 0x8, 0xb652, 0x8, 0xb653, 0x8, 0xb654, 0x8, 0xb655, 0x8,
        0xb656, 0x8, 0xb657, 0x8, 0xb658, 0x8, 0xb659, 0x8, 0xb65a, 0x8, 0xb65b, 0x8,
        0xb65c, 0x8, 0xb65d, 0x8, 0xb65e, 0x8, 0xb65f, 0x8, 0xb660, 0x8, 0xb661, 0x8,
        0xb662, 0x8, 0xb663, 0x8, 0xb664, 0x4, 0xb665, 0x8, 0xb666, 0x8, 0xb667, 0x8,
        0xb668, 0x8, 0xb669, 0x8, 0xb66a, 0x8, 0xb66b, 0x8, 0xb66c, 0x8, 0xb66d, 0x8,
        0xb66e, 0x8, 0xb66f, 0x8, 0xb670, 0x8, 0xb671, 0x8, 0xb672, 0x8, 0xb673, 0x8,
        0xb674, 0x8, 0xb675, 0x8, 0xb676, 0x8, 0xb677, 0x8, 0xb678, 0x8, 0xb679, 0x8,
        0xb67a, 0x8, 0xb67b, 0x8, 0xb67c, 0x8, 0xb67d, 0x8, 0xb67e, 0x8, 0xb67f, 0x8,
        0xb680, 0x4, 0xb681, 0x8, 0xb682, 0x8, 0xb683, 0x8, 0xb684, 0x8, 0xb685, 0x8,
        0xb686, 0x8, 0xb687, 0x8, 0xb688, 0x8, 0xb689, 0x8, 0xb68a, 0x8, 0xb68b, 0x8,
        0xb68c, 0x8, 0xb68d, 0x8, 0xb68e, 0x8, 0xb68f, 0x8, 0xb690, 0x8, 0xb691, 0x8,
        0xb692, 0x8, 0xb693, 0x8, 0xb694, 0x8, 0xb695, 0x8, 0xb696, 0x8, 0xb697, 0x8,
        0xb698, 0x8, 0xb699, 0x8, 0xb69a, 0x8, 0xb69b, 0x8, 0xb69c, 0x4, 0xb69d, 0x8,
        0xb69e, 0x8, 0xb69f, 0x8, 0xb6a0, 0x8, 0xb6a1, 0x8, 0xb6a2, 0x8, 0xb6a3, 0x8,
        0xb6a4, 0x8, 0xb6a5, 0x8, 0xb6a6, 0x8, 0xb6a7, 0x8, 0xb6a8, 0x8, 0xb6a9, 0x8,
        0xb6aa, 0x8, 0xb6ab, 0x8, 0xb6ac, 0x8, 0xb6ad, 0x8, 0xb6ae, 0x8, 0xb6af, 0x8,
        0xb6b0, 0x8, 0xb6b1, 0x8, 0xb6b2, 0x8, 0xb6b3, 0x8, 0xb6b4, 0x8, 0xb6b5, 0x8,
        0xb6b6, 0x8, 0xb6b7, 0x8, 0xb6b8, 0x4, 0xb6b9, 0x8, 0xb6ba, 0x8, 0xb6bb, 0x8,
        0xb6bc, 0x8, 0xb6bd, 0x8, 0xb6be, 0x8, 0xb6bf, 0x8, 0xb6c0, 0x8, 0xb6c1, 0x8,
        0xb6c2, 0x8, 0xb6c3, 0x8, 0xb6c4, 0x8, 0xb6c5, 0x8, 0xb6c6, 0x8, 0xb6c7, 0x8,
        0xb6c8, 0x8, 0xb6c9, 0x8, 0xb6ca, 0x8, 0xb6cb, 0x8, 0xb6cc, 0x8, 0xb6cd, 0x8,
        0xb6ce, 0x8, 0xb6cf, 0x8, 0xb6d0, 0x8, 0xb6d1, 0x8, 0xb6d2, 0x8, 0xb6d3, 0x8,
        0xb6d4, 0x4, 0xb6d5, 0x8, 0xb6d6, 0x8, 0xb6d7, 0x8, 0xb6d8, 0x8, 0xb6d9, 0x8,
        0xb6da, 0x8, 0xb6db, 0x8, 0xb6dc, 0x8, 0xb6dd, 0x8, 0xb6de, 0x8, 0xb6df, 0x8,
        0xb6e0, 0x8, 0xb6e1, 0x8, 0xb6e2, 0x8, 0xb6e3, 0x8, 0xb6e4, 0x8, 0xb6e5, 0x8,
        0xb6e6, 0x8, 0xb6e7, 0x8, 0xb6e8, 0x8, 0xb6e9, 0x8, 0xb6ea, 0x8, 0xb6eb, 0x8,
        0xb6ec, 0x8, 0xb6ed, 0x8, 0xb6ee, 0x8, 0xb6ef, 0x8, 0xb6f0, 0x4, 0xb6f1, 0x8,
        0xb6f2, 0x8, 0xb6f3, 0x8, 0xb6f4, 0x8, 0xb6f5, 0x8, 0xb6f6, 0x8, 0xb6f7, 0x8,
        0xb6f8, 0x8, 0xb6f9, 0x8, 0xb6fa, 0x8, 0xb6fb, 0x8, 0xb6fc, 0x8, 0xb6fd, 0x8,
        0xb6fe, 0x8, 0xb6ff, 0x8, 0xb700, 0x8, 0xb701, 0x8, 0xb702, 0x8, 0xb703, 0x8,
        0xb704, 0x8, 0xb705, 0x8, 0xb706, 0x8, 0xb707, 0x8, 0xb708, 0x8, 0xb709, 0x8,
        0xb70a, 0x8, 0xb70b, 0x8, 0xb70c, 0x4, 0xb70d, 0x8, 0xb70e, 0x8, 0xb70f, 0x8,
        0xb710, 0x8, 0xb711, 0x8, 0xb712, 0x8, 0xb713, 0x8, 0xb714, 0x8, 0xb715, 0x8,
        0xb716, 0x8, 0xb717, 0x8, 0xb718, 0x8, 0xb719, 0x8, 0xb71a, 0x8, 0xb71b, 0x8,
        0xb71c, 0x8, 0xb71d, 0x8, 0xb71e, 0x8, 0xb71f, 0x8, 0xb720, 0x8, 0xb721, 0x8,
        0xb722, 0x8, 0xb723, 0x8, 0xb724, 0x8, 0xb725, 0x8, 0xb726, 0x8, 0xb727, 0x8,
        0xb728, 0x4, 0xb729, 0x8, 0xb72a, 0x8, 0xb72b, 0x8, 0xb72c, 0x8, 0xb72d, 0x8,
        0xb72e, 0x8, 0xb72f, 0x8, 0xb730, 0x8, 0xb731, 0x8, 0xb732, 0x8, 0xb733, 0x8,
        0xb734, 0x8, 0xb735, 0x8, 0xb736, 0x8, 0xb737, 0x8, 0xb738, 0x8, 0xb739, 0x8,
        0xb73a, 0x8, 0xb73b, 0x8, 0xb73c, 0x8, 0xb73d, 0x8, 0xb73e, 0x8, 0xb73f, 0x8,
        0xb740, 0x8, 0xb741, 0x8, 0xb742, 0x8, 0xb743, 0x8, 0xb744, 0x4, 0xb745, 0x8,
        0xb746, 0x8, 0xb747, 0x8, 0xb748, 0x8, 0xb749, 0x8, 0xb74a, 0x8, 0xb74b, 0x8,
        0xb74c, 0x8, 0xb74d, 0x8, 0xb74e, 0x8, 0xb74f, 0x8, 0xb750, 0x8, 0xb751, 0x8,
        0xb752, 0x8, 0xb753, 0x8, 0xb754, 0x8, 0xb755, 0x8, 0xb756, 0x8, 0xb757, 0x8,
        0xb758, 0x8, 0xb759, 0x8, 0xb75a, 0x8, 0xb75b, 0x8, 0xb75c, 0x8, 0xb75d, 0x8,
        0xb75e, 0x8, 0xb75f, 0x8, 0xb760, 0x4, 0xb761, 0x8, 0xb762, 0x8, 0xb763, 0x8,
        0xb764, 0x8, 0xb765, 0x8, 0xb766, 0x8, 0xb767, 0x8, 0xb768, 0x8, 0xb769, 0x8,
        0xb76a, 0x8, 0xb76b, 0x8, 0xb76c, 0x8, 0xb76d, 0x8, 0xb76e, 0x8, 0xb76f, 0x8,
        0xb770, 0x8, 0xb771, 0x8, 0xb772, 0x8, 0xb773, 0x8, 0xb774, 0x8, 0xb775, 0x8,
        0xb776, 0x8, 0xb777, 0x8, 0xb778, 0x8, 0xb779, 0x8, 0xb77a, 0x8, 0xb77b, 0x8,
        0xb77c, 0x4, 0xb77d, 0x8, 0xb77e, 0x8, 0xb77f, 0x8, 0xb780, 0x8, 0xb781, 0x8,
        0xb782, 0x8, 0xb783, 0x8, 0xb784, 0x8, 0xb785, 0x8, 0xb786, 0x8, 0xb787, 0x8,
        0xb788, 0x8, 0xb789, 0x8, 0xb78a, 0x8, 0xb78b, 0x8, 0xb78c, 0x8, 0xb78d, 0x8,
        0xb78e, 0x8, 0xb78f, 0x8, 0xb790, 0x8, 0xb791, 0x8, 0xb792, 0x8, 0xb793, 0x8,
        0xb794, 0x8, 0xb795, 0x8, 0xb796, 0x8, 0xb797, 0x8, 0xb798, 0x4, 0xb799, 0x8,
        0xb79a, 0x8, 0xb79b, 0x8, 0xb79c, 0x8, 0xb79d, 0x8, 0xb79e, 0x8, 0xb79f, 0x8,
        0xb7a0, 0x8, 0xb7a1, 0x8, 0xb7a2, 0x8, 0xb7a3, 0x8, 0xb7a4, 0x8, 0xb7a5, 0x8,
        0xb7a6, 0x8, 0xb7a7, 0x8, 0xb7a8, 0x8, 0xb7a9, 0x8, 0xb7aa, 0x8, 0xb7ab, 0x8,
        0xb7ac, 0x8, 0xb7ad, 0x8, 0xb7ae, 0x8, 0xb7af, 0x8, 0xb7b0, 0x8, 0xb7b1, 0x8,
        0xb7b2, 0x8, 0xb7b3, 0x8, 0xb7b4, 0x4, 0xb7b5, 0x8, 0xb7b6, 0x8, 0xb7b7, 0x8,
        0xb7b8, 0x8, 0xb7b9, 0x8, 0xb7ba, 0x8, 0xb7bb, 0x8, 0xb7bc, 0x8, 0xb7bd, 0x8,
        0xb7be, 0x8, 0xb7bf, 0x8, 0xb7c0, 0x8, 0xb7c1, 0x8, 0xb7c2, 0x8, 0xb7c3, 0x8,
        0xb7c4, 0x8, 0xb7c5, 0x8, 0xb7c6, 0x8, 0xb7c7, 0x8, 0xb7c8, 0x8, 0xb7c9, 0x8,
        0xb7ca, 0x8, 0xb7cb, 0x8, 0xb7cc, 0x8, 0xb7cd, 0x8, 0xb7ce, 0x8, 0xb7cf, 0x8,
        0xb7d0, 0x4, 0xb7d1, 0x8, 0xb7d2, 0x8, 0xb7d3, 0x8, 0xb7d4, 0x8, 0xb7d5, 0x8,
        0xb7d6, 0x8, 0xb7d7, 0x8, 0xb7d8, 0x8, 0xb7d9, 0x8, 0xb7da, 0x8, 0xb7db, 0x8,
        0xb7dc, 0x8, 0xb7dd, 0x8, 0xb7de, 0x8, 0xb7df, 0x8, 0xb7e0, 0x8, 0xb7e1, 0x8,
        0xb7e2, 0x8, 0xb7e3, 0x8, 0xb7e4, 0x8, 0xb7e5, 0x8, 0xb7e6, 0x8, 0xb7e7, 0x8,
        0xb7e8, 0x8, 0xb7e9, 0x8, 0xb7ea, 0x8, 0xb7eb, 0x8, 0xb7ec, 0x4, 0xb7ed, 0x8,
        0xb7ee, 0x8, 0xb7ef, 0x8, 0xb7f0, 0x8, 0xb7f1, 0x8, 0xb7f2, 0x8, 0xb7f3, 0x8,
        0xb7f4, 0x8, 0xb7f5, 0x8, 0xb7f6, 0x8, 0xb7f7, 0x8, 0xb7f8, 0x8, 0xb7f9, 0x8,
        0xb7fa, 0x8, 0xb7fb, 0x8, 0xb7fc, 0x8, 0xb7fd, 0x8, 0xb7fe, 0x8, 0xb7ff, 0x8,
        0xb800, 0x8, 0xb801, 0x8, 0xb802, 0x8, 0xb803, 0x8, 0xb804, 0x8, 0xb805, 0x8,
        0xb806, 0x8, 0xb807, 0x8, 0xb808, 0x4, 0xb809, 0x8, 0xb80a, 0x8, 0xb80b, 0x8,
        0xb80c, 0x8, 0xb80d, 0x8, 0xb80e, 0x8, 0xb80f, 0x8, 0xb810, 0x8, 0xb811, 0x8,
        0xb812, 0x8, 0xb813, 0x8, 0xb814, 0x8, 0xb815, 0x8, 0xb816, 0x8, 0xb817, 0x8,
        0xb818, 0x8, 0xb819, 0x8, 0xb81a, 0x8, 0xb81b, 0x8, 0xb81c, 0x8, 0xb81d, 0x8,
        0xb81e, 0x8, 0xb81f, 0x8, 0xb820, 0x8, 0xb821, 0x8, 0xb822, 0x8, 0xb823, 0x8,
        0xb824, 0x4, 0xb825, 0x8, 0xb826, 0x8, 0xb827, 0x8, 0xb828, 0x8, 0xb829, 0x8,
        0xb82a, 0x8, 0xb82b, 0x8, 0xb82c, 0x8, 0xb82d, 0x8, 0xb82e, 0x8, 0xb82f, 0x8,
        0xb830, 0x8, 0xb831, 0x8, 0xb832, 0x8, 0xb833, 0x8, 0xb834, 0x8, 0xb835, 0x8,
        0xb836, 0x8, 0xb837, 0x8, 0xb838, 0x8, 0xb839, 0x8, 0xb83a, 0x8, 0xb83b, 0x8,
        0xb83c, 0x8, 0xb83d, 0x8, 0xb83e, 0x8, 0xb83f, 0x8, 0xb840, 0x4, 0xb841, 0x8,
        0xb842, 0x8, 0xb843, 0x8, 0xb844, 0x8, 0xb845, 0x8, 0xb846, 0x8, 0xb847, 0x8,
        0xb848, 0x8, 0xb849, 0x8, 0xb84a, 0x8, 0xb84b, 0x8, 0xb84c, 0x8, 0xb84d, 0x8,
        0xb84e, 0x8, 0xb84f, 0x8, 0xb850, 0x8, 0xb851, 0x8, 0xb852, 0x8, 0xb853, 0x8,
        0xb854, 0x8, 0xb855, 0x8, 0xb856, 0x8, 0xb857, 0x8, 0xb858, 0x8, 0xb859, 0x8,
        0xb85a, 0x8, 0xb85b, 0x8, 0xb85c, 0x4, 0xb85d, 0x8, 0xb85e, 0x8, 0xb85f, 0x8,
        0xb860, 0x8, 0xb861, 0x8, 0xb862, 0x8, 0xb863, 0x8, 0xb864, 0x8, 0xb865, 0x8,
        0xb866, 0x8, 0xb867, 0x8, 0xb868, 0x8, 0xb869, 0x8, 0xb86a, 0x8, 0xb86b, 0x8,
        0xb86c, 0x8, 0xb86d, 0x8, 0xb86e, 0x8, 0xb86f, 0x8, 0xb870, 0x8, 0xb871, 0x8,
        0xb872, 0x8, 0xb873, 0x8, 0xb874, 0x8, 0xb875, 0x8, 0xb876, 0x8, 0xb877, 0x8,
        0xb878, 0x4, 0xb879, 0x8, 0xb87a, 0x8, 0xb87b, 0x8, 0xb87c, 0x8, 0xb87d, 0x8,
        0xb87e, 0x8, 0xb87f, 0x8, 0xb880, 0x8, 0xb881, 0x8, 0xb882, 0x8, 0xb883, 0x8,
        0xb884, 0x8, 0xb885, 0x8, 0xb886, 0x8, 0xb887, 0x8, 0xb888, 0x8, 0xb889, 0x8,
        0xb88a, 0x8, 0xb88b, 0x8, 0xb88c, 0x8, 0xb88d, 0x8, 0xb88e, 0x8, 0xb88f, 0x8,
        0xb890, 0x8, 0xb891, 0x8, 0xb892, 0x8, 0xb893, 0x8, 0xb894, 0x4, 0xb895, 0x8,
        0xb896, 0x8, 0xb897, 0x8, 0xb898, 0x8, 0xb899, 0x8, 0xb89a, 0x8, 0xb89b, 0x8,
        0xb89c, 0x8, 0xb89d, 0x8, 0xb89e, 0x8, 0xb89f, 0x8, 0xb8a0, 0x8, 0xb8a1, 0x8,
        0xb8a2, 0x8, 0xb8a3, 0x8, 0xb8a4, 0x8, 0xb8a5, 0x8, 0xb8a6, 0x8, 0xb8a7, 0x8,
        0xb8a8, 0x8, 0xb8a9, 0x8, 0xb8aa, 0x8, 0xb8ab, 0x8, 0xb8ac, 0x8, 0xb8ad, 0x8,
        0xb8ae, 0x8, 0xb8af, 0x8, 0xb8b0, 0x4, 0xb8b1, 0x8, 0xb8b2, 0x8, 0xb8b3, 0x8,
        0xb8b4, 0x8, 0xb8b5, 0x8, 0xb8b6, 0x8, 0xb8b7, 0x8, 0xb8b8, 0x8, 0xb8b9, 0x8,
        0xb8ba, 0x8, 0xb8bb, 0x8, 0xb8bc, 0x8, 0xb8bd, 0x8, 0xb8be, 0x8, 0xb8bf, 0x8,
        0xb8c0, 0x8, 0xb8c1, 0x8, 0xb8c2, 0x8, 0xb8c3, 0x8, 0xb8c4, 0x8, 0xb8c5, 0x8,
        0xb8c6, 0x8, 0xb8c7, 0x8, 0xb8c8, 0x8, 0xb8c9, 0x8, 0xb8ca, 0x8, 0xb8cb, 0x8,
        0xb8cc, 0x4, 0xb8cd, 0x8, 0xb8ce, 0x8, 0xb8cf, 0x8, 0xb8d0, 0x8, 0xb8d1, 0x8,
        0xb8d2, 0x8, 0xb8d3, 0x8, 0xb8d4, 0x8, 0xb8d5, 0x8, 0xb8d6, 0x8, 0xb8d7, 0x8,
        0xb8d8, 0x8, 0xb8d9, 0x8, 0xb8da, 0x8, 0xb8db, 0x8, 0xb8dc, 0x8, 0xb8dd, 0x8,
        0xb8de, 0x8, 0xb8df, 0x8, 0xb8e0, 0x8, 0xb8e1, 0x8, 0xb8e2, 0x8, 0xb8e3, 0x8,
        0xb8e4, 0x8, 0xb8e5, 0x8, 0xb8e6, 0x8, 0xb8e7, 0x8, 0xb8e8, 0x4, 0xb8e9, 0x8,
        0xb8ea, 0x8, 0xb8eb, 0x8, 0xb8ec, 0x8, 0xb8ed, 0x8, 0xb8ee, 0x8, 0xb8ef, 0x8,
        0xb8f0, 0x8, 0xb8f1, 0x8, 0xb8f2, 0x8, 0xb8f3, 0x8, 0xb8f4, 0x8, 0xb8f5, 0x8,
        0xb8f6, 0x8, 0xb8f7, 0x8, 0xb8f8, 0x8, 0xb8f9, 0x8, 0xb8fa, 0x8, 0xb8fb, 0x8,
        0xb8fc, 0x8, 0xb8fd, 0x8, 0xb8fe, 0x8, 0xb8ff, 0x8, 0xb900, 0x8, 0xb901, 0x8,
        0xb902, 0x8, 0xb903, 0x8, 0xb904, 0x4, 0xb905, 0x8, 0xb906, 0x8, 0xb907, 0x8,
        0xb908, 0x8, 0xb909, 0x8, 0xb90a, 0x8, 0xb90b, 0x8, 0xb90c, 0x8, 0xb90d, 0x8,
        0xb90e, 0x8, 0xb90f, 0x8, 0xb910, 0x8, 0xb911, 0x8, 0xb912, 0x8, 0xb913, 0x8,
        0xb914, 0x8, 0xb915, 0x8, 0xb916, 0x8, 0xb917, 0x8, 0xb918, 0x8, 0xb919, 0x8,
        0xb91a, 0x8, 0xb91b, 0x8, 0xb91c, 0x8, 0xb91d, 0x8, 0xb91e, 0x8, 0xb91f, 0x8,
        0xb920, 0x4, 0xb921, 0x8, 0xb922, 0x8, 0xb923, 0x8, 0xb924, 0x8, 0xb925, 0x8,
        0xb926, 0x8, 0xb927, 0x8, 0xb928, 0x8, 0xb929, 0x8, 0xb92a, 0x8, 0xb92b, 0x8,
        0xb92c, 0x8, 0xb92d, 0x8, 0xb92e, 0x8, 0xb92f, 0x8, 0xb930, 0x8, 0xb931, 0x8,
        0xb932, 0x8, 0xb933, 0x8, 0xb934, 0x8, 0xb935, 0x8, 0xb936, 0x8, 0xb937, 0x8,
        0xb938, 0x8, 0xb939, 0x8, 0xb93a, 0x8, 0xb93b, 0x8, 0xb93c, 0x4, 0xb93d, 0x8,
        0xb93e, 0x8, 0xb93f, 0x8, 0xb940, 0x8, 0xb941, 0x8, 0xb942, 0x8, 0xb943, 0x8,
        0xb944, 0x8, 0xb945, 0x8, 0xb946, 0x8, 0xb947, 0x8, 0xb948, 0x8, 0xb949, 0x8,
        0xb94a, 0x8, 0xb94b, 0x8, 0xb94c, 0x8, 0xb94d, 0x8, 0xb94e, 0x8, 0xb94f, 0x8,
        0xb950, 0x8, 0xb951, 0x8, 0xb952, 0x8, 0xb953, 0x8, 0xb954, 0x8, 0xb955, 0x8,
        0xb956, 0x8, 0xb957, 0x8, 0xb958, 0x4, 0xb959, 0x8, 0xb95a, 0x8, 0xb95b, 0x8,
        0xb95c, 0x8, 0xb95d, 0x8, 0xb95e, 0x8, 0xb95f, 0x8, 0xb960, 0x8, 0xb961, 0x8,
        0xb962, 0x8, 0xb963, 0x8, 0xb964, 0x8, 0xb965, 0x8, 0xb966, 0x8, 0xb967, 0x8,
        0xb968, 0x8, 0xb969, 0x8, 0xb96a, 0x8, 0xb96b, 0x8, 0xb96c, 0x8, 0xb96d, 0x8,
        0xb96e, 0x8, 0xb96f, 0x8, 0xb970, 0x8, 0xb971, 0x8, 0xb972, 0x8, 0xb973, 0x8,
        0xb974, 0x4, 0xb975, 0x8, 0xb976, 0x8, 0xb977, 0x8, 0xb978, 0x8, 0xb979, 0x8,
        0xb97a, 0x8, 0xb97b, 0x8, 0xb97c, 0x8, 0xb97d, 0x8, 0xb97e, 0x8, 0xb97f, 0x8,
        0xb980, 0x8, 0xb981, 0x8, 0xb982, 0x8, 0xb983, 0x8, 0xb984, 0x8, 0xb985, 0x8,
        0xb986, 0x8, 0xb987, 0x8, 0xb988, 0x8, 0xb989, 0x8, 0xb98a, 0x8, 0xb98b, 0x8,
        0xb98c, 0x8, 0xb98d, 0x8, 0xb98e, 0x8, 0xb98f, 0x8, 0xb990, 0x4, 0xb991, 0x8,
        0xb992, 0x8, 0xb993, 0x8, 0xb994, 0x8, 0xb995, 0x8, 0xb996, 0x8, 0xb997, 0x8,
        0xb998, 0x8, 0xb999, 0x8, 0xb99a, 0x8, 0xb99b, 0x8, 0xb99c, 0x8, 0xb99d, 0x8,
        0xb99e, 0x8, 0xb99f, 0x8, 0xb9a0, 0x8, 0xb9a1, 0x8, 0xb9a2, 0x8, 0xb9a3, 0x8,
        0xb9a4, 0x8, 0xb9a5, 0x8, 0xb9a6, 0x8, 0xb9a7, 0x8, 0xb9a8, 0x8, 0xb9a9, 0x8,
        0xb9aa, 0x8, 0xb9ab, 0x8, 0xb9ac, 0x4, 0xb9ad, 0x8, 0xb9ae, 0x8, 0xb9af, 0x8,
        0xb9b0, 0x8, 0xb9b1, 0x8, 0xb9b2, 0x8, 0xb9b3, 0x8, 0xb9b4, 0x8, 0xb9b5, 0x8,
        0xb9b6, 0x8, 0xb9b7, 0x8, 0xb9b8, 0x8, 0xb9b9, 0x8, 0xb9ba, 0x8, 0xb9bb, 0x8,
        0xb9bc, 0x8, 0xb9bd, 0x8, 0xb9be, 0x8, 0xb9bf, 0x8, 0xb9c0, 0x8, 0xb9c1, 0x8,
        0xb9c2, 0x8, 0xb9c3, 0x8, 0xb9c4, 0x8, 0xb9c5, 0x8, 0xb9c6, 0x8, 0xb9c7, 0x8,
        0xb9c8, 0x4, 0xb9c9, 0x8, 0xb9ca, 0x8, 0xb9cb, 0x8, 0xb9cc, 0x8, 0xb9cd, 0x8,
        0xb9ce, 0x8, 0xb9cf, 0x8, 0xb9d0, 0x8, 0xb9d1, 0x8, 0xb9d2, 0x8, 0xb9d3, 0x8,
        0xb9d4, 0x8, 0xb9d5, 0x8, 0xb9d6, 0x8, 0xb9d7, 0x8, 0xb9d8, 0x8, 0xb9d9, 0x8,
        0xb9da, 0x8, 0xb9db, 0x8, 0xb9dc, 0x8, 0xb9dd, 0x8, 0xb9de, 0x8, 0xb9df, 0x8,
        0xb9e0, 0x8, 0xb9e1, 0x8, 0xb9e2, 0x8, 0xb9e3, 0x8, 0xb9e4, 0x4, 0xb9e5, 0x8,
        0xb9e6, 0x8, 0xb9e7, 0x8, 0xb9e8, 0x8, 0xb9e9, 0x8, 0xb9ea, 0x8, 0xb9eb, 0x8,
        0xb9ec, 0x8, 0xb9ed, 0x8, 0xb9ee, 0x8, 0xb9ef, 0x8, 0xb9f0, 0x8, 0xb9f1, 0x8,
        0xb9f2, 0x8, 0xb9f3, 0x8, 0xb9f4, 0x8, 0xb9f5, 0x8, 0xb9f6, 0x8, 0xb9f7, 0x8,
        0xb9f8, 0x8, 0xb9f9, 0x8, 0xb9fa, 0x8, 0xb9fb, 0x8, 0xb9fc, 0x8, 0xb9fd, 0x8,
        0xb9fe, 0x8, 0xb9ff, 0x8, 0xba00, 0x4, 0xba01, 0x8, 0xba02, 0x8, 0xba03, 0x8,
        0xba04, 0x8, 0xba05, 0x8, 0xba06, 0x8, 0xba07, 0x8, 0xba08, 0x8, 0xba09, 0x8,
        0xba0a, 0x8, 0xba0b, 0x8, 0xba0c, 0x8, 0xba0d, 0x8, 0xba0e, 0x8, 0xba0f, 0x8,
        0xba10, 0x8, 0xba11, 0x8, 0xba12, 0x8, 0xba13, 0x8, 0xba14, 0x8, 0xba15, 0x8,
        0xba16, 0x8, 0xba17, 0x8, 0xba18, 0x8, 0xba19, 0x8, 0xba1a, 0x8, 0xba1b, 0x8,
        0xba1c, 0x4, 0xba1d, 0x8, 0xba1e, 0x8, 0xba1f, 0x8, 0xba20, 0x8, 0xba21, 0x8,
        0xba22, 0x8, 0xba23, 0x8, 0xba24, 0x8, 0xba25, 0x8, 0xba26, 0x8, 0xba27, 0x8,
        0xba28, 0x8, 0xba29, 0x8, 0xba2a, 0x8, 0xba2b, 0x8, 0xba2c, 0x8, 0xba2d, 0x8,
        0xba2e, 0x8, 0xba2f, 0x8, 0xba30, 0x8, 0xba31, 0x8, 0xba32, 0x8, 0xba33, 0x8,
        0xba34, 0x8, 0xba35, 0x8, 0xba36, 0x8, 0xba37, 0x8, 0xba38, 0x4, 0xba39, 0x8,
        0xba3a, 0x8, 0xba3b, 0x8, 0xba3c, 0x8, 0xba3d, 0x8, 0xba3e, 0x8, 0xba3f, 0x8,
        0xba40, 0x8, 0xba41, 0x8, 0xba42, 0x8, 0xba43, 0x8, 0xba44, 0x8, 0xba45, 0x8,
        0xba46, 0x8, 0xba47, 0x8, 0xba48, 0x8, 0xba49, 0x8, 0xba4a, 0x8, 0xba4b, 0x8,
        0xba4c, 0x8, 0xba4d, 0x8, 0xba4e, 0x8, 0xba4f, 0x8, 0xba50, 0x8, 0xba51, 0x8,
        0xba52, 0x8, 0xba53, 0x8, 0xba54, 0x4, 0xba55, 0x8, 0xba56, 0x8, 0xba57, 0x8,
        0xba58, 0x8, 0xba59, 0x8, 0xba5a, 0x8, 0xba5b, 0x8, 0xba5c, 0x8, 0xba5d, 0x8,
        0xba5e, 0x8, 0xba5f, 0x8, 0xba60, 0x8, 0xba61, 0x8, 0xba62, 0x8, 0xba63, 0x8,
        0xba64, 0x8, 0xba65, 0x8, 0xba66, 0x8, 0xba67, 0x8, 0xba68, 0x8, 0xba69, 0x8,
        0xba6a, 0x8, 0xba6b, 0x8, 0xba6c, 0x8, 0xba6d, 0x8, 0xba6e, 0x8, 0xba6f, 0x8,
        0xba70, 0x4, 0xba71, 0x8, 0xba72, 0x8, 0xba73, 0x8, 0xba74, 0x8, 0xba75, 0x8,
        0xba76, 0x8, 0xba77, 0x8, 0xba78, 0x8, 0xba79, 0x8, 0xba7a, 0x8, 0xba7b, 0x8,
        0xba7c, 0x8, 0xba7d, 0x8, 0xba7e, 0x8, 0xba7f, 0x8, 0xba80, 0x8, 0xba81, 0x8,
        0xba82, 0x8, 0xba83, 0x8, 0xba84, 0x8, 0xba85, 0x8, 0xba86, 0x8, 0xba87, 0x8,
        0xba88, 0x8, 0xba89, 0x8, 0xba8a, 0x8, 0xba8b, 0x8, 0xba8c, 0x4, 0xba8d, 0x8,
        0xba8e, 0x8, 0xba8f, 0x8, 0xba90, 0x8, 0xba91, 0x8, 0xba92, 0x8, 0xba93, 0x8,
        0xba94, 0x8, 0xba95, 0x8, 0xba96, 0x8, 0xba97, 0x8, 0xba98, 0x8, 0xba99, 0x8,
        0xba9a, 0x8, 0xba9b, 0x8, 0xba9c, 0x8, 0xba9d, 0x8, 0xba9e, 0x8, 0xba9f, 0x8,
        0xbaa0, 0x8, 0xbaa1, 0x8, 0xbaa2, 0x8, 0xbaa3, 0x8, 0xbaa4, 0x8, 0xbaa5, 0x8,
        0xbaa6, 0x8, 0xbaa7, 0x8, 0xbaa8, 0x4, 0xbaa9, 0x8, 0xbaaa, 0x8, 0xbaab, 0x8,
        0xbaac, 0x8, 0xbaad, 0x8, 0xbaae, 0x8, 0xbaaf, 0x8, 0xbab0, 0x8, 0xbab1, 0x8,
        0xbab2, 0x8, 0xbab3, 0x8, 0xbab4, 0x8, 0xbab5, 0x8, 0xbab6, 0x8, 0xbab7, 0x8,
        0xbab8, 0x8, 0xbab9, 0x8, 0xbaba, 0x8, 0xbabb, 0x8, 0xbabc, 0x8, 0xbabd, 0x8,
        0xbabe, 0x8, 0xbabf, 0x8, 0xbac0, 0x8, 0xbac1, 0x8, 0xbac2, 0x8, 0xbac3, 0x8,
        0xbac4, 0x4, 0xbac5, 0x8, 0xbac6, 0x8, 0xbac7, 0x8, 0xbac8, 0x8, 0xbac9, 0x8,
        0xbaca, 0x8, 0xbacb, 0x8, 0xbacc, 0x8, 0xbacd, 0x8, 0xbace, 0x8, 0xbacf, 0x8,
        0xbad0, 0x8, 0xbad1, 0x8, 0xbad2, 0x8, 0xbad3, 0x8, 0xbad4, 0x8, 0xbad5, 0x8,
        0xbad6, 0x8, 0xbad7, 0x8, 0xbad8, 0x8, 0xbad9, 0x8, 0xbada, 0x8, 0xbadb, 0x8,
        0xbadc, 0x8, 0xbadd, 0x8, 0xbade, 0x8, 0xbadf, 0x8, 0xbae0, 0x4, 0xbae1, 0x8,
        0xbae2, 0x8, 0xbae3, 0x8, 0xbae4, 0x8, 0xbae5, 0x8, 0xbae6, 0x8, 0xbae7, 0x8,
        0xbae8, 0x8, 0xbae9, 0x8, 0xbaea, 0x8, 0xbaeb, 0x8, 0xbaec, 0x8, 0xbaed, 0x8,
        0xbaee, 0x8, 0xbaef, 0x8, 0xbaf0, 0x8, 0xbaf1, 0x8, 0xbaf2, 0x8, 0xbaf3, 0x8,
        0xbaf4, 0x8, 0xbaf5, 0x8, 0xbaf6, 0x8, 0xbaf7, 0x8, 0xbaf8, 0x8, 0xbaf9, 0x8,
        0xbafa, 0x8, 0xbafb, 0x8, 0xbafc, 0x4, 0xbafd, 0x8, 0xbafe, 0x8, 0xbaff, 0x8,
        0xbb00, 0x8, 0xbb01, 0x8, 0xbb02, 0x8, 0xbb03, 0x8, 0xbb04, 0x8, 0xbb05, 0x8,
        0xbb06, 0x8, 0xbb07, 0x8, 0xbb08, 0x8, 0xbb09, 0x8, 0xbb0a, 0x8, 0xbb0b, 0x8,
        0xbb0c, 0x8, 0xbb0d, 0x8, 0xbb0e, 0x8, 0xbb0f, 0x8, 0xbb10, 0x8, 0xbb11, 0x8,
        0xbb12, 0x8, 0xbb13, 0x8, 0xbb14, 0x8, 0xbb15, 0x8, 0xbb16, 0x8, 0xbb17, 0x8,
        0xbb18, 0x4, 0xbb19, 0x8, 0xbb1a, 0x8, 0xbb1b, 0x8, 0xbb1c, 0x8, 0xbb1d, 0x8,
        0xbb1e, 0x8, 0xbb1f, 0x8, 0xbb20, 0x8, 0xbb21, 0x8, 0xbb22, 0x8, 0xbb23, 0x8,
        0xbb24, 0x8, 0xbb25, 0x8, 0xbb26, 0x8, 0xbb27, 0x8, 0xbb28, 0x8, 0xbb29, 0x8,
        0xbb2a, 0x8, 0xbb2b, 0x8, 0xbb2c, 0x8, 0xbb2d, 0x8, 0xbb2e, 0x8, 0xbb2f, 0x8,
        0xbb30, 0x8, 0xbb31, 0x8, 0xbb32, 0x8, 0xbb33, 0x8, 0xbb34, 0x4, 0xbb35, 0x8,
        0xbb36, 0x8, 0xbb37, 0x8, 0xbb38, 0x8, 0xbb39, 0x8, 0xbb3a, 0x8, 0xbb3b, 0x8,
        0xbb3c, 0x8, 0xbb3d, 0x8, 0xbb3e, 0x8, 0xbb3f, 0x8, 0xbb40, 0x8, 0xbb41, 0x8,
        0xbb42, 0x8, 0xbb43, 0x8, 0xbb44, 0x8, 0xbb45, 0x8, 0xbb46, 0x8, 0xbb47, 0x8,
        0xbb48, 0x8, 0xbb49, 0x8, 0xbb4a, 0x8, 0xbb4b, 0x8, 0xbb4c, 0x8, 0xbb4d, 0x8,
        0xbb4e, 0x8, 0xbb4f, 0x8, 0xbb50, 0x4, 0xbb51, 0x8, 0xbb52, 0x8, 0xbb53, 0x8,
        0xbb54, 0x8, 0xbb55, 0x8, 0xbb56, 0x8, 0xbb57, 0x8, 0xbb58, 0x8, 0xbb59, 0x8,
        0xbb5a, 0x8, 0xbb5b, 0x8, 0xbb5c, 0x8, 0xbb5d, 0x8, 0xbb5e, 0x8, 0xbb5f, 0x8,
        0xbb60, 0x8, 0xbb61, 0x8, 0xbb62, 0x8, 0xbb63, 0x8, 0xbb64, 0x8, 0xbb65, 0x8,
        0xbb66, 0x8, 0xbb67, 0x8, 0xbb68, 0x8, 0xbb69, 0x8, 0xbb6a, 0x8, 0xbb6b, 0x8,
        0xbb6c, 0x4, 0xbb6d, 0x8, 0xbb6e, 0x8, 0xbb6f, 0x8, 0xbb70, 0x8, 0xbb71, 0x8,
        0xbb72, 0x8, 0xbb73, 0x8, 0xbb74, 0x8, 0xbb75, 0x8, 0xbb76, 0x8, 0xbb77, 0x8,
        0xbb78, 0x8, 0xbb79, 0x8, 0xbb7a, 0x8, 0xbb7b, 0x8, 0xbb7c, 0x8, 0xbb7d, 0x8,
        0xbb7e, 0x8, 0xbb7f, 0x8, 0xbb80, 0x8, 0xbb81, 0x8, 0xbb82, 0x8, 0xbb83, 0x8,
        0xbb84, 0x8, 0xbb85, 0x8, 0xbb86, 0x8, 0xbb87, 0x8, 0xbb88, 0x4, 0xbb89, 0x8,
        0xbb8a, 0x8, 0xbb8b, 0x8, 0xbb8c, 0x8, 0xbb8d, 0x8, 0xbb8e, 0x8, 0xbb8f, 0x8,
        0xbb90, 0x8, 0xbb91, 0x8, 0xbb92, 0x8, 0xbb93, 0x8, 0xbb94, 0x8, 0xbb95, 0x8,
        0xbb96, 0x8, 0xbb97, 0x8, 0xbb98, 0x8, 0xbb99, 0x8, 0xbb9a, 0x8, 0xbb9b, 0x8,
        0xbb9c, 0x8, 0xbb9d, 0x8, 0xbb9e, 0x8, 0xbb9f, 0x8, 0xbba0, 0x8, 0xbba1, 0x8,
        0xbba2, 0x8, 0xbba3, 0x8, 0xbba4, 0x4, 0xbba5, 0x8, 0xbba6, 0x8, 0xbba7, 0x8,
        0xbba8, 0x8, 0xbba9, 0x8, 0xbbaa, 0x8, 0xbbab, 0x8, 0xbbac, 0x8, 0xbbad, 0x8,
        0xbbae, 0x8, 0xbbaf, 0x8, 0xbbb0, 0x8, 0xbbb1, 0x8, 0xbbb2, 0x8, 0xbbb3, 0x8,
        0xbbb4, 0x8, 0xbbb5, 0x8, 0xbbb6, 0x8, 0xbbb7, 0x8, 0xbbb8, 0x8, 0xbbb9, 0x8,
        0xbbba, 0x8, 0xbbbb, 0x8, 0xbbbc, 0x8, 0xbbbd, 0x8, 0xbbbe, 0x8, 0xbbbf, 0x8,
        0xbbc0, 0x4, 0xbbc1, 0x8, 0xbbc2, 0x8, 0xbbc3, 0x8, 0xbbc4, 0x8, 0xbbc5, 0x8,
        0xbbc6, 0x8, 0xbbc7, 0x8, 0xbbc8, 0x8, 0xbbc9, 0x8, 0xbbca, 0x8, 0xbbcb, 0x8,
        0xbbcc, 0x8, 0xbbcd, 0x8, 0xbbce, 0x8, 0xbbcf, 0x8, 0xbbd0, 0x8, 0xbbd1, 0x8,
        0xbbd2, 0x8, 0xbbd3, 0x8, 0xbbd4, 0x8, 0xbbd5, 0x8, 0xbbd6, 0x8, 0xbbd7, 0x8,
        0xbbd8, 0x8, 0xbbd9, 0x8, 0xbbda, 0x8, 0xbbdb, 0x8, 0xbbdc, 0x4, 0xbbdd, 0x8,
        0xbbde, 0x8, 0xbbdf, 0x8, 0xbbe0, 0x8, 0xbbe1, 0x8, 0xbbe2, 0x8, 0xbbe3, 0x8,
        0xbbe4, 0x8, 0xbbe5, 0x8, 0xbbe6, 0x8, 0xbbe7, 0x8, 0xbbe8, 0x8, 0xbbe9, 0x8,
        0xbbea, 0x8, 0xbbeb, 0x8, 0xbbec, 0x8, 0xbbed, 0x8, 0xbbee, 0x8, 0xbbef, 0x8,
        0xbbf0, 0x8, 0xbbf1, 0x8, 0xbbf2, 0x8, 0xbbf3, 0x8, 0xbbf4, 0x8, 0xbbf5, 0x8,
        0xbbf6, 0x8, 0xbbf7, 0x8, 0xbbf8, 0x4, 0xbbf9, 0x8, 0xbbfa, 0x8, 0xbbfb, 0x8,
        0xbbfc, 0x8, 0xbbfd, 0x8, 0xbbfe, 0x8, 0xbbff, 0x8, 0xbc00, 0x8, 0xbc01, 0x8,
        0xbc02, 0x8, 0xbc03, 0x8, 0xbc04, 0x8, 0xbc05, 0x8, 0xbc06, 0x8, 0xbc07, 0x8,
        0xbc08, 0x8, 0xbc09, 0x8, 0xbc0a, 0x8, 0xbc0b, 0x8, 0xbc0c, 0x8, 0xbc0d, 0x8,
        0xbc0e, 0x8, 0xbc0f, 0x8, 0xbc10, 0x8, 0xbc11, 0x8, 0xbc12, 0x8, 0xbc13, 0x8,
        0xbc14, 0x4, 0xbc15, 0x8, 0xbc16, 0x8, 0xbc17, 0x8, 0xbc18, 0x8, 0xbc19, 0x8,
        0xbc1a, 0x8, 0xbc1b, 0x8, 0xbc1c, 0x8, 0xbc1d, 0x8, 0xbc1e, 0x8, 0xbc1f, 0x8,
        0xbc20, 0x8, 0xbc21, 0x8, 0xbc22, 0x8, 0xbc23, 0x8, 0xbc24, 0x8, 0xbc25, 0x8,
        0xbc26, 0x8, 0xbc27, 0x8, 0xbc28, 0x8, 0xbc29, 0x8, 0xbc2a, 0x8, 0xbc2b, 0x8,
        0xbc2c, 0x8, 0xbc2d, 0x8, 0xbc2e, 0x8, 0xbc2f, 0x8, 0xbc30, 0x4, 0xbc31, 0x8,
        0xbc32, 0x8, 0xbc33, 0x8, 0xbc34, 0x8, 0xbc35, 0x8, 0xbc36, 0x8, 0xbc37, 0x8,
        0xbc38, 0x8, 0xbc39, 0x8, 0xbc3a, 0x8, 0xbc3b, 0x8, 0xbc3c, 0x8, 0xbc3d, 0x8,
        0xbc3e, 0x8, 0xbc3f, 0x8, 0xbc40, 0x8, 0xbc41, 0x8, 0xbc42, 0x8, 0xbc43, 0x8,
        0xbc44, 0x8, 0xbc45, 0x8, 0xbc46, 0x8, 0xbc47, 0x8, 0xbc48, 0x8, 0xbc49, 0x8,
        0xbc4a, 0x8, 0xbc4b, 0x8, 0xbc4c, 0x4, 0xbc4d, 0x8, 0xbc4e, 0x8, 0xbc4f, 0x8,
        0xbc50, 0x8, 0xbc51, 0x8, 0xbc52, 0x8, 0xbc53, 0x8, 0xbc54, 0x8, 0xbc55, 0x8,
        0xbc56, 0x8, 0xbc57, 0x8, 0xbc58, 0x8, 0xbc59, 0x8, 0xbc5a, 0x8, 0xbc5b, 0x8,
        0xbc5c, 0x8, 0xbc5d, 0x8, 0xbc5e, 0x8, 0xbc5f, 0x8, 0xbc60, 0x8, 0xbc61, 0x8,
        0xbc62, 0x8, 0xbc63, 0x8, 0xbc64, 0x8, 0xbc65, 0x8, 0xbc66, 0x8, 0xbc67, 0x8,
        0xbc68, 0x4, 0xbc69, 0x8, 0xbc6a, 0x8, 0xbc6b, 0x8, 0xbc6c, 0x8, 0xbc6d, 0x8,
        0xbc6e, 0x8, 0xbc6f, 0x8, 0xbc70, 0x8, 0xbc71, 0x8, 0xbc72, 0x8, 0xbc73, 0x8,
        0xbc74, 0x8, 0xbc75, 0x8, 0xbc76, 0x8, 0xbc77, 0x8, 0xbc78, 0x8, 0xbc79, 0x8,
        0xbc7a, 0x8, 0xbc7b, 0x8, 0xbc7c, 0x8, 0xbc7d, 0x8, 0xbc7e, 0x8, 0xbc7f, 0x8,
        0xbc80, 0x8, 0xbc81, 0x8, 0xbc82, 0x8, 0xbc83, 0x8, 0xbc84, 0x4, 0xbc85, 0x8,
        0xbc86, 0x8, 0xbc87, 0x8, 0xbc88, 0x8, 0xbc89, 0x8, 0xbc8a, 0x8, 0xbc8b, 0x8,
        0xbc8c, 0x8, 0xbc8d, 0x8, 0xbc8e, 0x8, 0xbc8f, 0x8, 0xbc90, 0x8, 0xbc91, 0x8,
        0xbc92, 0x8, 0xbc93, 0x8, 0xbc94, 0x8, 0xbc95, 0x8, 0xbc96, 0x8, 0xbc97, 0x8,
        0xbc98, 0x8, 0xbc99, 0x8, 0xbc9a, 0x8, 0xbc9b, 0x8, 0xbc9c, 0x8, 0xbc9d, 0x8,
        0xbc9e, 0x8, 0xbc9f, 0x8, 0xbca0, 0x4, 0xbca1, 0x8, 0xbca2, 0x8, 0xbca3, 0x8,
        0xbca4, 0x8, 0xbca5, 0x8, 0xbca6, 0x8, 0xbca7, 0x8, 0xbca8, 0x8, 0xbca9, 0x8,
        0xbcaa, 0x8, 0xbcab, 0x8, 0xbcac, 0x8, 0xbcad, 0x8, 0xbcae, 0x8, 0xbcaf, 0x8,
        0xbcb0, 0x8, 0xbcb1, 0x8, 0xbcb2, 0x8, 0xbcb3, 0x8, 0xbcb4, 0x8, 0xbcb5, 0x8,
        0xbcb6, 0x8, 0xbcb7, 0x8, 0xbcb8, 0x8, 0xbcb9, 0x8, 0xbcba, 0x8, 0xbcbb, 0x8,
        0xbcbc, 0x4, 0xbcbd, 0x8, 0xbcbe, 0x8, 0xbcbf, 0x8, 0xbcc0, 0x8, 0xbcc1, 0x8,
        0xbcc2, 0x8, 0xbcc3, 0x8, 0xbcc4, 0x8, 0xbcc5, 0x8, 0xbcc6, 0x8, 0xbcc7, 0x8,
        0xbcc8, 0x8, 0xbcc9, 0x8, 0xbcca, 0x8, 0xbccb, 0x8, 0xbccc, 0x8, 0xbccd, 0x8,
        0xbcce, 0x8, 0xbccf, 0x8, 0xbcd0, 0x8, 0xbcd1, 0x8, 0xbcd2, 0x8, 0xbcd3, 0x8,
        0xbcd4, 0x8, 0xbcd5, 0x8, 0xbcd6, 0x8, 0xbcd7, 0x8, 0xbcd8, 0x4, 0xbcd9, 0x8,
        0xbcda, 0x8, 0xbcdb, 0x8, 0xbcdc, 0x8, 0xbcdd, 0x8, 0xbcde, 0x8, 0xbcdf, 0x8,
        0xbce0, 0x8, 0xbce1, 0x8, 0xbce2, 0x8, 0xbce3, 0x8, 0xbce4, 0x8, 0xbce5, 0x8,
        0xbce6, 0x8, 0xbce7, 0x8, 0xbce8, 0x8, 0xbce9, 0x8, 0xbcea, 0x8, 0xbceb, 0x8,
        0xbcec, 0x8, 0xbced, 0x8, 0xbcee, 0x8, 0xbcef, 0x8, 0xbcf0, 0x8, 0xbcf1, 0x8,
        0xbcf2, 0x8, 0xbcf3, 0x8, 0xbcf4, 0x4, 0xbcf5, 0x8, 0xbcf6, 0x8, 0xbcf7, 0x8,
        0xbcf8, 0x8, 0xbcf9, 0x8, 0xbcfa, 0x8, 0xbcfb, 0x8, 0xbcfc, 0x8, 0xbcfd, 0x8,
        0xbcfe, 0x8, 0xbcff, 0x8, 0xbd00, 0x8, 0xbd01, 0x8, 0xbd02, 0x8, 0xbd03, 0x8,
        0xbd04, 0x8, 0xbd05, 0x8, 0xbd06, 0x8, 0xbd07, 0x8, 0xbd08, 0x8, 0xbd09, 0x8,
        0xbd0a, 0x8, 0xbd0b, 0x8, 0xbd0c, 0x8, 0xbd0d, 0x8, 0xbd0e, 0x8, 0xbd0f, 0x8,
        0xbd10, 0x4, 0xbd11, 0x8, 0xbd12, 0x8, 0xbd13, 0x8, 0xbd14, 0x8, 0xbd15, 0x8,
        0xbd16, 0x8, 0xbd17, 0x8, 0xbd18, 0x8, 0xbd19, 0x8, 0xbd1a, 0x8, 0xbd1b, 0x8,
        0xbd1c, 0x8, 0xbd1d, 0x8, 0xbd1e, 0x8, 0xbd1f, 0x8, 0xbd20, 0x8, 0xbd21, 0x8,
        0xbd22, 0x8, 0xbd23, 0x8, 0xbd24, 0x8, 0xbd25, 0x8, 0xbd26, 0x8, 0xbd27, 0x8,
        0xbd28, 0x8, 0xbd29, 0x8, 0xbd2a, 0x8, 0xbd2b, 0x8, 0xbd2c, 0x4, 0xbd2d, 0x8,
        0xbd2e, 0x8, 0xbd2f, 0x8, 0xbd30, 0x8, 0xbd31, 0x8, 0xbd32, 0x8, 0xbd33, 0x8,
        0xbd34, 0x8, 0xbd35, 0x8, 0xbd36, 0x8, 0xbd37, 0x8, 0xbd38, 0x8, 0xbd39, 0x8,
        0xbd3a, 0x8, 0xbd3b, 0x8, 0xbd3c, 0x8, 0xbd3d, 0x8, 0xbd3e, 0x8, 0xbd3f, 0x8,
        0xbd40, 0x8, 0xbd41, 0x8, 0xbd42, 0x8, 0xbd43, 0x8, 0xbd44, 0x8, 0xbd45, 0x8,
        0xbd46, 0x8, 0xbd47, 0x8, 0xbd48, 0x4, 0xbd49, 0x8, 0xbd4a, 0x8, 0xbd4b, 0x8,
        0xbd4c, 0x8, 0xbd4d, 0x8, 0xbd4e, 0x8, 0xbd4f, 0x8, 0xbd50, 0x8, 0xbd51, 0x8,
        0xbd52, 0x8, 0xbd53, 0x8, 0xbd54, 0x8, 0xbd55, 0x8, 0xbd56, 0x8, 0xbd57, 0x8,
        0xbd58, 0x8, 0xbd59, 0x8, 0xbd5a, 0x8, 0xbd5b, 0x8, 0xbd5c, 0x8, 0xbd5d, 0x8,
        0xbd5e, 0x8, 0xbd5f, 0x8, 0xbd60, 0x8, 0xbd61, 0x8, 0xbd62, 0x8, 0xbd63, 0x8,
        0xbd64, 0x4, 0xbd65, 0x8, 0xbd66, 0x8, 0xbd67, 0x8, 0xbd68, 0x8, 0xbd69, 0x8,
        0xbd6a, 0x8, 0xbd6b, 0x8, 0xbd6c, 0x8, 0xbd6d, 0x8, 0xbd6e, 0x8, 0xbd6f, 0x8,
        0xbd70, 0x8, 0xbd71, 0x8, 0xbd72, 0x8, 0xbd73, 0x8, 0xbd74, 0x8, 0xbd75, 0x8,
        0xbd76, 0x8, 0xbd77, 0x8, 0xbd78, 0x8, 0xbd79, 0x8, 0xbd7a, 0x8, 0xbd7b, 0x8,
        0xbd7c, 0x8, 0xbd7d, 0x8, 0xbd7e, 0x8, 0xbd7f, 0x8, 0xbd80, 0x4, 0xbd81, 0x8,
        0xbd82, 0x8, 0xbd83, 0x8, 0xbd84, 0x8, 0xbd85, 0x8, 0xbd86, 0x8, 0xbd87, 0x8,
        0xbd88, 0x8, 0xbd89, 0x8, 0xbd8a, 0x8, 0xbd8b, 0x8, 0xbd8c, 0x8, 0xbd8d, 0x8,
        0xbd8e, 0x8, 0xbd8f, 0x8, 0xbd90, 0x8, 0xbd91, 0x8, 0xbd92, 0x8, 0xbd93, 0x8,
        0xbd94, 0x8, 0xbd95, 0x8, 0xbd96, 0x8, 0xbd97, 0x8, 0xbd98, 0x8, 0xbd99, 0x8,
        0xbd9a, 0x8, 0xbd9b, 0x8, 0xbd9c, 0x4, 0xbd9d, 0x8, 0xbd9e, 0x8, 0xbd9f, 0x8,
        0xbda0, 0x8, 0xbda1, 0x8, 0xbda2, 0x8, 0xbda3, 0x8, 0xbda4, 0x8, 0xbda5, 0x8,
        0xbda6, 0x8, 0xbda7, 0x8, 0xbda8, 0x8, 0xbda9, 0x8, 0xbdaa, 0x8, 0xbdab, 0x8,
        0xbdac, 0x8, 0xbdad, 0x8, 0xbdae, 0x8, 0xbdaf, 0x8, 0xbdb0, 0x8, 0xbdb1, 0x8,
        0xbdb2, 0x8, 0xbdb3, 0x8, 0xbdb4, 0x8, 0xbdb5, 0x8, 0xbdb6, 0x8, 0xbdb7, 0x8,
        0xbdb8, 0x4, 0xbdb9, 0x8, 0xbdba, 0x8, 0xbdbb, 0x8, 0xbdbc, 0x8, 0xbdbd, 0x8,
        0xbdbe, 0x8, 0xbdbf, 0x8, 0xbdc0, 0x8, 0xbdc1, 0x8, 0xbdc2, 0x8, 0xbdc3, 0x8,
        0xbdc4, 0x8, 0xbdc5, 0x8, 0xbdc6, 0x8, 0xbdc7, 0x8, 0xbdc8, 0x8, 0xbdc9, 0x8,
        0xbdca, 0x8, 0xbdcb, 0x8, 0xbdcc, 0x8, 0xbdcd, 0x8, 0xbdce, 0x8, 0xbdcf, 0x8,
        0xbdd0, 0x8, 0xbdd1, 0x8, 0xbdd2, 0x8, 0xbdd3, 0x8, 0xbdd4, 0x4, 0xbdd5, 0x8,
        0xbdd6, 0x8, 0xbdd7, 0x8, 0xbdd8, 0x8, 0xbdd9, 0x8, 0xbdda, 0x8, 0xbddb, 0x8,
        0xbddc, 0x8, 0xbddd, 0x8, 0xbdde, 0x8, 0xbddf, 0x8, 0xbde0, 0x8, 0xbde1, 0x8,
        0xbde2, 0x8, 0xbde3, 0x8, 0xbde4, 0x8, 0xbde5, 0x8, 0xbde6, 0x8, 0xbde7, 0x8,
        0xbde8, 0x8, 0xbde9, 0x8, 0xbdea, 0x8, 0xbdeb, 0x8, 0xbdec, 0x8, 0xbded, 0x8,
        0xbdee, 0x8, 0xbdef, 0x8, 0xbdf0, 0x4, 0xbdf1, 0x8, 0xbdf2, 0x8, 0xbdf3, 0x8,
        0xbdf4, 0x8, 0xbdf5, 0x8, 0xbdf6, 0x8, 0xbdf7, 0x8, 0xbdf8, 0x8, 0xbdf9, 0x8,
        0xbdfa, 0x8, 0xbdfb, 0x8, 0xbdfc, 0x8, 0xbdfd, 0x8, 0xbdfe, 0x8, 0xbdff, 0x8,
        0xbe00, 0x8, 0xbe01, 0x8, 0xbe02, 0x8, 0xbe03, 0x8, 0xbe04, 0x8, 0xbe05, 0x8,
        0xbe06, 0x8, 0xbe07, 0x8, 0xbe08, 0x8, 0xbe09, 0x8, 0xbe0a, 0x8, 0xbe0b, 0x8,
        0xbe0c, 0x4, 0xbe0d, 0x8, 0xbe0e, 0x8, 0xbe0f, 0x8, 0xbe10, 0x8, 0xbe11, 0x8,
        0xbe12, 0x8, 0xbe13, 0x8, 0xbe14, 0x8, 0xbe15, 0x8, 0xbe16, 0x8, 0xbe17, 0x8,
        0xbe18, 0x8, 0xbe19, 0x8, 0xbe1a, 0x8, 0xbe1b, 0x8, 0xbe1c, 0x8, 0xbe1d, 0x8,
        0xbe1e, 0x8, 0xbe1f, 0x8, 0xbe20, 0x8, 0xbe21, 0x8, 0xbe22, 0x8, 0xbe23, 0x8,
        0xbe24, 0x8, 0xbe25, 0x8, 0xbe26, 0x8, 0xbe27, 0x8, 0xbe28, 0x4, 0xbe29, 0x8,
        0xbe2a, 0x8, 0xbe2b, 0x8, 0xbe2c, 0x8, 0xbe2d, 0x8, 0xbe2e, 0x8, 0xbe2f, 0x8,
        0xbe30, 0x8, 0xbe31, 0x8, 0xbe32, 0x8, 0xbe33, 0x8, 0xbe34, 0x8, 0xbe35, 0x8,
        0xbe36, 0x8, 0xbe37, 0x8, 0xbe38, 0x8, 0xbe39, 0x8, 0xbe3a, 0x8, 0xbe3b, 0x8,
        0xbe3c, 0x8, 0xbe3d, 0x8, 0xbe3e, 0x8, 0xbe3f, 0x8, 0xbe40, 0x8, 0xbe41, 0x8,
        0xbe42, 0x8, 0xbe43, 0x8, 0xbe44, 0x4, 0xbe45, 0x8, 0xbe46, 0x8, 0xbe47, 0x8,
        0xbe48, 0x8, 0xbe49, 0x8, 0xbe4a, 0x8, 0xbe4b, 0x8, 0xbe4c, 0x8, 0xbe4d, 0x8,
        0xbe4e, 0x8, 0xbe4f, 0x8, 0xbe50, 0x8, 0xbe51, 0x8, 0xbe52, 0x8, 0xbe53, 0x8,
        0xbe54, 0x8, 0xbe55, 0x8, 0xbe56, 0x8, 0xbe57, 0x8, 0xbe58, 0x8, 0xbe59, 0x8,
        0xbe5a, 0x8, 0xbe5b, 0x8, 0xbe5c, 0x8, 0xbe5d, 0x8, 0xbe5e, 0x8, 0xbe5f, 0x8,
        0xbe60, 0x4, 0xbe61, 0x8, 0xbe62, 0x8, 0xbe63, 0x8, 0xbe64, 0x8, 0xbe65, 0x8,
        0xbe66, 0x8, 0xbe67, 0x8, 0xbe68, 0x8, 0xbe69, 0x8, 0xbe6a, 0x8, 0xbe6b, 0x8,
        0xbe6c, 0x8, 0xbe6d, 0x8, 0xbe6e, 0x8, 0xbe6f, 0x8, 0xbe70, 0x8, 0xbe71, 0x8,
        0xbe72, 0x8, 0xbe73, 0x8, 0xbe74, 0x8, 0xbe75, 0x8, 0xbe76, 0x8, 0xbe77, 0x8,
        0xbe78, 0x8, 0xbe79, 0x8, 0xbe7a, 0x8, 0xbe7b, 0x8, 0xbe7c, 0x4, 0xbe7d, 0x8,
        0xbe7e, 0x8, 0xbe7f, 0x8, 0xbe80, 0x8, 0xbe81, 0x8, 0xbe82, 0x8, 0xbe83, 0x8,
        0xbe84, 0x8, 0xbe85, 0x8, 0xbe86, 0x8, 0xbe87, 0x8, 0xbe88, 0x8, 0xbe89, 0x8,
        0xbe8a, 0x8, 0xbe8b, 0x8, 0xbe8c, 0x8, 0xbe8d, 0x8, 0xbe8e, 0x8, 0xbe8f, 0x8,
        0xbe90, 0x8, 0xbe91, 0x8, 0xbe92, 0x8, 0xbe93, 0x8, 0xbe94, 0x8, 0xbe95, 0x8,
        0xbe96, 0x8, 0xbe97, 0x8, 0xbe98, 0x4, 0xbe99, 0x8, 0xbe9a, 0x8, 0xbe9b, 0x8,
        0xbe9c, 0x8, 0xbe9d, 0x8, 0xbe9e, 0x8, 0xbe9f, 0x8, 0xbea0, 0x8, 0xbea1, 0x8,
        0xbea2, 0x8, 0xbea3, 0x8, 0xbea4, 0x8, 0xbea5, 0x8, 0xbea6, 0x8, 0xbea7, 0x8,
        0xbea8, 0x8, 0xbea9, 0x8, 0xbeaa, 0x8, 0xbeab, 0x8, 0xbeac, 0x8, 0xbead, 0x8,
        0xbeae, 0x8, 0xbeaf, 0x8, 0xbeb0, 0x8, 0xbeb1, 0x8, 0xbeb2, 0x8, 0xbeb3, 0x8,
        0xbeb4, 0x4, 0xbeb5, 0x8, 0xbeb6, 0x8, 0xbeb7, 0x8, 0xbeb8, 0x8, 0xbeb9, 0x8,
        0xbeba, 0x8, 0xbebb, 0x8, 0xbebc, 0x8, 0xbebd, 0x8, 0xbebe, 0x8, 0xbebf, 0x8,
        0xbec0, 0x8, 0xbec1, 0x8, 0xbec2, 0x8, 0xbec3, 0x8, 0xbec4, 0x8, 0xbec5, 0x8,
        0xbec6, 0x8, 0xbec7, 0x8, 0xbec8, 0x8, 0xbec9, 0x8, 0xbeca, 0x8, 0xbecb, 0x8,
        0xbecc, 0x8, 0xbecd, 0x8, 0xbece, 0x8, 0xbecf, 0x8, 0xbed0, 0x4, 0xbed1, 0x8,
        0xbed2, 0x8, 0xbed3, 0x8, 0xbed4, 0x8, 0xbed5, 0x8, 0xbed6, 0x8, 0xbed7, 0x8,
        0xbed8, 0x8, 0xbed9, 0x8, 0xbeda, 0x8, 0xbedb, 0x8, 0xbedc, 0x8, 0xbedd, 0x8,
        0xbede, 0x8, 0xbedf, 0x8, 0xbee0, 0x8, 0xbee1, 0x8, 0xbee2, 0x8, 0xbee3, 0x8,
        0xbee4, 0x8, 0xbee5, 0x8, 0xbee6, 0x8, 0xbee7, 0x8, 0xbee8, 0x8, 0xbee9, 0x8,
        0xbeea, 0x8, 0xbeeb, 0x8, 0xbeec, 0x4, 0xbeed, 0x8, 0xbeee, 0x8, 0xbeef, 0x8,
        0xbef0, 0x8, 0xbef1, 0x8, 0xbef2, 0x8, 0xbef3, 0x8, 0xbef4, 0x8, 0xbef5, 0x8,
        0xbef6, 0x8, 0xbef7, 0x8, 0xbef8, 0x8, 0xbef9, 0x8, 0xbefa, 0x8, 0xbefb, 0x8,
        0xbefc, 0x8, 0xbefd, 0x8, 0xbefe, 0x8, 0xbeff, 0x8, 0xbf00, 0x8, 0xbf01, 0x8,
        0xbf02, 0x8, 0xbf03, 0x8, 0xbf04, 0x8, 0xbf05, 0x8, 0xbf06, 0x8, 0xbf07, 0x8,
        0xbf08, 0x4, 0xbf09, 0x8, 0xbf0a, 0x8, 0xbf0b, 0x8, 0xbf0c, 0x8, 0xbf0d, 0x8,
        0xbf0e, 0x8, 0xbf0f, 0x8, 0xbf10, 0x8, 0xbf11, 0x8, 0xbf12, 0x8, 0xbf13, 0x8,
        0xbf14, 0x8, 0xbf15, 0x8, 0xbf16, 0x8, 0xbf17, 0x8, 0xbf18, 0x8, 0xbf19, 0x8,
        0xbf1a, 0x8, 0xbf1b, 0x8, 0xbf1c, 0x8, 0xbf1d, 0x8, 0xbf1e, 0x8, 0xbf1f, 0x8,
        0xbf20, 0x8, 0xbf21, 0x8, 0xbf22, 0x8, 0xbf23, 0x8, 0xbf24, 0x4, 0xbf25, 0x8,
        0xbf26, 0x8, 0xbf27, 0x8, 0xbf28, 0x8, 0xbf29, 0x8, 0xbf2a, 0x8, 0xbf2b, 0x8,
        0xbf2c, 0x8, 0xbf2d, 0x8, 0xbf2e, 0x8, 0xbf2f, 0x8, 0xbf30, 0x8, 0xbf31, 0x8,
        0xbf32, 0x8, 0xbf33, 0x8, 0xbf34, 0x8, 0xbf35, 0x8, 0xbf36, 0x8, 0xbf37, 0x8,
        0xbf38, 0x8, 0xbf39, 0x8, 0xbf3a, 0x8, 0xbf3b, 0x8, 0xbf3c, 0x8, 0xbf3d, 0x8,
        0xbf3e, 0x8, 0xbf3f, 0x8, 0xbf40, 0x4, 0xbf41, 0x8, 0xbf42, 0x8, 0xbf43, 0x8,
        0xbf44, 0x8, 0xbf45, 0x8, 0xbf46, 0x8, 0xbf47, 0x8, 0xbf48, 0x8, 0xbf49, 0x8,
        0xbf4a, 0x8, 0xbf4b, 0x8, 0xbf4c, 0x8, 0xbf4d, 0x8, 0xbf4e, 0x8, 0xbf4f, 0x8,
        0xbf50, 0x8, 0xbf51, 0x8, 0xbf52, 0x8, 0xbf53, 0x8, 0xbf54, 0x8, 0xbf55, 0x8,
        0xbf56, 0x8, 0xbf57, 0x8, 0xbf58, 0x8, 0xbf59, 0x8, 0xbf5a, 0x8, 0xbf5b, 0x8,
        0xbf5c, 0x4, 0xbf5d, 0x8, 0xbf5e, 0x8, 0xbf5f, 0x8, 0xbf60, 0x8, 0xbf61, 0x8,
        0xbf62, 0x8, 0xbf63, 0x8, 0xbf64, 0x8, 0xbf65, 0x8, 0xbf66, 0x8, 0xbf67, 0x8,
        0xbf68, 0x8, 0xbf69, 0x8, 0xbf6a, 0x8, 0xbf6b, 0x8, 0xbf6c, 0x8, 0xbf6d, 0x8,
        0xbf6e, 0x8, 0xbf6f, 0x8, 0xbf70, 0x8, 0xbf71, 0x8, 0xbf72, 0x8, 0xbf73, 0x8,
        0xbf74, 0x8, 0xbf75, 0x8, 0xbf76, 0x8, 0xbf77, 0x8, 0xbf78, 0x4, 0xbf79, 0x8,
        0xbf7a, 0x8, 0xbf7b, 0x8, 0xbf7c, 0x8, 0xbf7d, 0x8, 0xbf7e, 0x8, 0xbf7f, 0x8,
        0xbf80, 0x8, 0xbf81, 0x8, 0xbf82, 0x8, 0xbf83, 0x8, 0xbf84, 0x8, 0xbf85, 0x8,
        0xbf86, 0x8, 0xbf87, 0x8, 0xbf88, 0x8, 0xbf89, 0x8, 0xbf8a, 0x8, 0xbf8b, 0x8,
        0xbf8c, 0x8, 0xbf8d, 0x8, 0xbf8e, 0x8, 0xbf8f, 0x8, 0xbf90, 0x8, 0xbf91, 0x8,
        0xbf92, 0x8, 0xbf93, 0x8, 0xbf94, 0x4, 0xbf95, 0x8, 0xbf96, 0x8, 0xbf97, 0x8,
        0xbf98, 0x8, 0xbf99, 0x8, 0xbf9a, 0x8, 0xbf9b, 0x8, 0xbf9c, 0x8, 0xbf9d, 0x8,
        0xbf9e, 0x8, 0xbf9f, 0x8, 0xbfa0, 0x8, 0xbfa1, 0x8, 0xbfa2, 0x8, 0xbfa3, 0x8,
        0xbfa4, 0x8, 0xbfa5, 0x8, 0xbfa6, 0x8, 0xbfa7, 0x8, 0xbfa8, 0x8, 0xbfa9, 0x8,
        0xbfaa, 0x8, 0xbfab, 0x8, 0xbfac, 0x8, 0xbfad, 0x8, 0xbfae, 0x8, 0xbfaf, 0x8,
        0xbfb0, 0x4, 0xbfb1, 0x8, 0xbfb2, 0x8, 0xbfb3, 0x8, 0xbfb4, 0x8, 0xbfb5, 0x8,
        0xbfb6, 0x8, 0xbfb7, 0x8, 0xbfb8, 0x8, 0xbfb9, 0x8, 0xbfba, 0x8, 0xbfbb, 0x8,
        0xbfbc, 0x8, 0xbfbd, 0x8, 0xbfbe, 0x8, 0xbfbf, 0x8, 0xbfc0, 0x8, 0xbfc1, 0x8,
        0xbfc2, 0x8, 0xbfc3, 0x8, 0xbfc4, 0x8, 0xbfc5, 0x8, 0xbfc6, 0x8, 0xbfc7, 0x8,
        0xbfc8, 0x8, 0xbfc9, 0x8, 0xbfca, 0x8, 0xbfcb, 0x8, 0xbfcc, 0x4, 0xbfcd, 0x8,
        0xbfce, 0x8, 0xbfcf, 0x8, 0xbfd0, 0x8, 0xbfd1, 0x8, 0xbfd2, 0x8, 0xbfd3, 0x8,
        0xbfd4, 0x8, 0xbfd5, 0x8, 0xbfd6, 0x8, 0xbfd7, 0x8, 0xbfd8, 0x8, 0xbfd9, 0x8,
        0xbfda, 0x8, 0xbfdb, 0x8, 0xbfdc, 0x8, 0xbfdd, 0x8, 0xbfde, 0x8, 0xbfdf, 0x8,
        0xbfe0, 0x8, 0xbfe1, 0x8, 0xbfe2, 0x8, 0xbfe3, 0x8, 0xbfe4, 0x8, 0xbfe5, 0x8,
        0xbfe6, 0x8, 0xbfe7, 0x8, 0xbfe8, 0x4, 0xbfe9, 0x8, 0xbfea, 0x8, 0xbfeb, 0x8,
        0xbfec, 0x8, 0xbfed, 0x8, 0xbfee, 0x8, 0xbfef, 0x8, 0xbff0, 0x8, 0xbff1, 0x8,
        0xbff2, 0x8, 0xbff3, 0x8, 0xbff4, 0x8, 0xbff5, 0x8, 0xbff6, 0x8, 0xbff7, 0x8,
        0xbff8, 0x8, 0xbff9, 0x8, 0xbffa, 0x8, 0xbffb, 0x8, 0xbffc, 0x8, 0xbffd, 0x8,
        0xbffe, 0x8, 0xbfff, 0x8, 0xc000, 0x8, 0xc001, 0x8, 0xc002, 0x8, 0xc003, 0x8,
        0xc004, 0x4, 0xc005, 0x8, 0xc006, 0x8, 0xc007, 0x8, 0xc008, 0x8, 0xc009, 0x8,
        0xc00a, 0x8, 0xc00b, 0x8, 0xc00c, 0x8, 0xc00d, 0x8, 0xc00e, 0x8, 0xc00f, 0x8,
        0xc010, 0x8, 0xc011, 0x8, 0xc012, 0x8, 0xc013, 0x8, 0xc014, 0x8, 0xc015, 0x8,
        0xc016, 0x8, 0xc017, 0x8, 0xc018, 0x8, 0xc019, 0x8, 0xc01a, 0x8, 0xc01b, 0x8,
        0xc01c, 0x8, 0xc01d, 0x8, 0xc01e, 0x8, 0xc01f, 0x8, 0xc020, 0x4, 0xc021, 0x8,
        0xc022, 0x8, 0xc023, 0x8, 0xc024, 0x8, 0xc025, 0x8, 0xc026, 0x8, 0xc027, 0x8,
        0xc028, 0x8, 0xc029, 0x8, 0xc02a, 0x8, 0xc02b, 0x8, 0xc02c, 0x8, 0xc02d, 0x8,
        0xc02e, 0x8, 0xc02f, 0x8, 0xc030, 0x8, 0xc031, 0x8, 0xc032, 0x8, 0xc033, 0x8,
        0xc034, 0x8, 0xc035, 0x8, 0xc036, 0x8, 0xc037, 0x8, 0xc038, 0x8, 0xc039, 0x8,
        0xc03a, 0x8, 0xc03b, 0x8, 0xc03c, 0x4, 0xc03d, 0x8, 0xc03e, 0x8, 0xc03f, 0x8,
        0xc040, 0x8, 0xc041, 0x8, 0xc042, 0x8, 0xc043, 0x8, 0xc044, 0x8, 0xc045, 0x8,
        0xc046, 0x8, 0xc047, 0x8, 0xc048, 0x8, 0xc049, 0x8, 0xc04a, 0x8, 0xc04b, 0x8,
        0xc04c, 0x8, 0xc04d, 0x8, 0xc04e, 0x8, 0xc04f, 0x8, 0xc050, 0x8, 0xc051, 0x8,
        0xc052, 0x8, 0xc053, 0x8, 0xc054, 0x8, 0xc055, 0x8, 0xc056, 0x8, 0xc057, 0x8,
        0xc058, 0x4, 0xc059, 0x8, 0xc05a, 0x8, 0xc05b, 0x8, 0xc05c, 0x8, 0xc05d, 0x8,
        0xc05e, 0x8, 0xc05f, 0x8, 0xc060, 0x8, 0xc061, 0x8, 0xc062, 0x8, 0xc063, 0x8,
        0xc064, 0x8, 0xc065, 0x8, 0xc066, 0x8, 0xc067, 0x8, 0xc068, 0x8, 0xc069, 0x8,
        0xc06a, 0x8, 0xc06b, 0x8, 0xc06c, 0x8, 0xc06d, 0x8, 0xc06e, 0x8, 0xc06f, 0x8,
        0xc070, 0x8, 0xc071, 0x8, 0xc072, 0x8, 0xc073, 0x8, 0xc074, 0x4, 0xc075, 0x8,
        0xc076, 0x8, 0xc077, 0x8, 0xc078, 0x8, 0xc079, 0x8, 0xc07a, 0x8, 0xc07b, 0x8,
        0xc07c, 0x8, 0xc07d, 0x8, 0xc07e, 0x8, 0xc07f, 0x8, 0xc080, 0x8, 0xc081, 0x8,
        0xc082, 0x8, 0xc083, 0x8, 0xc084, 0x8, 0xc085, 0x8, 0xc086, 0x8, 0xc087, 0x8,
        0xc088, 0x8, 0xc089, 0x8, 0xc08a, 0x8, 0xc08b, 0x8, 0xc08c, 0x8, 0xc08d, 0x8,
        0xc08e, 0x8, 0xc08f, 0x8, 0xc090, 0x4, 0xc091, 0x8, 0xc092, 0x8, 0xc093, 0x8,
        0xc094, 0x8, 0xc095, 0x8, 0xc096, 0x8, 0xc097, 0x8, 0xc098, 0x8, 0xc099, 0x8,
        0xc09a, 0x8, 0xc09b, 0x8, 0xc09c, 0x8, 0xc09d, 0x8, 0xc09e, 0x8, 0xc09f, 0x8,
        0xc0a0, 0x8, 0xc0a1, 0x8, 0xc0a2, 0x8, 0xc0a3, 0x8, 0xc0a4, 0x8, 0xc0a5, 0x8,
        0xc0a6, 0x8, 0xc0a7, 0x8, 0xc0a8, 0x8, 0xc0a9, 0x8, 0xc0aa, 0x8, 0xc0ab, 0x8,
        0xc0ac, 0x4, 0xc0ad, 0x8, 0xc0ae, 0x8, 0xc0af, 0x8, 0xc0b0, 0x8, 0xc0b1, 0x8,
        0xc0b2, 0x8, 0xc0b3, 0x8, 0xc0b4, 0x8, 0xc0b5, 0x8, 0xc0b6, 0x8, 0xc0b7, 0x8,
        0xc0b8, 0x8, 0xc0b9, 0x8, 0xc0ba, 0x8, 0xc0bb, 0x8, 0xc0bc, 0x8, 0xc0bd, 0x8,
        0xc0be, 0x8, 0xc0bf, 0x8, 0xc0c0, 0x8, 0xc0c1, 0x8, 0xc0c2, 0x8, 0xc0c3, 0x8,
        0xc0c4, 0x8, 0xc0c5, 0x8, 0xc0c6, 0x8, 0xc0c7, 0x8, 0xc0c8, 0x4, 0xc0c9, 0x8,
        0xc0ca, 0x8, 0xc0cb, 0x8, 0xc0cc, 0x8, 0xc0cd, 0x8, 0xc0ce, 0x8, 0xc0cf, 0x8,
        0xc0d0, 0x8, 0xc0d1, 0x8, 0xc0d2, 0x8, 0xc0d3, 0x8, 0xc0d4, 0x8, 0xc0d5, 0x8,
        0xc0d6, 0x8, 0xc0d7, 0x8, 0xc0d8, 0x8, 0xc0d9, 0x8, 0xc0da, 0x8, 0xc0db, 0x8,
        0xc0dc, 0x8, 0xc0dd, 0x8, 0xc0de, 0x8, 0xc0df, 0x8, 0xc0e0, 0x8, 0xc0e1, 0x8,
        0xc0e2, 0x8, 0xc0e3, 0x8, 0xc0e4, 0x4, 0xc0e5, 0x8, 0xc0e6, 0x8, 0xc0e7, 0x8,
        0xc0e8, 0x8, 0xc0e9, 0x8, 0xc0ea, 0x8, 0xc0eb, 0x8, 0xc0ec, 0x8, 0xc0ed, 0x8,
        0xc0ee, 0x8, 0xc0ef, 0x8, 0xc0f0, 0x8, 0xc0f1, 0x8, 0xc0f2, 0x8, 0xc0f3, 0x8,
        0xc0f4, 0x8, 0xc0f5, 0x8, 0xc0f6, 0x8, 0xc0f7, 0x8, 0xc0f8, 0x8, 0xc0f9, 0x8,
        0xc0fa, 0x8, 0xc0fb, 0x8, 0xc0fc, 0x8, 0xc0fd, 0x8, 0xc0fe, 0x8, 0xc0ff, 0x8,
        0xc100, 0x4, 0xc101, 0x8, 0xc102, 0x8, 0xc103, 0x8, 0xc104, 0x8, 0xc105, 0x8,
        0xc106, 0x8, 0xc107, 0x8, 0xc108, 0x8, 0xc109, 0x8, 0xc10a, 0x8, 0xc10b, 0x8,
        0xc10c, 0x8, 0xc10d, 0x8, 0xc10e, 0x8, 0xc10f, 0x8, 0xc110, 0x8, 0xc111, 0x8,
        0xc112, 0x8, 0xc113, 0x8, 0xc114, 0x8, 0xc115, 0x8, 0xc116, 0x8, 0xc117, 0x8,
        0xc118, 0x8, 0xc119, 0x8, 0xc11a, 0x8, 0xc11b, 0x8, 0xc11c, 0x4, 0xc11d, 0x8,
        0xc11e, 0x8, 0xc11f, 0x8, 0xc120, 0x8, 0xc121, 0x8, 0xc122, 0x8, 0xc123, 0x8,
        0xc124, 0x8, 0xc125, 0x8, 0xc126, 0x8, 0xc127, 0x8, 0xc128, 0x8, 0xc129, 0x8,
        0xc12a, 0x8, 0xc12b, 0x8, 0xc12c, 0x8, 0xc12d, 0x8, 0xc12e, 0x8, 0xc12f, 0x8,
        0xc130, 0x8, 0xc131, 0x8, 0xc132, 0x8, 0xc133, 0x8, 0xc134, 0x8, 0xc135, 0x8,
        0xc136, 0x8, 0xc137, 0x8, 0xc138, 0x4, 0xc139, 0x8, 0xc13a, 0x8, 0xc13b, 0x8,
        0xc13c, 0x8, 0xc13d, 0x8, 0xc13e, 0x8, 0xc13f, 0x8, 0xc140, 0x8, 0xc141, 0x8,
        0xc142, 0x8, 0xc143, 0x8, 0xc144, 0x8, 0xc145, 0x8, 0xc146, 0x8, 0xc147, 0x8,
        0xc148, 0x8, 0xc149, 0x8, 0xc14a, 0x8, 0xc14b, 0x8, 0xc14c, 0x8, 0xc14d, 0x8,
        0xc14e, 0x8, 0xc14f, 0x8, 0xc150, 0x8, 0xc151, 0x8, 0xc152, 0x8, 0xc153, 0x8,
        0xc154, 0x4, 0xc155, 0x8, 0xc156, 0x8, 0xc157, 0x8, 0xc158, 0x8, 0xc159, 0x8,
        0xc15a, 0x8, 0xc15b, 0x8, 0xc15c, 0x8, 0xc15d, 0x8, 0xc15e, 0x8, 0xc15f, 0x8,
        0xc160, 0x8, 0xc161, 0x8, 0xc162, 0x8, 0xc163, 0x8, 0xc164, 0x8, 0xc165, 0x8,
        0xc166, 0x8, 0xc167, 0x8, 0xc168, 0x8, 0xc169, 0x8, 0xc16a, 0x8, 0xc16b, 0x8,
        0xc16c, 0x8, 0xc16d, 0x8, 0xc16e, 0x8, 0xc16f, 0x8, 0xc170, 0x4, 0xc171, 0x8,
        0xc172, 0x8, 0xc173, 0x8, 0xc174, 0x8, 0xc175, 0x8, 0xc176, 0x8, 0xc177, 0x8,
        0xc178, 0x8, 0xc179, 0x8, 0xc17a, 0x8, 0xc17b, 0x8, 0xc17c, 0x8, 0xc17d, 0x8,
        0xc17e, 0x8, 0xc17f, 0x8, 0xc180, 0x8, 0xc181, 0x8, 0xc182, 0x8, 0xc183, 0x8,
        0xc184, 0x8, 0xc185, 0x8, 0xc186, 0x8, 0xc187, 0x8, 0xc188, 0x8, 0xc189, 0x8,
        0xc18a, 0x8, 0xc18b, 0x8, 0xc18c, 0x4, 0xc18d, 0x8, 0xc18e, 0x8, 0xc18f, 0x8,
        0xc190, 0x8, 0xc191, 0x8, 0xc192, 0x8, 0xc193, 0x8, 0xc194, 0x8, 0xc195, 0x8,
        0xc196, 0x8, 0xc197, 0x8, 0xc198, 0x8, 0xc199, 0x8, 0xc19a, 0x8, 0xc19b, 0x8,
        0xc19c, 0x8, 0xc19d, 0x8, 0xc19e, 0x8, 0xc19f, 0x8, 0xc1a0, 0x8, 0xc1a1, 0x8,
        0xc1a2, 0x8, 0xc1a3, 0x8, 0xc1a4, 0x8, 0xc1a5, 0x8, 0xc1a6, 0x8, 0xc1a7, 0x8,
        0xc1a8, 0x4, 0xc1a9, 0x8, 0xc1aa, 0x8, 0xc1ab, 0x8, 0xc1ac, 0x8, 0xc1ad, 0x8,
        0xc1ae, 0x8, 0xc1af, 0x8, 0xc1b0, 0x8, 0xc1b1, 0x8, 0xc1b2, 0x8, 0xc1b3, 0x8,
        0xc1b4, 0x8, 0xc1b5, 0x8, 0xc1b6, 0x8, 0xc1b7, 0x8, 0xc1b8, 0x8, 0xc1b9, 0x8,
        0xc1ba, 0x8, 0xc1bb, 0x8, 0xc1bc, 0x8, 0xc1bd, 0x8, 0xc1be, 0x8, 0xc1bf, 0x8,
        0xc1c0, 0x8, 0xc1c1, 0x8, 0xc1c2, 0x8, 0xc1c3, 0x8, 0xc1c4, 0x4, 0xc1c5, 0x8,
        0xc1c6, 0x8, 0xc1c7, 0x8, 0xc1c8, 0x8, 0xc1c9, 0x8, 0xc1ca, 0x8, 0xc1cb, 0x8,
        0xc1cc, 0x8, 0xc1cd, 0x8, 0xc1ce, 0x8, 0xc1cf, 0x8, 0xc1d0, 0x8, 0xc1d1, 0x8,
        0xc1d2, 0x8, 0xc1d3, 0x8, 0xc1d4, 0x8, 0xc1d5, 0x8, 0xc1d6, 0x8, 0xc1d7, 0x8,
        0xc1d8, 0x8, 0xc1d9, 0x8, 0xc1da, 0x8, 0xc1db, 0x8, 0xc1dc, 0x8, 0xc1dd, 0x8,
        0xc1de, 0x8, 0xc1df, 0x8, 0xc1e0, 0x4, 0xc1e1, 0x8, 0xc1e2, 0x8, 0xc1e3, 0x8,
        0xc1e4, 0x8, 0xc1e5, 0x8, 0xc1e6, 0x8, 0xc1e7, 0x8, 0xc1e8, 0x8, 0xc1e9, 0x8,
        0xc1ea, 0x8, 0xc1eb, 0x8, 0xc1ec, 0x8, 0xc1ed, 0x8, 0xc1ee, 0x8, 0xc1ef, 0x8,
        0xc1f0, 0x8, 0xc1f1, 0x8, 0xc1f2, 0x8, 0xc1f3, 0x8, 0xc1f4, 0x8, 0xc1f5, 0x8,
        0xc1f6, 0x8, 0xc1f7, 0x8, 0xc1f8, 0x8, 0xc1f9, 0x8, 0xc1fa, 0x8, 0xc1fb, 0x8,
        0xc1fc, 0x4, 0xc1fd, 0x8, 0xc1fe, 0x8, 0xc1ff, 0x8, 0xc200, 0x8, 0xc201, 0x8,
        0xc202, 0x8, 0xc203, 0x8, 0xc204, 0x8, 0xc205, 0x8, 0xc206, 0x8, 0xc207, 0x8,
        0xc208, 0x8, 0xc209, 0x8, 0xc20a, 0x8, 0xc20b, 0x8, 0xc20c, 0x8, 0xc20d, 0x8,
        0xc20e, 0x8, 0xc20f, 0x8, 0xc210, 0x8, 0xc211, 0x8, 0xc212, 0x8, 0xc213, 0x8,
        0xc214, 0x8, 0xc215, 0x8, 0xc216, 0x8, 0xc217, 0x8, 0xc218, 0x4, 0xc219, 0x8,
        0xc21a, 0x8, 0xc21b, 0x8, 0xc21c, 0x8, 0xc21d, 0x8, 0xc21e, 0x8, 0xc21f, 0x8,
        0xc220, 0x8, 0xc221, 0x8, 0xc222, 0x8, 0xc223, 0x8, 0xc224, 0x8, 0xc225, 0x8,
        0xc226, 0x8, 0xc227, 0x8, 0xc228, 0x8, 0xc229, 0x8, 0xc22a, 0x8, 0xc22b, 0x8,
        0xc22c, 0x8, 0xc22d, 0x8, 0xc22e, 0x8, 0xc22f, 0x8, 0xc230, 0x8, 0xc231, 0x8,
        0xc232, 0x8, 0xc233, 0x8, 0xc234, 0x4, 0xc235, 0x8, 0xc236, 0x8, 0xc237, 0x8,
        0xc238, 0x8, 0xc239, 0x8, 0xc23a, 0x8, 0xc23b, 0x8, 0xc23c, 0x8, 0xc23d, 0x8,
        0xc23e, 0x8, 0xc23f, 0x8, 0xc240, 0x8, 0xc241, 0x8, 0xc242, 0x8, 0xc243, 0x8,
        0xc244, 0x8, 0xc245, 0x8, 0xc246, 0x8, 0xc247, 0x8, 0xc248, 0x8, 0xc249, 0x8,
        0xc24a, 0x8, 0xc24b, 0x8, 0xc24c, 0x8, 0xc24d, 0x8, 0xc24e, 0x8, 0xc24f, 0x8,
        0xc250, 0x4, 0xc251, 0x8, 0xc252, 0x8, 0xc253, 0x8, 0xc254, 0x8, 0xc255, 0x8,
        0xc256, 0x8, 0xc257, 0x8, 0xc258, 0x8, 0xc259, 0x8, 0xc25a, 0x8, 0xc25b, 0x8,
        0xc25c, 0x8, 0xc25d, 0x8, 0xc25e, 0x8, 0xc25f, 0x8, 0xc260, 0x8, 0xc261, 0x8,
        0xc262, 0x8, 0xc263, 0x8, 0xc264, 0x8, 0xc265, 0x8, 0xc266, 0x8, 0xc267, 0x8,
        0xc268, 0x8, 0xc269, 0x8, 0xc26a, 0x8, 0xc26b, 0x8, 0xc26c, 0x4, 0xc26d, 0x8,
        0xc26e, 0x8, 0xc26f, 0x8, 0xc270, 0x8, 0xc271, 0x8, 0xc272, 0x8, 0xc273, 0x8,
        0xc274, 0x8, 0xc275, 0x8, 0xc276, 0x8, 0xc277, 0x8, 0xc278, 0x8, 0xc279, 0x8,
        0xc27a, 0x8, 0xc27b, 0x8, 0xc27c, 0x8, 0xc27d, 0x8, 0xc27e, 0x8, 0xc27f, 0x8,
        0xc280, 0x8, 0xc281, 0x8, 0xc282, 0x8, 0xc283, 0x8, 0xc284, 0x8, 0xc285, 0x8,
        0xc286, 0x8, 0xc287, 0x8, 0xc288, 0x4, 0xc289, 0x8, 0xc28a, 0x8, 0xc28b, 0x8,
        0xc28c, 0x8, 0xc28d, 0x8, 0xc28e, 0x8, 0xc28f, 0x8, 0xc290, 0x8, 0xc291, 0x8,
        0xc292, 0x8, 0xc293, 0x8, 0xc294, 0x8, 0xc295, 0x8, 0xc296, 0x8, 0xc297, 0x8,
        0xc298, 0x8, 0xc299, 0x8, 0xc29a, 0x8, 0xc29b, 0x8, 0xc29c, 0x8, 0xc29d, 0x8,
        0xc29e, 0x8, 0xc29f, 0x8, 0xc2a0, 0x8, 0xc2a1, 0x8, 0xc2a2, 0x8, 0xc2a3, 0x8,
        0xc2a4, 0x4, 0xc2a5, 0x8, 0xc2a6, 0x8, 0xc2a7, 0x8, 0xc2a8, 0x8, 0xc2a9, 0x8,
        0xc2aa, 0x8, 0xc2ab, 0x8, 0xc2ac, 0x8, 0xc2ad, 0x8, 0xc2ae, 0x8, 0xc2af, 0x8,
        0xc2b0, 0x8, 0xc2b1, 0x8, 0xc2b2, 0x8, 0xc2b3, 0x8, 0xc2b4, 0x8, 0xc2b5, 0x8,
        0xc2b6, 0x8, 0xc2b7, 0x8, 0xc2b8, 0x8, 0xc2b9, 0x8, 0xc2ba, 0x8, 0xc2bb, 0x8,
        0xc2bc, 0x8, 0xc2bd, 0x8, 0xc2be, 0x8, 0xc2bf, 0x8, 0xc2c0, 0x4, 0xc2c1, 0x8,
        0xc2c2, 0x8, 0xc2c3, 0x8, 0xc2c4, 0x8, 0xc2c5, 0x8, 0xc2c6, 0x8, 0xc2c7, 0x8,
        0xc2c8, 0x8, 0xc2c9, 0x8, 0xc2ca, 0x8, 0xc2cb, 0x8, 0xc2cc, 0x8, 0xc2cd, 0x8,
        0xc2ce, 0x8, 0xc2cf, 0x8, 0xc2d0, 0x8, 0xc2d1, 0x8, 0xc2d2, 0x8, 0xc2d3, 0x8,
        0xc2d4, 0x8, 0xc2d5, 0x8, 0xc2d6, 0x8, 0xc2d7, 0x8, 0xc2d8, 0x8, 0xc2d9, 0x8,
        0xc2da, 0x8, 0xc2db, 0x8, 0xc2dc, 0x4, 0xc2dd, 0x8, 0xc2de, 0x8, 0xc2df, 0x8,
        0xc2e0, 0x8, 0xc2e1, 0x8, 0xc2e2, 0x8, 0xc2e3, 0x8, 0xc2e4, 0x8, 0xc2e5, 0x8,
        0xc2e6, 0x8, 0xc2e7, 0x8, 0xc2e8, 0x8, 0xc2e9, 0x8, 0xc2ea, 0x8, 0xc2eb, 0x8,
        0xc2ec, 0x8, 0xc2ed, 0x8, 0xc2ee, 0x8, 0xc2ef, 0x8, 0xc2f0, 0x8, 0xc2f1, 0x8,
        0xc2f2, 0x8, 0xc2f3, 0x8, 0xc2f4, 0x8, 0xc2f5, 0x8, 0xc2f6, 0x8, 0xc2f7, 0x8,
        0xc2f8, 0x4, 0xc2f9, 0x8, 0xc2fa, 0x8, 0xc2fb, 0x8, 0xc2fc, 0x8, 0xc2fd, 0x8,
        0xc2fe, 0x8, 0xc2ff, 0x8, 0xc300, 0x8, 0xc301, 0x8, 0xc302, 0x8, 0xc303, 0x8,
        0xc304, 0x8, 0xc305, 0x8, 0xc306, 0x8, 0xc307, 0x8, 0xc308, 0x8, 0xc309, 0x8,
        0xc30a, 0x8, 0xc30b, 0x8, 0xc30c, 0x8, 0xc30d, 0x8, 0xc30e, 0x8, 0xc30f, 0x8,
        0xc310, 0x8, 0xc311, 0x8, 0xc312, 0x8, 0xc313, 0x8, 0xc314, 0x4, 0xc315, 0x8,
        0xc316, 0x8, 0xc317, 0x8, 0xc318, 0x8, 0xc319, 0x8, 0xc31a, 0x8, 0xc31b, 0x8,
        0xc31c, 0x8, 0xc31d, 0x8, 0xc31e, 0x8, 0xc31f, 0x8, 0xc320, 0x8, 0xc321, 0x8,
        0xc322, 0x8, 0xc323, 0x8, 0xc324, 0x8, 0xc325, 0x8, 0xc326, 0x8, 0xc327, 0x8,
        0xc328, 0x8, 0xc329, 0x8, 0xc32a, 0x8, 0xc32b, 0x8, 0xc32c, 0x8, 0xc32d, 0x8,
        0xc32e, 0x8, 0xc32f, 0x8, 0xc330, 0x4, 0xc331, 0x8, 0xc332, 0x8, 0xc333, 0x8,
        0xc334, 0x8, 0xc335, 0x8, 0xc336, 0x8, 0xc337, 0x8, 0xc338, 0x8, 0xc339, 0x8,
        0xc33a, 0x8, 0xc33b, 0x8, 0xc33c, 0x8, 0xc33d, 0x8, 0xc33e, 0x8, 0xc33f, 0x8,
        0xc340, 0x8, 0xc341, 0x8, 0xc342, 0x8, 0xc343, 0x8, 0xc344, 0x8, 0xc345, 0x8,
        0xc346, 0x8, 0xc347, 0x8, 0xc348, 0x8, 0xc349, 0x8, 0xc34a, 0x8, 0xc34b, 0x8,
        0xc34c, 0x4, 0xc34d, 0x8, 0xc34e, 0x8, 0xc34f, 0x8, 0xc350, 0x8, 0xc351, 0x8,
        0xc352, 0x8, 0xc353, 0x8, 0xc354, 0x8, 0xc355, 0x8, 0xc356, 0x8, 0xc357, 0x8,
        0xc358, 0x8, 0xc359, 0x8, 0xc35a, 0x8, 0xc35b, 0x8, 0xc35c, 0x8, 0xc35d, 0x8,
        0xc35e, 0x8, 0xc35f, 0x8, 0xc360, 0x8, 0xc361, 0x8, 0xc362, 0x8, 0xc363, 0x8,
        0xc364, 0x8, 0xc365, 0x8, 0xc366, 0x8, 0xc367, 0x8, 0xc368, 0x4, 0xc369, 0x8,
        0xc36a, 0x8, 0xc36b, 0x8, 0xc36c, 0x8, 0xc36d, 0x8, 0xc36e, 0x8, 0xc36f, 0x8,
        0xc370, 0x8, 0xc371, 0x8, 0xc372, 0x8, 0xc373, 0x8, 0xc374, 0x8, 0xc375, 0x8,
        0xc376, 0x8, 0xc377, 0x8, 0xc378, 0x8, 0xc379, 0x8, 0xc37a, 0x8, 0xc37b, 0x8,
        0xc37c, 0x8, 0xc37d, 0x8, 0xc37e, 0x8, 0xc37f, 0x8, 0xc380, 0x8, 0xc381, 0x8,
        0xc382, 0x8, 0xc383, 0x8, 0xc384, 0x4, 0xc385, 0x8, 0xc386, 0x8, 0xc387, 0x8,
        0xc388, 0x8, 0xc389, 0x8, 0xc38a, 0x8, 0xc38b, 0x8, 0xc38c, 0x8, 0xc38d, 0x8,
        0xc38e, 0x8, 0xc38f, 0x8, 0xc390, 0x8, 0xc391, 0x8, 0xc392, 0x8, 0xc393, 0x8,
        0xc394, 0x8, 0xc395, 0x8, 0xc396, 0x8, 0xc397, 0x8, 0xc398, 0x8, 0xc399, 0x8,
        0xc39a, 0x8, 0xc39b, 0x8, 0xc39c, 0x8, 0xc39d, 0x8, 0xc39e, 0x8, 0xc39f, 0x8,
        0xc3a0, 0x4, 0xc3a1, 0x8, 0xc3a2, 0x8, 0xc3a3, 0x8, 0xc3a4, 0x8, 0xc3a5, 0x8,
        0xc3a6, 0x8, 0xc3a7, 0x8, 0xc3a8, 0x8, 0xc3a9, 0x8, 0xc3aa, 0x8, 0xc3ab, 0x8,
        0xc3ac, 0x8, 0xc3ad, 0x8, 0xc3ae, 0x8, 0xc3af, 0x8, 0xc3b0, 0x8, 0xc3b1, 0x8,
        0xc3b2, 0x8, 0xc3b3, 0x8, 0xc3b4, 0x8, 0xc3b5, 0x8, 0xc3b6, 0x8, 0xc3b7, 0x8,
        0xc3b8, 0x8, 0xc3b9, 0x8, 0xc3ba, 0x8, 0xc3bb, 0x8, 0xc3bc, 0x4, 0xc3bd, 0x8,
        0xc3be, 0x8, 0xc3bf, 0x8, 0xc3c0, 0x8, 0xc3c1, 0x8, 0xc3c2, 0x8, 0xc3c3, 0x8,
        0xc3c4, 0x8, 0xc3c5, 0x8, 0xc3c6, 0x8, 0xc3c7, 0x8, 0xc3c8, 0x8, 0xc3c9, 0x8,
        0xc3ca, 0x8, 0xc3cb, 0x8, 0xc3cc, 0x8, 0xc3cd, 0x8, 0xc3ce, 0x8, 0xc3cf, 0x8,
        0xc3d0, 0x8, 0xc3d1, 0x8, 0xc3d2, 0x8, 0xc3d3, 0x8, 0xc3d4, 0x8, 0xc3d5, 0x8,
        0xc3d6, 0x8, 0xc3d7, 0x8, 0xc3d8, 0x4, 0xc3d9, 0x8, 0xc3da, 0x8, 0xc3db, 0x8,
        0xc3dc, 0x8, 0xc3dd, 0x8, 0xc3de, 0x8, 0xc3df, 0x8, 0xc3e0, 0x8, 0xc3e1, 0x8,
        0xc3e2, 0x8, 0xc3e3, 0x8, 0xc3e4, 0x8, 0xc3e5, 0x8, 0xc3e6, 0x8, 0xc3e7, 0x8,
        0xc3e8, 0x8, 0xc3e9, 0x8, 0xc3ea, 0x8, 0xc3eb, 0x8, 0xc3ec, 0x8, 0xc3ed, 0x8,
        0xc3ee, 0x8, 0xc3ef, 0x8, 0xc3f0, 0x8, 0xc3f1, 0x8, 0xc3f2, 0x8, 0xc3f3, 0x8,
        0xc3f4, 0x4, 0xc3f5, 0x8, 0xc3f6, 0x8, 0xc3f7, 0x8, 0xc3f8, 0x8, 0xc3f9, 0x8,
        0xc3fa, 0x8, 0xc3fb, 0x8, 0xc3fc, 0x8, 0xc3fd, 0x8, 0xc3fe, 0x8, 0xc3ff, 0x8,
        0xc400, 0x8, 0xc401, 0x8, 0xc402, 0x8, 0xc403, 0x8, 0xc404, 0x8, 0xc405, 0x8,
        0xc406, 0x8, 0xc407, 0x8, 0xc408, 0x8, 0xc409, 0x8, 0xc40a, 0x8, 0xc40b, 0x8,
        0xc40c, 0x8, 0xc40d, 0x8, 0xc40e, 0x8, 0xc40f, 0x8, 0xc410, 0x4, 0xc411, 0x8,
        0xc412, 0x8, 0xc413, 0x8, 0xc414, 0x8, 0xc415, 0x8, 0xc416, 0x8, 0xc417, 0x8,
        0xc418, 0x8, 0xc419, 0x8, 0xc41a, 0x8, 0xc41b, 0x8, 0xc41c, 0x8, 0xc41d, 0x8,
        0xc41e, 0x8, 0xc41f, 0x8, 0xc420, 0x8, 0xc421, 0x8, 0xc422, 0x8, 0xc423, 0x8,
        0xc424, 0x8, 0xc425, 0x8, 0xc426, 0x8, 0xc427, 0x8, 0xc428, 0x8, 0xc429, 0x8,
        0xc42a, 0x8, 0xc42b, 0x8, 0xc42c, 0x4, 0xc42d, 0x8, 0xc42e, 0x8, 0xc42f, 0x8,
        0xc430, 0x8, 0xc431, 0x8, 0xc432, 0x8, 0xc433, 0x8, 0xc434, 0x8, 0xc435, 0x8,
        0xc436, 0x8, 0xc437, 0x8, 0xc438, 0x8, 0xc439, 0x8, 0xc43a, 0x8, 0xc43b, 0x8,
        0xc43c, 0x8, 0xc43d, 0x8, 0xc43e, 0x8, 0xc43f, 0x8, 0xc440, 0x8, 0xc441, 0x8,
        0xc442, 0x8, 0xc443, 0x8, 0xc444, 0x8, 0xc445, 0x8, 0xc446, 0x8, 0xc447, 0x8,
        0xc448, 0x4, 0xc449, 0x8, 0xc44a, 0x8, 0xc44b, 0x8, 0xc44c, 0x8, 0xc44d, 0x8,
        0xc44e, 0x8, 0xc44f, 0x8, 0xc450, 0x8, 0xc451, 0x8, 0xc452, 0x8, 0xc453, 0x8,
        0xc454, 0x8, 0xc455, 0x8, 0xc456, 0x8, 0xc457, 0x8, 0xc458, 0x8, 0xc459, 0x8,
        0xc45a, 0x8, 0xc45b, 0x8, 0xc45c, 0x8, 0xc45d, 0x8, 0xc45e, 0x8, 0xc45f, 0x8,
        0xc460, 0x8, 0xc461, 0x8, 0xc462, 0x8, 0xc463, 0x8, 0xc464, 0x4, 0xc465, 0x8,
        0xc466, 0x8, 0xc467, 0x8, 0xc468, 0x8, 0xc469, 0x8, 0xc46a, 0x8, 0xc46b, 0x8,
        0xc46c, 0x8, 0xc46d, 0x8, 0xc46e, 0x8, 0xc46f, 0x8, 0xc470, 0x8, 0xc471, 0x8,
        0xc472, 0x8, 0xc473, 0x8, 0xc474, 0x8, 0xc475, 0x8, 0xc476, 0x8, 0xc477, 0x8,
        0xc478, 0x8, 0xc479, 0x8, 0xc47a, 0x8, 0xc47b, 0x8, 0xc47c, 0x8, 0xc47d, 0x8,
        0xc47e, 0x8, 0xc47f, 0x8, 0xc480, 0x4, 0xc481, 0x8, 0xc482, 0x8, 0xc483, 0x8,
        0xc484, 0x8, 0xc485, 0x8, 0xc486, 0x8, 0xc487, 0x8, 0xc488, 0x8, 0xc489, 0x8,
        0xc48a, 0x8, 0xc48b, 0x8, 0xc48c, 0x8, 0xc48d, 0x8, 0xc48e, 0x8, 0xc48f, 0x8,
        0xc490, 0x8, 0xc491, 0x8, 0xc492, 0x8, 0xc493, 0x8, 0xc494, 0x8, 0xc495, 0x8,
        0xc496, 0x8, 0xc497, 0x8, 0xc498, 0x8, 0xc499, 0x8, 0xc49a, 0x8, 0xc49b, 0x8,
        0xc49c, 0x4, 0xc49d, 0x8, 0xc49e, 0x8, 0xc49f, 0x8, 0xc4a0, 0x8, 0xc4a1, 0x8,
        0xc4a2, 0x8, 0xc4a3, 0x8, 0xc4a4, 0x8, 0xc4a5, 0x8, 0xc4a6, 0x8, 0xc4a7, 0x8,
        0xc4a8, 0x8, 0xc4a9, 0x8, 0xc4aa, 0x8, 0xc4ab, 0x8, 0xc4ac, 0x8, 0xc4ad, 0x8,
        0xc4ae, 0x8, 0xc4af, 0x8, 0xc4b0, 0x8, 0xc4b1, 0x8, 0xc4b2, 0x8, 0xc4b3, 0x8,
        0xc4b4, 0x8, 0xc4b5, 0x8, 0xc4b6, 0x8, 0xc4b7, 0x8, 0xc4b8, 0x4, 0xc4b9, 0x8,
        0xc4ba, 0x8, 0xc4bb, 0x8, 0xc4bc, 0x8, 0xc4bd, 0x8, 0xc4be, 0x8, 0xc4bf, 0x8,
        0xc4c0, 0x8, 0xc4c1, 0x8, 0xc4c2, 0x8, 0xc4c3, 0x8, 0xc4c4, 0x8, 0xc4c5, 0x8,
        0xc4c6, 0x8, 0xc4c7, 0x8, 0xc4c8, 0x8, 0xc4c9, 0x8, 0xc4ca, 0x8, 0xc4cb, 0x8,
        0xc4cc, 0x8, 0xc4cd, 0x8, 0xc4ce, 0x8, 0xc4cf, 0x8, 0xc4d0, 0x8, 0xc4d1, 0x8,
        0xc4d2, 0x8, 0xc4d3, 0x8, 0xc4d4, 0x4, 0xc4d5, 0x8, 0xc4d6, 0x8, 0xc4d7, 0x8,
        0xc4d8, 0x8, 0xc4d9, 0x8, 0xc4da, 0x8, 0xc4db, 0x8, 0xc4dc, 0x8, 0xc4dd, 0x8,
        0xc4de, 0x8, 0xc4df, 0x8, 0xc4e0, 0x8, 0xc4e1, 0x8, 0xc4e2, 0x8, 0xc4e3, 0x8,
        0xc4e4, 0x8, 0xc4e5, 0x8, 0xc4e6, 0x8, 0xc4e7, 0x8, 0xc4e8, 0x8, 0xc4e9, 0x8,
        0xc4ea, 0x8, 0xc4eb, 0x8, 0xc4ec, 0x8, 0xc4ed, 0x8, 0xc4ee, 0x8, 0xc4ef, 0x8,
        0xc4f0, 0x4, 0xc4f1, 0x8, 0xc4f2, 0x8, 0xc4f3, 0x8, 0xc4f4, 0x8, 0xc4f5, 0x8,
        0xc4f6, 0x8, 0xc4f7, 0x8, 0xc4f8, 0x8, 0xc4f9, 0x8, 0xc4fa, 0x8, 0xc4fb, 0x8,
        0xc4fc, 0x8, 0xc4fd, 0x8, 0xc4fe, 0x8, 0xc4ff, 0x8, 0xc500, 0x8, 0xc501, 0x8,
        0xc502, 0x8, 0xc503, 0x8, 0xc504, 0x8, 0xc505, 0x8, 0xc506, 0x8, 0xc507, 0x8,
        0xc508, 0x8, 0xc509, 0x8, 0xc50a, 0x8, 0xc50b, 0x8, 0xc50c, 0x4, 0xc50d, 0x8,
        0xc50e, 0x8, 0xc50f, 0x8, 0xc510, 0x8, 0xc511, 0x8, 0xc512, 0x8, 0xc513, 0x8,
        0xc514, 0x8, 0xc515, 0x8, 0xc516, 0x8, 0xc517, 0x8, 0xc518, 0x8, 0xc519, 0x8,
        0xc51a, 0x8, 0xc51b, 0x8, 0xc51c, 0x8, 0xc51d, 0x8, 0xc51e, 0x8, 0xc51f, 0x8,
        0xc520, 0x8, 0xc521, 0x8, 0xc522, 0x8, 0xc523, 0x8, 0xc524, 0x8, 0xc525, 0x8,
        0xc526, 0x8, 0xc527, 0x8, 0xc528, 0x4, 0xc529, 0x8, 0xc52a, 0x8, 0xc52b, 0x8,
        0xc52c, 0x8, 0xc52d, 0x8, 0xc52e, 0x8, 0xc52f, 0x8, 0xc530, 0x8, 0xc531, 0x8,
        0xc532, 0x8, 0xc533, 0x8, 0xc534, 0x8, 0xc535, 0x8, 0xc536, 0x8, 0xc537, 0x8,
        0xc538, 0x8, 0xc539, 0x8, 0xc53a, 0x8, 0xc53b, 0x8, 0xc53c, 0x8, 0xc53d, 0x8,
        0xc53e, 0x8, 0xc53f, 0x8, 0xc540, 0x8, 0xc541, 0x8, 0xc542, 0x8, 0xc543, 0x8,
        0xc544, 0x4, 0xc545, 0x8, 0xc546, 0x8, 0xc547, 0x8, 0xc548, 0x8, 0xc549, 0x8,
        0xc54a, 0x8, 0xc54b, 0x8, 0xc54c, 0x8, 0xc54d, 0x8, 0xc54e, 0x8, 0xc54f, 0x8,
        0xc550, 0x8, 0xc551, 0x8, 0xc552, 0x8, 0xc553, 0x8, 0xc554, 0x8, 0xc555, 0x8,
        0xc556, 0x8, 0xc557, 0x8, 0xc558, 0x8, 0xc559, 0x8, 0xc55a, 0x8, 0xc55b, 0x8,
        0xc55c, 0x8, 0xc55d, 0x8, 0xc55e, 0x8, 0xc55f, 0x8, 0xc560, 0x4, 0xc561, 0x8,
        0xc562, 0x8, 0xc563, 0x8, 0xc564, 0x8, 0xc565, 0x8, 0xc566, 0x8, 0xc567, 0x8,
        0xc568, 0x8, 0xc569, 0x8, 0xc56a, 0x8, 0xc56b, 0x8, 0xc56c, 0x8, 0xc56d, 0x8,
        0xc56e, 0x8, 0xc56f, 0x8, 0xc570, 0x8, 0xc571, 0x8, 0xc572, 0x8, 0xc573, 0x8,
        0xc574, 0x8, 0xc575, 0x8, 0xc576, 0x8, 0xc577, 0x8, 0xc578, 0x8, 0xc579, 0x8,
        0xc57a, 0x8, 0xc57b, 0x8, 0xc57c, 0x4, 0xc57d, 0x8, 0xc57e, 0x8, 0xc57f, 0x8,
        0xc580, 0x8, 0xc581, 0x8, 0xc582, 0x8, 0xc583, 0x8, 0xc584, 0x8, 0xc585, 0x8,
        0xc586, 0x8, 0xc587, 0x8, 0xc588, 0x8, 0xc589, 0x8, 0xc58a, 0x8, 0xc58b, 0x8,
        0xc58c, 0x8, 0xc58d, 0x8, 0xc58e, 0x8, 0xc58f, 0x8, 0xc590, 0x8, 0xc591, 0x8,
        0xc592, 0x8, 0xc593, 0x8, 0xc594, 0x8, 0xc595, 0x8, 0xc596, 0x8, 0xc597, 0x8,
        0xc598, 0x4, 0xc599, 0x8, 0xc59a, 0x8, 0xc59b, 0x8, 0xc59c, 0x8, 0xc59d, 0x8,
        0xc59e, 0x8, 0xc59f, 0x8, 0xc5a0, 0x8, 0xc5a1, 0x8, 0xc5a2, 0x8, 0xc5a3, 0x8,
        0xc5a4, 0x8, 0xc5a5, 0x8, 0xc5a6, 0x8, 0xc5a7, 0x8, 0xc5a8, 0x8, 0xc5a9, 0x8,
        0xc5aa, 0x8, 0xc5ab, 0x8, 0xc5ac, 0x8, 0xc5ad, 0x8, 0xc5ae, 0x8, 0xc5af, 0x8,
        0xc5b0, 0x8, 0xc5b1, 0x8, 0xc5b2, 0x8, 0xc5b3, 0x8, 0xc5b4, 0x4, 0xc5b5, 0x8,
        0xc5b6, 0x8, 0xc5b7, 0x8, 0xc5b8, 0x8, 0xc5b9, 0x8, 0xc5ba, 0x8, 0xc5bb, 0x8,
        0xc5bc, 0x8, 0xc5bd, 0x8, 0xc5be, 0x8, 0xc5bf, 0x8, 0xc5c0, 0x8, 0xc5c1, 0x8,
        0xc5c2, 0x8, 0xc5c3, 0x8, 0xc5c4, 0x8, 0xc5c5, 0x8, 0xc5c6, 0x8, 0xc5c7, 0x8,
        0xc5c8, 0x8, 0xc5c9, 0x8, 0xc5ca, 0x8, 0xc5cb, 0x8, 0xc5cc, 0x8, 0xc5cd, 0x8,
        0xc5ce, 0x8, 0xc5cf, 0x8, 0xc5d0, 0x4, 0xc5d1, 0x8, 0xc5d2, 0x8, 0xc5d3, 0x8,
        0xc5d4, 0x8, 0xc5d5, 0x8, 0xc5d6, 0x8, 0xc5d7, 0x8, 0xc5d8, 0x8, 0xc5d9, 0x8,
        0xc5da, 0x8, 0xc5db, 0x8, 0xc5dc, 0x8, 0xc5dd, 0x8, 0xc5de, 0x8, 0xc5df, 0x8,
        0xc5e0, 0x8, 0xc5e1, 0x8, 0xc5e2, 0x8, 0xc5e3, 0x8, 0xc5e4, 0x8, 0xc5e5, 0x8,
        0xc5e6, 0x8, 0xc5e7, 0x8, 0xc5e8, 0x8, 0xc5e9, 0x8, 0xc5ea, 0x8, 0xc5eb, 0x8,
        0xc5ec, 0x4, 0xc5ed, 0x8, 0xc5ee, 0x8, 0xc5ef, 0x8, 0xc5f0, 0x8, 0xc5f1, 0x8,
        0xc5f2, 0x8, 0xc5f3, 0x8, 0xc5f4, 0x8, 0xc5f5, 0x8, 0xc5f6, 0x8, 0xc5f7, 0x8,
        0xc5f8, 0x8, 0xc5f9, 0x8, 0xc5fa, 0x8, 0xc5fb, 0x8, 0xc5fc, 0x8, 0xc5fd, 0x8,
        0xc5fe, 0x8, 0xc5ff, 0x8, 0xc600, 0x8, 0xc601, 0x8, 0xc602, 0x8, 0xc603, 0x8,
        0xc604, 0x8, 0xc605, 0x8, 0xc606, 0x8, 0xc607, 0x8, 0xc608, 0x4, 0xc609, 0x8,
        0xc60a, 0x8, 0xc60b, 0x8, 0xc60c, 0x8, 0xc60d, 0x8, 0xc60e, 0x8, 0xc60f, 0x8,
        0xc610, 0x8, 0xc611, 0x8, 0xc612, 0x8, 0xc613, 0x8, 0xc614, 0x8, 0xc615, 0x8,
        0xc616, 0x8, 0xc617, 0x8, 0xc618, 0x8, 0xc619, 0x8, 0xc61a, 0x8, 0xc61b, 0x8,
        0xc61c, 0x8, 0xc61d, 0x8, 0xc61e, 0x8, 0xc61f, 0x8, 0xc620, 0x8, 0xc621, 0x8,
        0xc622, 0x8, 0xc623, 0x8, 0xc624, 0x4, 0xc625, 0x8, 0xc626, 0x8, 0xc627, 0x8,
        0xc628, 0x8, 0xc629, 0x8, 0xc62a, 0x8, 0xc62b, 0x8, 0xc62c, 0x8, 0xc62d, 0x8,
        0xc62e, 0x8, 0xc62f, 0x8, 0xc630, 0x8, 0xc631, 0x8, 0xc632, 0x8, 0xc633, 0x8,
        0xc634, 0x8, 0xc635, 0x8, 0xc636, 0x8, 0xc637, 0x8, 0xc638, 0x8, 0xc639, 0x8,
        0xc63a, 0x8, 0xc63b, 0x8, 0xc63c, 0x8, 0xc63d, 0x8, 0xc63e, 0x8, 0xc63f, 0x8,
        0xc640, 0x4, 0xc641, 0x8, 0xc642, 0x8, 0xc643, 0x8, 0xc644, 0x8, 0xc645, 0x8,
        0xc646, 0x8, 0xc647, 0x8, 0xc648, 0x8, 0xc649, 0x8, 0xc64a, 0x8, 0xc64b, 0x8,
        0xc64c, 0x8, 0xc64d, 0x8, 0xc64e, 0x8, 0xc64f, 0x8, 0xc650, 0x8, 0xc651, 0x8,
        0xc652, 0x8, 0xc653, 0x8, 0xc654, 0x8, 0xc655, 0x8, 0xc656, 0x8, 0xc657, 0x8,
        0xc658, 0x8, 0xc659, 0x8, 0xc65a, 0x8, 0xc65b, 0x8, 0xc65c, 0x4, 0xc65d, 0x8,
        0xc65e, 0x8, 0xc65f, 0x8, 0xc660, 0x8, 0xc661, 0x8, 0xc662, 0x8, 0xc663, 0x8,
        0xc664, 0x8, 0xc665, 0x8, 0xc666, 0x8, 0xc667, 0x8, 0xc668, 0x8, 0xc669, 0x8,
        0xc66a, 0x8, 0xc66b, 0x8, 0xc66c, 0x8, 0xc66d, 0x8, 0xc66e, 0x8, 0xc66f, 0x8,
        0xc670, 0x8, 0xc671, 0x8, 0xc672, 0x8, 0xc673, 0x8, 0xc674, 0x8, 0xc675, 0x8,
        0xc676, 0x8, 0xc677, 0x8, 0xc678, 0x4, 0xc679, 0x8, 0xc67a, 0x8, 0xc67b, 0x8,
        0xc67c, 0x8, 0xc67d, 0x8, 0xc67e, 0x8, 0xc67f, 0x8, 0xc680, 0x8, 0xc681, 0x8,
        0xc682, 0x8, 0xc683, 0x8, 0xc684, 0x8, 0xc685, 0x8, 0xc686, 0x8, 0xc687, 0x8,
        0xc688, 0x8, 0xc689, 0x8, 0xc68a, 0x8, 0xc68b, 0x8, 0xc68c, 0x8, 0xc68d, 0x8,
        0xc68e, 0x8, 0xc68f, 0x8, 0xc690, 0x8, 0xc691, 0x8, 0xc692, 0x8, 0xc693, 0x8,
        0xc694, 0x4, 0xc695, 0x8, 0xc696, 0x8, 0xc697, 0x8, 0xc698, 0x8, 0xc699, 0x8,
        0xc69a, 0x8, 0xc69b, 0x8, 0xc69c, 0x8, 0xc69d, 0x8, 0xc69e, 0x8, 0xc69f, 0x8,
        0xc6a0, 0x8, 0xc6a1, 0x8, 0xc6a2, 0x8, 0xc6a3, 0x8, 0xc6a4, 0x8, 0xc6a5, 0x8,
        0xc6a6, 0x8, 0xc6a7, 0x8, 0xc6a8, 0x8, 0xc6a9, 0x8, 0xc6aa, 0x8, 0xc6ab, 0x8,
        0xc6ac, 0x8, 0xc6ad, 0x8, 0xc6ae, 0x8, 0xc6af, 0x8, 0xc6b0, 0x4, 0xc6b1, 0x8,
        0xc6b2, 0x8, 0xc6b3, 0x8, 0xc6b4, 0x8, 0xc6b5, 0x8, 0xc6b6, 0x8, 0xc6b7, 0x8,
        0xc6b8, 0x8, 0xc6b9, 0x8, 0xc6ba, 0x8, 0xc6bb, 0x8, 0xc6bc, 0x8, 0xc6bd, 0x8,
        0xc6be, 0x8, 0xc6bf, 0x8, 0xc6c0, 0x8, 0xc6c1, 0x8, 0xc6c2, 0x8, 0xc6c3, 0x8,
        0xc6c4, 0x8, 0xc6c5, 0x8, 0xc6c6, 0x8, 0xc6c7, 0x8, 0xc6c8, 0x8, 0xc6c9, 0x8,
        0xc6ca, 0x8, 0xc6cb, 0x8, 0xc6cc, 0x4, 0xc6cd, 0x8, 0xc6ce, 0x8, 0xc6cf, 0x8,
        0xc6d0, 0x8, 0xc6d1, 0x8, 0xc6d2, 0x8, 0xc6d3, 0x8, 0xc6d4, 0x8, 0xc6d5, 0x8,
        0xc6d6, 0x8, 0xc6d7, 0x8, 0xc6d8, 0x8, 0xc6d9, 0x8, 0xc6da, 0x8, 0xc6db, 0x8,
        0xc6dc, 0x8, 0xc6dd, 0x8, 0xc6de, 0x8, 0xc6df, 0x8, 0xc6e0, 0x8, 0xc6e1, 0x8,
        0xc6e2, 0x8, 0xc6e3, 0x8, 0xc6e4, 0x8, 0xc6e5, 0x8, 0xc6e6, 0x8, 0xc6e7, 0x8,
        0xc6e8, 0x4, 0xc6e9, 0x8, 0xc6ea, 0x8, 0xc6eb, 0x8, 0xc6ec, 0x8, 0xc6ed, 0x8,
        0xc6ee, 0x8, 0xc6ef, 0x8, 0xc6f0, 0x8, 0xc6f1, 0x8, 0xc6f2, 0x8, 0xc6f3, 0x8,
        0xc6f4, 0x8, 0xc6f5, 0x8, 0xc6f6, 0x8, 0xc6f7, 0x8, 0xc6f8, 0x8, 0xc6f9, 0x8,
        0xc6fa, 0x8, 0xc6fb, 0x8, 0xc6fc, 0x8, 0xc6fd, 0x8, 0xc6fe, 0x8, 0xc6ff, 0x8,
        0xc700, 0x8, 0xc701, 0x8, 0xc702, 0x8, 0xc703, 0x8, 0xc704, 0x4, 0xc705, 0x8,
        0xc706, 0x8, 0xc707, 0x8, 0xc708, 0x8, 0xc709, 0x8, 0xc70a, 0x8, 0xc70b, 0x8,
        0xc70c, 0x8, 0xc70d, 0x8, 0xc70e, 0x8, 0xc70f, 0x8, 0xc710, 0x8, 0xc711, 0x8,
        0xc712, 0x8, 0xc713, 0x8, 0xc714, 0x8, 0xc715, 0x8, 0xc716, 0x8, 0xc717, 0x8,
        0xc718, 0x8, 0xc719, 0x8, 0xc71a, 0x8, 0xc71b, 0x8, 0xc71c, 0x8, 0xc71d, 0x8,
        0xc71e, 0x8, 0xc71f, 0x8, 0xc720, 0x4, 0xc721, 0x8, 0xc722, 0x8, 0xc723, 0x8,
        0xc724, 0x8, 0xc725, 0x8, 0xc726, 0x8, 0xc727, 0x8, 0xc728, 0x8, 0xc729, 0x8,
        0xc72a, 0x8, 0xc72b, 0x8, 0xc72c, 0x8, 0xc72d, 0x8, 0xc72e, 0x8, 0xc72f, 0x8,
        0xc730, 0x8, 0xc731, 0x8, 0xc732, 0x8, 0xc733, 0x8, 0xc734, 0x8, 0xc735, 0x8,
        0xc736, 0x8, 0xc737, 0x8, 0xc738, 0x8, 0xc739, 0x8, 0xc73a, 0x8, 0xc73b, 0x8,
        0xc73c, 0x4, 0xc73d, 0x8, 0xc73e, 0x8, 0xc73f, 0x8, 0xc740, 0x8, 0xc741, 0x8,
        0xc742, 0x8, 0xc743, 0x8, 0xc744, 0x8, 0xc745, 0x8, 0xc746, 0x8, 0xc747, 0x8,
        0xc748, 0x8, 0xc749, 0x8, 0xc74a, 0x8, 0xc74b, 0x8, 0xc74c, 0x8, 0xc74d, 0x8,
        0xc74e, 0x8, 0xc74f, 0x8, 0xc750, 0x8, 0xc751, 0x8, 0xc752, 0x8, 0xc753, 0x8,
        0xc754, 0x8, 0xc755, 0x8, 0xc756, 0x8, 0xc757, 0x8, 0xc758, 0x4, 0xc759, 0x8,
        0xc75a, 0x8, 0xc75b, 0x8, 0xc75c, 0x8, 0xc75d, 0x8, 0xc75e, 0x8, 0xc75f, 0x8,
        0xc760, 0x8, 0xc761, 0x8, 0xc762, 0x8, 0xc763, 0x8, 0xc764, 0x8, 0xc765, 0x8,
        0xc766, 0x8, 0xc767, 0x8, 0xc768, 0x8, 0xc769, 0x8, 0xc76a, 0x8, 0xc76b, 0x8,
        0xc76c, 0x8, 0xc76d, 0x8, 0xc76e, 0x8, 0xc76f, 0x8, 0xc770, 0x8, 0xc771, 0x8,
        0xc772, 0x8, 0xc773, 0x8, 0xc774, 0x4, 0xc775, 0x8, 0xc776, 0x8, 0xc777, 0x8,
        0xc778, 0x8, 0xc779, 0x8, 0xc77a, 0x8, 0xc77b, 0x8, 0xc77c, 0x8, 0xc77d, 0x8,
        0xc77e, 0x8, 0xc77f, 0x8, 0xc780, 0x8, 0xc781, 0x8, 0xc782, 0x8, 0xc783, 0x8,
        0xc784, 0x8, 0xc785, 0x8, 0xc786, 0x8, 0xc787, 0x8, 0xc788, 0x8, 0xc789, 0x8,
        0xc78a, 0x8, 0xc78b, 0x8, 0xc78c, 0x8, 0xc78d, 0x8, 0xc78e, 0x8, 0xc78f, 0x8,
        0xc790, 0x4, 0xc791, 0x8, 0xc792, 0x8, 0xc793, 0x8, 0xc794, 0x8, 0xc795, 0x8,
        0xc796, 0x8, 0xc797, 0x8, 0xc798, 0x8, 0xc799, 0x8, 0xc79a, 0x8, 0xc79b, 0x8,
        0xc79c, 0x8, 0xc79d, 0x8, 0xc79e, 0x8, 0xc79f, 0x8, 0xc7a0, 0x8, 0xc7a1, 0x8,
        0xc7a2, 0x8, 0xc7a3, 0x8, 0xc7a4, 0x8, 0xc7a5, 0x8, 0xc7a6, 0x8, 0xc7a7, 0x8,
        0xc7a8, 0x8, 0xc7a9, 0x8, 0xc7aa, 0x8, 0xc7ab, 0x8, 0xc7ac, 0x4, 0xc7ad, 0x8,
        0xc7ae, 0x8, 0xc7af, 0x8, 0xc7b0, 0x8, 0xc7b1, 0x8, 0xc7b2, 0x8, 0xc7b3, 0x8,
        0xc7b4, 0x8, 0xc7b5, 0x8, 0xc7b6, 0x8, 0xc7b7, 0x8, 0xc7b8, 0x8, 0xc7b9, 0x8,
        0xc7ba, 0x8, 0xc7bb, 0x8, 0xc7bc, 0x8, 0xc7bd, 0x8, 0xc7be, 0x8, 0xc7bf, 0x8,
        0xc7c0, 0x8, 0xc7c1, 0x8, 0xc7c2, 0x8, 0xc7c3, 0x8, 0xc7c4, 0x8, 0xc7c5, 0x8,
        0xc7c6, 0x8, 0xc7c7, 0x8, 0xc7c8, 0x4, 0xc7c9, 0x8, 0xc7ca, 0x8, 0xc7cb, 0x8,
        0xc7cc, 0x8, 0xc7cd, 0x8, 0xc7ce, 0x8, 0xc7cf, 0x8, 0xc7d0, 0x8, 0xc7d1, 0x8,
        0xc7d2, 0x8, 0xc7d3, 0x8, 0xc7d4, 0x8, 0xc7d5, 0x8, 0xc7d6, 0x8, 0xc7d7, 0x8,
        0xc7d8, 0x8, 0xc7d9, 0x8, 0xc7da, 0x8, 0xc7db, 0x8, 0xc7dc, 0x8, 0xc7dd, 0x8,
        0xc7de, 0x8, 0xc7df, 0x8, 0xc7e0, 0x8, 0xc7e1, 0x8, 0xc7e2, 0x8, 0xc7e3, 0x8,
        0xc7e4, 0x4, 0xc7e5, 0x8, 0xc7e6, 0x8, 0xc7e7, 0x8, 0xc7e8, 0x8, 0xc7e9, 0x8,
        0xc7ea, 0x8, 0xc7eb, 0x8, 0xc7ec, 0x8, 0xc7ed, 0x8, 0xc7ee, 0x8, 0xc7ef, 0x8,
        0xc7f0, 0x8, 0xc7f1, 0x8, 0xc7f2, 0x8, 0xc7f3, 0x8, 0xc7f4, 0x8, 0xc7f5, 0x8,
        0xc7f6, 0x8, 0xc7f7, 0x8, 0xc7f8, 0x8, 0xc7f9, 0x8, 0xc7fa, 0x8, 0xc7fb, 0x8,
        0xc7fc, 0x8, 0xc7fd, 0x8, 0xc7fe, 0x8, 0xc7ff, 0x8, 0xc800, 0x4, 0xc801, 0x8,
        0xc802, 0x8, 0xc803, 0x8, 0xc804, 0x8, 0xc805, 0x8, 0xc806, 0x8, 0xc807, 0x8,
        0xc808, 0x8, 0xc809, 0x8, 0xc80a, 0x8, 0xc80b, 0x8, 0xc80c, 0x8, 0xc80d, 0x8,
        0xc80e, 0x8, 0xc80f, 0x8, 0xc810, 0x8, 0xc811, 0x8, 0xc812, 0x8, 0xc813, 0x8,
        0xc814, 0x8, 0xc815, 0x8, 0xc816, 0x8, 0xc817, 0x8, 0xc818, 0x8, 0xc819, 0x8,
        0xc81a, 0x8, 0xc81b, 0x8, 0xc81c, 0x4, 0xc81d, 0x8, 0xc81e, 0x8, 0xc81f, 0x8,
        0xc820, 0x8, 0xc821, 0x8, 0xc822, 0x8, 0xc823, 0x8, 0xc824, 0x8, 0xc825, 0x8,
        0xc826, 0x8, 0xc827, 0x8, 0xc828, 0x8, 0xc829, 0x8, 0xc82a, 0x8, 0xc82b, 0x8,
        0xc82c, 0x8, 0xc82d, 0x8, 0xc82e, 0x8, 0xc82f, 0x8, 0xc830, 0x8, 0xc831, 0x8,
        0xc832, 0x8, 0xc833, 0x8, 0xc834, 0x8, 0xc835, 0x8, 0xc836, 0x8, 0xc837, 0x8,
        0xc838, 0x4, 0xc839, 0x8, 0xc83a, 0x8, 0xc83b, 0x8, 0xc83c, 0x8, 0xc83d, 0x8,
        0xc83e, 0x8, 0xc83f, 0x8, 0xc840, 0x8, 0xc841, 0x8, 0xc842, 0x8, 0xc843, 0x8,
        0xc844, 0x8, 0xc845, 0x8, 0xc846, 0x8, 0xc847, 0x8, 0xc848, 0x8, 0xc849, 0x8,
        0xc84a, 0x8, 0xc84b, 0x8, 0xc84c, 0x8, 0xc84d, 0x8, 0xc84e, 0x8, 0xc84f, 0x8,
        0xc850, 0x8, 0xc851, 0x8, 0xc852, 0x8, 0xc853, 0x8, 0xc854, 0x4, 0xc855, 0x8,
        0xc856, 0x8, 0xc857, 0x8, 0xc858, 0x8, 0xc859, 0x8, 0xc85a, 0x8, 0xc85b, 0x8,
        0xc85c, 0x8, 0xc85d, 0x8, 0xc85e, 0x8, 0xc85f, 0x8, 0xc860, 0x8, 0xc861, 0x8,
        0xc862, 0x8, 0xc863, 0x8, 0xc864, 0x8, 0xc865, 0x8, 0xc866, 0x8, 0xc867, 0x8,
        0xc868, 0x8, 0xc869, 0x8, 0xc86a, 0x8, 0xc86b, 0x8, 0xc86c, 0x8, 0xc86d, 0x8,
        0xc86e, 0x8, 0xc86f, 0x8, 0xc870, 0x4, 0xc871, 0x8, 0xc872, 0x8, 0xc873, 0x8,
        0xc874, 0x8, 0xc875, 0x8, 0xc876, 0x8, 0xc877, 0x8, 0xc878, 0x8, 0xc879, 0x8,
        0xc87a, 0x8, 0xc87b, 0x8, 0xc87c, 0x8, 0xc87d, 0x8, 0xc87e, 0x8, 0xc87f, 0x8,
        0xc880, 0x8, 0xc881, 0x8, 0xc882, 0x8, 0xc883, 0x8, 0xc884, 0x8, 0xc885, 0x8,
        0xc886, 0x8, 0xc887, 0x8, 0xc888, 0x8, 0xc889, 0x8, 0xc88a, 0x8, 0xc88b, 0x8,
        0xc88c, 0x4, 0xc88d, 0x8, 0xc88e, 0x8, 0xc88f, 0x8, 0xc890, 0x8, 0xc891, 0x8,
        0xc892, 0x8, 0xc893, 0x8, 0xc894, 0x8, 0xc895, 0x8, 0xc896, 0x8, 0xc897, 0x8,
        0xc898, 0x8, 0xc899, 0x8, 0xc89a, 0x8, 0xc89b, 0x8, 0xc89c, 0x8, 0xc89d, 0x8,
        0xc89e, 0x8, 0xc89f, 0x8, 0xc8a0, 0x8, 0xc8a1, 0x8, 0xc8a2, 0x8, 0xc8a3, 0x8,
        0xc8a4, 0x8, 0xc8a5, 0x8, 0xc8a6, 0x8, 0xc8a7, 0x8, 0xc8a8, 0x4, 0xc8a9, 0x8,
        0xc8aa, 0x8, 0xc8ab, 0x8, 0xc8ac, 0x8, 0xc8ad, 0x8, 0xc8ae, 0x8, 0xc8af, 0x8,
        0xc8b0, 0x8, 0xc8b1, 0x8, 0xc8b2, 0x8, 0xc8b3, 0x8, 0xc8b4, 0x8, 0xc8b5, 0x8,
        0xc8b6, 0x8, 0xc8b7, 0x8, 0xc8b8, 0x8, 0xc8b9, 0x8, 0xc8ba, 0x8, 0xc8bb, 0x8,
        0xc8bc, 0x8, 0xc8bd, 0x8, 0xc8be, 0x8, 0xc8bf, 0x8, 0xc8c0, 0x8, 0xc8c1, 0x8,
        0xc8c2, 0x8, 0xc8c3, 0x8, 0xc8c4, 0x4, 0xc8c5, 0x8, 0xc8c6, 0x8, 0xc8c7, 0x8,
        0xc8c8, 0x8, 0xc8c9, 0x8, 0xc8ca, 0x8, 0xc8cb, 0x8, 0xc8cc, 0x8, 0xc8cd, 0x8,
        0xc8ce, 0x8, 0xc8cf, 0x8, 0xc8d0, 0x8, 0xc8d1, 0x8, 0xc8d2, 0x8, 0xc8d3, 0x8,
        0xc8d4, 0x8, 0xc8d5, 0x8, 0xc8d6, 0x8, 0xc8d7, 0x8, 0xc8d8, 0x8, 0xc8d9, 0x8,
        0xc8da, 0x8, 0xc8db, 0x8, 0xc8dc, 0x8, 0xc8dd, 0x8, 0xc8de, 0x8, 0xc8df, 0x8,
        0xc8e0, 0x4, 0xc8e1, 0x8, 0xc8e2, 0x8, 0xc8e3, 0x8, 0xc8e4, 0x8, 0xc8e5, 0x8,
        0xc8e6, 0x8, 0xc8e7, 0x8, 0xc8e8, 0x8, 0xc8e9, 0x8, 0xc8ea, 0x8, 0xc8eb, 0x8,
        0xc8ec, 0x8, 0xc8ed, 0x8, 0xc8ee, 0x8, 0xc8ef, 0x8, 0xc8f0, 0x8, 0xc8f1, 0x8,
        0xc8f2, 0x8, 0xc8f3, 0x8, 0xc8f4, 0x8, 0xc8f5, 0x8, 0xc8f6, 0x8, 0xc8f7, 0x8,
        0xc8f8, 0x8, 0xc8f9, 0x8, 0xc8fa, 0x8, 0xc8fb, 0x8, 0xc8fc, 0x4, 0xc8fd, 0x8,
        0xc8fe, 0x8, 0xc8ff, 0x8, 0xc900, 0x8, 0xc901, 0x8, 0xc902, 0x8, 0xc903, 0x8,
        0xc904, 0x8, 0xc905, 0x8, 0xc906, 0x8, 0xc907, 0x8, 0xc908, 0x8, 0xc909, 0x8,
        0xc90a, 0x8, 0xc90b, 0x8, 0xc90c, 0x8, 0xc90d, 0x8, 0xc90e, 0x8, 0xc90f, 0x8,
        0xc910, 0x8, 0xc911, 0x8, 0xc912, 0x8, 0xc913, 0x8, 0xc914, 0x8, 0xc915, 0x8,
        0xc916, 0x8, 0xc917, 0x8, 0xc918, 0x4, 0xc919, 0x8, 0xc91a, 0x8, 0xc91b, 0x8,
        0xc91c, 0x8, 0xc91d, 0x8, 0xc91e, 0x8, 0xc91f, 0x8, 0xc920, 0x8, 0xc921, 0x8,
        0xc922, 0x8, 0xc923, 0x8, 0xc924, 0x8, 0xc925, 0x8, 0xc926, 0x8, 0xc927, 0x8,
        0xc928, 0x8, 0xc929, 0x8, 0xc92a, 0x8, 0xc92b, 0x8, 0xc92c, 0x8, 0xc92d, 0x8,
        0xc92e, 0x8, 0xc92f, 0x8, 0xc930, 0x8, 0xc931, 0x8, 0xc932, 0x8, 0xc933, 0x8,
        0xc934, 0x4, 0xc935, 0x8, 0xc936, 0x8, 0xc937, 0x8, 0xc938, 0x8, 0xc939, 0x8,
        0xc93a, 0x8, 0xc93b, 0x8, 0xc93c, 0x8, 0xc93d, 0x8, 0xc93e, 0x8, 0xc93f, 0x8,
        0xc940, 0x8, 0xc941, 0x8, 0xc942, 0x8, 0xc943, 0x8, 0xc944, 0x8, 0xc945, 0x8,
        0xc946, 0x8, 0xc947, 0x8, 0xc948, 0x8, 0xc949, 0x8, 0xc94a, 0x8, 0xc94b, 0x8,
        0xc94c, 0x8, 0xc94d, 0x8, 0xc94e, 0x8, 0xc94f, 0x8, 0xc950, 0x4, 0xc951, 0x8,
        0xc952, 0x8, 0xc953, 0x8, 0xc954, 0x8, 0xc955, 0x8, 0xc956, 0x8, 0xc957, 0x8,
        0xc958, 0x8, 0xc959, 0x8, 0xc95a, 0x8, 0xc95b, 0x8, 0xc95c, 0x8, 0xc95d, 0x8,
        0xc95e, 0x8, 0xc95f, 0x8, 0xc960, 0x8, 0xc961, 0x8, 0xc962, 0x8, 0xc963, 0x8,
        0xc964, 0x8, 0xc965, 0x8, 0xc966, 0x8, 0xc967, 0x8, 0xc968, 0x8, 0xc969, 0x8,
        0xc96a, 0x8, 0xc96b, 0x8, 0xc96c, 0x4, 0xc96d, 0x8, 0xc96e, 0x8, 0xc96f, 0x8,
        0xc970, 0x8, 0xc971, 0x8, 0xc972, 0x8, 0xc973, 0x8, 0xc974, 0x8, 0xc975, 0x8,
        0xc976, 0x8, 0xc977, 0x8, 0xc978, 0x8, 0xc979, 0x8, 0xc97a, 0x8, 0xc97b, 0x8,
        0xc97c, 0x8, 0xc97d, 0x8, 0xc97e, 0x8, 0xc97f, 0x8, 0xc980, 0x8, 0xc981, 0x8,
        0xc982, 0x8, 0xc983, 0x8, 0xc984, 0x8, 0xc985, 0x8, 0xc986, 0x8, 0xc987, 0x8,
        0xc988, 0x4, 0xc989, 0x8, 0xc98a, 0x8, 0xc98b, 0x8, 0xc98c, 0x8, 0xc98d, 0x8,
        0xc98e, 0x8, 0xc98f, 0x8, 0xc990, 0x8, 0xc991, 0x8, 0xc992, 0x8, 0xc993, 0x8,
        0xc994, 0x8, 0xc995, 0x8, 0xc996, 0x8, 0xc997, 0x8, 0xc998, 0x8, 0xc999, 0x8,
        0xc99a, 0x8, 0xc99b, 0x8, 0xc99c, 0x8, 0xc99d, 0x8, 0xc99e, 0x8, 0xc99f, 0x8,
        0xc9a0, 0x8, 0xc9a1, 0x8, 0xc9a2, 0x8, 0xc9a3, 0x8, 0xc9a4, 0x4, 0xc9a5, 0x8,
        0xc9a6, 0x8, 0xc9a7, 0x8, 0xc9a8, 0x8, 0xc9a9, 0x8, 0xc9aa, 0x8, 0xc9ab, 0x8,
        0xc9ac, 0x8, 0xc9ad, 0x8, 0xc9ae, 0x8, 0xc9af, 0x8, 0xc9b0, 0x8, 0xc9b1, 0x8,
        0xc9b2, 0x8, 0xc9b3, 0x8, 0xc9b4, 0x8, 0xc9b5, 0x8, 0xc9b6, 0x8, 0xc9b7, 0x8,
        0xc9b8, 0x8, 0xc9b9, 0x8, 0xc9ba, 0x8, 0xc9bb, 0x8, 0xc9bc, 0x8, 0xc9bd, 0x8,
        0xc9be, 0x8, 0xc9bf, 0x8, 0xc9c0, 0x4, 0xc9c1, 0x8, 0xc9c2, 0x8, 0xc9c3, 0x8,
        0xc9c4, 0x8, 0xc9c5, 0x8, 0xc9c6, 0x8, 0xc9c7, 0x8, 0xc9c8, 0x8, 0xc9c9, 0x8,
        0xc9ca, 0x8, 0xc9cb, 0x8, 0xc9cc, 0x8, 0xc9cd, 0x8, 0xc9ce, 0x8, 0xc9cf, 0x8,
        0xc9d0, 0x8, 0xc9d1, 0x8, 0xc9d2, 0x8, 0xc9d3, 0x8, 0xc9d4, 0x8, 0xc9d5, 0x8,
        0xc9d6, 0x8, 0xc9d7, 0x8, 0xc9d8, 0x8, 0xc9d9, 0x8, 0xc9da, 0x8, 0xc9db, 0x8,
        0xc9dc, 0x4, 0xc9dd, 0x8, 0xc9de, 0x8, 0xc9df, 0x8, 0xc9e0, 0x8, 0xc9e1, 0x8,
        0xc9e2, 0x8, 0xc9e3, 0x8, 0xc9e4, 0x8, 0xc9e5, 0x8, 0xc9e6, 0x8, 0xc9e7, 0x8,
        0xc9e8, 0x8, 0xc9e9, 0x8, 0xc9ea, 0x8, 0xc9eb, 0x8, 0xc9ec, 0x8, 0xc9ed, 0x8,
        0xc9ee, 0x8, 0xc9ef, 0x8, 0xc9f0, 0x8, 0xc9f1, 0x8, 0xc9f2, 0x8, 0xc9f3, 0x8,
        0xc9f4, 0x8, 0xc9f5, 0x8, 0xc9f6, 0x8, 0xc9f7, 0x8, 0xc9f8, 0x4, 0xc9f9, 0x8,
        0xc9fa, 0x8, 0xc9fb, 0x8, 0xc9fc, 0x8, 0xc9fd, 0x8, 0xc9fe, 0x8, 0xc9ff, 0x8,
        0xca00, 0x8, 0xca01, 0x8, 0xca02, 0x8, 0xca03, 0x8, 0xca04, 0x8, 0xca05, 0x8,
        0xca06, 0x8, 0xca07, 0x8, 0xca08, 0x8, 0xca09, 0x8, 0xca0a, 0x8, 0xca0b, 0x8,
        0xca0c, 0x8, 0xca0d, 0x8, 0xca0e, 0x8, 0xca0f, 0x8, 0xca10, 0x8, 0xca11, 0x8,
        0xca12, 0x8, 0xca13, 0x8, 0xca14, 0x4, 0xca15, 0x8, 0xca16, 0x8, 0xca17, 0x8,
        0xca18, 0x8, 0xca19, 0x8, 0xca1a, 0x8, 0xca1b, 0x8, 0xca1c, 0x8, 0xca1d, 0x8,
        0xca1e, 0x8, 0xca1f, 0x8, 0xca20, 0x8, 0xca21, 0x8, 0xca22, 0x8, 0xca23, 0x8,
        0xca24, 0x8, 0xca25, 0x8, 0xca26, 0x8, 0xca27, 0x8, 0xca28, 0x8, 0xca29, 0x8,
        0xca2a, 0x8, 0xca2b, 0x8, 0xca2c, 0x8, 0xca2d, 0x8, 0xca2e, 0x8, 0xca2f, 0x8,
        0xca30, 0x4, 0xca31, 0x8, 0xca32, 0x8, 0xca33, 0x8, 0xca34, 0x8, 0xca35, 0x8,
        0xca36, 0x8, 0xca37, 0x8, 0xca38, 0x8, 0xca39, 0x8, 0xca3a, 0x8, 0xca3b, 0x8,
        0xca3c, 0x8, 0xca3d, 0x8, 0xca3e, 0x8, 0xca3f, 0x8, 0xca40, 0x8, 0xca41, 0x8,
        0xca42, 0x8, 0xca43, 0x8, 0xca44, 0x8, 0xca45, 0x8, 0xca46, 0x8, 0xca47, 0x8,
        0xca48, 0x8, 0xca49, 0x8, 0xca4a, 0x8, 0xca4b, 0x8, 0xca4c, 0x4, 0xca4d, 0x8,
        0xca4e, 0x8, 0xca4f, 0x8, 0xca50, 0x8, 0xca51, 0x8, 0xca52, 0x8, 0xca53, 0x8,
        0xca54, 0x8, 0xca55, 0x8, 0xca56, 0x8, 0xca57, 0x8, 0xca58, 0x8, 0xca59, 0x8,
        0xca5a, 0x8, 0xca5b, 0x8, 0xca5c, 0x8, 0xca5d, 0x8, 0xca5e, 0x8, 0xca5f, 0x8,
        0xca60, 0x8, 0xca61, 0x8, 0xca62, 0x8, 0xca63, 0x8, 0xca64, 0x8, 0xca65, 0x8,
        0xca66, 0x8, 0xca67, 0x8, 0xca68, 0x4, 0xca69, 0x8, 0xca6a, 0x8, 0xca6b, 0x8,
        0xca6c, 0x8, 0xca6d, 0x8, 0xca6e, 0x8, 0xca6f, 0x8, 0xca70, 0x8, 0xca71, 0x8,
        0xca72, 0x8, 0xca73, 0x8, 0xca74, 0x8, 0xca75, 0x8, 0xca76, 0x8, 0xca77, 0x8,
        0xca78, 0x8, 0xca79, 0x8, 0xca7a, 0x8, 0xca7b, 0x8, 0xca7c, 0x8, 0xca7d, 0x8,
        0xca7e, 0x8, 0xca7f, 0x8, 0xca80, 0x8, 0xca81, 0x8, 0xca82, 0x8, 0xca83, 0x8,
        0xca84, 0x4, 0xca85, 0x8, 0xca86, 0x8, 0xca87, 0x8, 0xca88, 0x8, 0xca89, 0x8,
        0xca8a, 0x8, 0xca8b, 0x8, 0xca8c, 0x8, 0xca8d, 0x8, 0xca8e, 0x8, 0xca8f, 0x8,
        0xca90, 0x8, 0xca91, 0x8, 0xca92, 0x8, 0xca93, 0x8, 0xca94, 0x8, 0xca95, 0x8,
        0xca96, 0x8, 0xca97, 0x8, 0xca98, 0x8, 0xca99, 0x8, 0xca9a, 0x8, 0xca9b, 0x8,
        0xca9c, 0x8, 0xca9d, 0x8, 0xca9e, 0x8, 0xca9f, 0x8, 0xcaa0, 0x4, 0xcaa1, 0x8,
        0xcaa2, 0x8, 0xcaa3, 0x8, 0xcaa4, 0x8, 0xcaa5, 0x8, 0xcaa6, 0x8, 0xcaa7, 0x8,
        0xcaa8, 0x8, 0xcaa9, 0x8, 0xcaaa, 0x8, 0xcaab, 0x8, 0xcaac, 0x8, 0xcaad, 0x8,
        0xcaae, 0x8, 0xcaaf, 0x8, 0xcab0, 0x8, 0xcab1, 0x8, 0xcab2, 0x8, 0xcab3, 0x8,
        0xcab4, 0x8, 0xcab5, 0x8, 0xcab6, 0x8, 0xcab7, 0x8, 0xcab8, 0x8, 0xcab9, 0x8,
        0xcaba, 0x8, 0xcabb, 0x8, 0xcabc, 0x4, 0xcabd, 0x8, 0xcabe, 0x8, 0xcabf, 0x8,
        0xcac0, 0x8, 0xcac1, 0x8, 0xcac2, 0x8, 0xcac3, 0x8, 0xcac4, 0x8, 0xcac5, 0x8,
        0xcac6, 0x8, 0xcac7, 0x8, 0xcac8, 0x8, 0xcac9, 0x8, 0xcaca, 0x8, 0xcacb, 0x8,
        0xcacc, 0x8, 0xcacd, 0x8, 0xcace, 0x8, 0xcacf, 0x8, 0xcad0, 0x8, 0xcad1, 0x8,
        0xcad2, 0x8, 0xcad3, 0x8, 0xcad4, 0x8, 0xcad5, 0x8, 0xcad6, 0x8, 0xcad7, 0x8,
        0xcad8, 0x4, 0xcad9, 0x8, 0xcada, 0x8, 0xcadb, 0x8, 0xcadc, 0x8, 0xcadd, 0x8,
        0xcade, 0x8, 0xcadf, 0x8, 0xcae0, 0x8, 0xcae1, 0x8, 0xcae2, 0x8, 0xcae3, 0x8,
        0xcae4, 0x8, 0xcae5, 0x8, 0xcae6, 0x8, 0xcae7, 0x8, 0xcae8, 0x8, 0xcae9, 0x8,
        0xcaea, 0x8, 0xcaeb, 0x8, 0xcaec, 0x8, 0xcaed, 0x8, 0xcaee, 0x8, 0xcaef, 0x8,
        0xcaf0, 0x8, 0xcaf1, 0x8, 0xcaf2, 0x8, 0xcaf3, 0x8, 0xcaf4, 0x4, 0xcaf5, 0x8,
        0xcaf6, 0x8, 0xcaf7, 0x8, 0xcaf8, 0x8, 0xcaf9, 0x8, 0xcafa, 0x8, 0xcafb, 0x8,
        0xcafc, 0x8, 0xcafd, 0x8, 0xcafe, 0x8, 0xcaff, 0x8, 0xcb00, 0x8, 0xcb01, 0x8,
        0xcb02, 0x8, 0xcb03, 0x8, 0xcb04, 0x8, 0xcb05, 0x8, 0xcb06, 0x8, 0xcb07, 0x8,
        0xcb08, 0x8, 0xcb09, 0x8, 0xcb0a, 0x8, 0xcb0b, 0x8, 0xcb0c, 0x8, 0xcb0d, 0x8,
        0xcb0e, 0x8, 0xcb0f, 0x8, 0xcb10, 0x4, 0xcb11, 0x8, 0xcb12, 0x8, 0xcb13, 0x8,
        0xcb14, 0x8, 0xcb15, 0x8, 0xcb16, 0x8, 0xcb17, 0x8, 0xcb18, 0x8, 0xcb19, 0x8,
        0xcb1a, 0x8, 0xcb1b, 0x8, 0xcb1c, 0x8, 0xcb1d, 0x8, 0xcb1e, 0x8, 0xcb1f, 0x8,
        0xcb20, 0x8, 0xcb21, 0x8, 0xcb22, 0x8, 0xcb23, 0x8, 0xcb24, 0x8, 0xcb25, 0x8,
        0xcb26, 0x8, 0xcb27, 0x8, 0xcb28, 0x8, 0xcb29, 0x8, 0xcb2a, 0x8, 0xcb2b, 0x8,
        0xcb2c, 0x4, 0xcb2d, 0x8, 0xcb2e, 0x8, 0xcb2f, 0x8, 0xcb30, 0x8, 0xcb31, 0x8,
        0xcb32, 0x8, 0xcb33, 0x8, 0xcb34, 0x8, 0xcb35, 0x8, 0xcb36, 0x8, 0xcb37, 0x8,
        0xcb38, 0x8, 0xcb39, 0x8, 0xcb3a, 0x8, 0xcb3b, 0x8, 0xcb3c, 0x8, 0xcb3d, 0x8,
        0xcb3e, 0x8, 0xcb3f, 0x8, 0xcb40, 0x8, 0xcb41, 0x8, 0xcb42, 0x8, 0xcb43, 0x8,
        0xcb44, 0x8, 0xcb45, 0x8, 0xcb46, 0x8, 0xcb47, 0x8, 0xcb48, 0x4, 0xcb49, 0x8,
        0xcb4a, 0x8, 0xcb4b, 0x8, 0xcb4c, 0x8, 0xcb4d, 0x8, 0xcb4e, 0x8, 0xcb4f, 0x8,
        0xcb50, 0x8, 0xcb51, 0x8, 0xcb52, 0x8, 0xcb53, 0x8, 0xcb54, 0x8, 0xcb55, 0x8,
        0xcb56, 0x8, 0xcb57, 0x8, 0xcb58, 0x8, 0xcb59, 0x8, 0xcb5a, 0x8, 0xcb5b, 0x8,
        0xcb5c, 0x8, 0xcb5d, 0x8, 0xcb5e, 0x8, 0xcb5f, 0x8, 0xcb60, 0x8, 0xcb61, 0x8,
        0xcb62, 0x8, 0xcb63, 0x8, 0xcb64, 0x4, 0xcb65, 0x8, 0xcb66, 0x8, 0xcb67, 0x8,
        0xcb68, 0x8, 0xcb69, 0x8, 0xcb6a, 0x8, 0xcb6b, 0x8, 0xcb6c, 0x8, 0xcb6d, 0x8,
        0xcb6e, 0x8, 0xcb6f, 0x8, 0xcb70, 0x8, 0xcb71, 0x8, 0xcb72, 0x8, 0xcb73, 0x8,
        0xcb74, 0x8, 0xcb75, 0x8, 0xcb76, 0x8, 0xcb77, 0x8, 0xcb78, 0x8, 0xcb79, 0x8,
        0xcb7a, 0x8, 0xcb7b, 0x8, 0xcb7c, 0x8, 0xcb7d, 0x8, 0xcb7e, 0x8, 0xcb7f, 0x8,
        0xcb80, 0x4, 0xcb81, 0x8, 0xcb82, 0x8, 0xcb83, 0x8, 0xcb84, 0x8, 0xcb85, 0x8,
        0xcb86, 0x8, 0xcb87, 0x8, 0xcb88, 0x8, 0xcb89, 0x8, 0xcb8a, 0x8, 0xcb8b, 0x8,
        0xcb8c, 0x8, 0xcb8d, 0x8, 0xcb8e, 0x8, 0xcb8f, 0x8, 0xcb90, 0x8, 0xcb91, 0x8,
        0xcb92, 0x8, 0xcb93, 0x8, 0xcb94, 0x8, 0xcb95, 0x8, 0xcb96, 0x8, 0xcb97, 0x8,
        0xcb98, 0x8, 0xcb99, 0x8, 0xcb9a, 0x8, 0xcb9b, 0x8, 0xcb9c, 0x4, 0xcb9d, 0x8,
        0xcb9e, 0x8, 0xcb9f, 0x8, 0xcba0, 0x8, 0xcba1, 0x8, 0xcba2, 0x8, 0xcba3, 0x8,
        0xcba4, 0x8, 0xcba5, 0x8, 0xcba6, 0x8, 0xcba7, 0x8, 0xcba8, 0x8, 0xcba9, 0x8,
        0xcbaa, 0x8, 0xcbab, 0x8, 0xcbac, 0x8, 0xcbad, 0x8, 0xcbae, 0x8, 0xcbaf, 0x8,
        0xcbb0, 0x8, 0xcbb1, 0x8, 0xcbb2, 0x8, 0xcbb3, 0x8, 0xcbb4, 0x8, 0xcbb5, 0x8,
        0xcbb6, 0x8, 0xcbb7, 0x8, 0xcbb8, 0x4, 0xcbb9, 0x8, 0xcbba, 0x8, 0xcbbb, 0x8,
        0xcbbc, 0x8, 0xcbbd, 0x8, 0xcbbe, 0x8, 0xcbbf, 0x8, 0xcbc0, 0x8, 0xcbc1, 0x8,
        0xcbc2, 0x8, 0xcbc3, 0x8, 0xcbc4, 0x8, 0xcbc5, 0x8, 0xcbc6, 0x8, 0xcbc7, 0x8,
        0xcbc8, 0x8, 0xcbc9, 0x8, 0xcbca, 0x8, 0xcbcb, 0x8, 0xcbcc, 0x8, 0xcbcd, 0x8,
        0xcbce, 0x8, 0xcbcf, 0x8, 0xcbd0, 0x8, 0xcbd1, 0x8, 0xcbd2, 0x8, 0xcbd3, 0x8,
        0xcbd4, 0x4, 0xcbd5, 0x8, 0xcbd6, 0x8, 0xcbd7, 0x8, 0xcbd8, 0x8, 0xcbd9, 0x8,
        0xcbda, 0x8, 0xcbdb, 0x8, 0xcbdc, 0x8, 0xcbdd, 0x8, 0xcbde, 0x8, 0xcbdf, 0x8,
        0xcbe0, 0x8, 0xcbe1, 0x8, 0xcbe2, 0x8, 0xcbe3, 0x8, 0xcbe4, 0x8, 0xcbe5, 0x8,
        0xcbe6, 0x8, 0xcbe7, 0x8, 0xcbe8, 0x8, 0xcbe9, 0x8, 0xcbea, 0x8, 0xcbeb, 0x8,
        0xcbec, 0x8, 0xcbed, 0x8, 0xcbee, 0x8, 0xcbef, 0x8, 0xcbf0, 0x4, 0xcbf1, 0x8,
        0xcbf2, 0x8, 0xcbf3, 0x8, 0xcbf4, 0x8, 0xcbf5, 0x8, 0xcbf6, 0x8, 0xcbf7, 0x8,
        0xcbf8, 0x8, 0xcbf9, 0x8, 0xcbfa, 0x8, 0xcbfb, 0x8, 0xcbfc, 0x8, 0xcbfd, 0x8,
        0xcbfe, 0x8, 0xcbff, 0x8, 0xcc00, 0x8, 0xcc01, 0x8, 0xcc02, 0x8, 0xcc03, 0x8,
        0xcc04, 0x8, 0xcc05, 0x8, 0xcc06, 0x8, 0xcc07, 0x8, 0xcc08, 0x8, 0xcc09, 0x8,
        0xcc0a, 0x8, 0xcc0b, 0x8, 0xcc0c, 0x4, 0xcc0d, 0x8, 0xcc0e, 0x8, 0xcc0f, 0x8,
        0xcc10, 0x8, 0xcc11, 0x8, 0xcc12, 0x8, 0xcc13, 0x8, 0xcc14, 0x8, 0xcc15, 0x8,
        0xcc16, 0x8, 0xcc17, 0x8, 0xcc18, 0x8, 0xcc19, 0x8, 0xcc1a, 0x8, 0xcc1b, 0x8,
        0xcc1c, 0x8, 0xcc1d, 0x8, 0xcc1e, 0x8, 0xcc1f, 0x8, 0xcc20, 0x8, 0xcc21, 0x8,
        0xcc22, 0x8, 0xcc23, 0x8, 0xcc24, 0x8, 0xcc25, 0x8, 0xcc26, 0x8, 0xcc27, 0x8,
        0xcc28, 0x4, 0xcc29, 0x8, 0xcc2a, 0x8, 0xcc2b, 0x8, 0xcc2c, 0x8, 0xcc2d, 0x8,
        0xcc2e, 0x8, 0xcc2f, 0x8, 0xcc30, 0x8, 0xcc31, 0x8, 0xcc32, 0x8, 0xcc33, 0x8,
        0xcc34, 0x8, 0xcc35, 0x8, 0xcc36, 0x8, 0xcc37, 0x8, 0xcc38, 0x8, 0xcc39, 0x8,
        0xcc3a, 0x8, 0xcc3b, 0x8, 0xcc3c, 0x8, 0xcc3d, 0x8, 0xcc3e, 0x8, 0xcc3f, 0x8,
        0xcc40, 0x8, 0xcc41, 0x8, 0xcc42, 0x8, 0xcc43, 0x8, 0xcc44, 0x4, 0xcc45, 0x8,
        0xcc46, 0x8, 0xcc47, 0x8, 0xcc48, 0x8, 0xcc49, 0x8, 0xcc4a, 0x8, 0xcc4b, 0x8,
        0xcc4c, 0x8, 0xcc4d, 0x8, 0xcc4e, 0x8, 0xcc4f, 0x8, 0xcc50, 0x8, 0xcc51, 0x8,
        0xcc52, 0x8, 0xcc53, 0x8, 0xcc54, 0x8, 0xcc55, 0x8, 0xcc56, 0x8, 0xcc57, 0x8,
        0xcc58, 0x8, 0xcc59, 0x8, 0xcc5a, 0x8, 0xcc5b, 0x8, 0xcc5c, 0x8, 0xcc5d, 0x8,
        0xcc5e, 0x8, 0xcc5f, 0x8, 0xcc60, 0x4, 0xcc61, 0x8, 0xcc62, 0x8, 0xcc63, 0x8,
        0xcc64, 0x8, 0xcc65, 0x8, 0xcc66, 0x8, 0xcc67, 0x8, 0xcc68, 0x8, 0xcc69, 0x8,
        0xcc6a, 0x8, 0xcc6b, 0x8, 0xcc6c, 0x8, 0xcc6d, 0x8, 0xcc6e, 0x8, 0xcc6f, 0x8,
        0xcc70, 0x8, 0xcc71, 0x8, 0xcc72, 0x8, 0xcc73, 0x8, 0xcc74, 0x8, 0xcc75, 0x8,
        0xcc76, 0x8, 0xcc77, 0x8, 0xcc78, 0x8, 0xcc79, 0x8, 0xcc7a, 0x8, 0xcc7b, 0x8,
        0xcc7c, 0x4, 0xcc7d, 0x8, 0xcc7e, 0x8, 0xcc7f, 0x8, 0xcc80, 0x8, 0xcc81, 0x8,
        0xcc82, 0x8, 0xcc83, 0x8, 0xcc84, 0x8, 0xcc85, 0x8, 0xcc86, 0x8, 0xcc87, 0x8,
        0xcc88, 0x8, 0xcc89, 0x8, 0xcc8a, 0x8, 0xcc8b, 0x8, 0xcc8c, 0x8, 0xcc8d, 0x8,
        0xcc8e, 0x8, 0xcc8f, 0x8, 0xcc90, 0x8, 0xcc91, 0x8, 0xcc92, 0x8, 0xcc93, 0x8,
        0xcc94, 0x8, 0xcc95, 0x8, 0xcc96, 0x8, 0xcc97, 0x8, 0xcc98, 0x4, 0xcc99, 0x8,
        0xcc9a, 0x8, 0xcc9b, 0x8, 0xcc9c, 0x8, 0xcc9d, 0x8, 0xcc9e, 0x8, 0xcc9f, 0x8,
        0xcca0, 0x8, 0xcca1, 0x8, 0xcca2, 0x8, 0xcca3, 0x8, 0xcca4, 0x8, 0xcca5, 0x8,
        0xcca6, 0x8, 0xcca7, 0x8, 0xcca8, 0x8, 0xcca9, 0x8, 0xccaa, 0x8, 0xccab, 0x8,
        0xccac, 0x8, 0xccad, 0x8, 0xccae, 0x8, 0xccaf, 0x8, 0xccb0, 0x8, 0xccb1, 0x8,
        0xccb2, 0x8, 0xccb3, 0x8, 0xccb4, 0x4, 0xccb5, 0x8, 0xccb6, 0x8, 0xccb7, 0x8,
        0xccb8, 0x8, 0xccb9, 0x8, 0xccba, 0x8, 0xccbb, 0x8, 0xccbc, 0x8, 0xccbd, 0x8,
        0xccbe, 0x8, 0xccbf, 0x8, 0xccc0, 0x8, 0xccc1, 0x8, 0xccc2, 0x8, 0xccc3, 0x8,
        0xccc4, 0x8, 0xccc5, 0x8, 0xccc6, 0x8, 0xccc7, 0x8, 0xccc8, 0x8, 0xccc9, 0x8,
        0xccca, 0x8, 0xcccb, 0x8, 0xcccc, 0x8, 0xcccd, 0x8, 0xccce, 0x8, 0xcccf, 0x8,
        0xccd0, 0x4, 0xccd1, 0x8, 0xccd2, 0x8, 0xccd3, 0x8, 0xccd4, 0x8, 0xccd5, 0x8,
        0xccd6, 0x8, 0xccd7, 0x8, 0xccd8, 0x8, 0xccd9, 0x8, 0xccda, 0x8, 0xccdb, 0x8,
        0xccdc, 0x8, 0xccdd, 0x8, 0xccde, 0x8, 0xccdf, 0x8, 0xcce0, 0x8, 0xcce1, 0x8,
        0xcce2, 0x8, 0xcce3, 0x8, 0xcce4, 0x8, 0xcce5, 0x8, 0xcce6, 0x8, 0xcce7, 0x8,
        0xcce8, 0x8, 0xcce9, 0x8, 0xccea, 0x8, 0xcceb, 0x8, 0xccec, 0x4, 0xcced, 0x8,
        0xccee, 0x8, 0xccef, 0x8, 0xccf0, 0x8, 0xccf1, 0x8, 0xccf2, 0x8, 0xccf3, 0x8,
        0xccf4, 0x8, 0xccf5, 0x8, 0xccf6, 0x8, 0xccf7, 0x8, 0xccf8, 0x8, 0xccf9, 0x8,
        0xccfa, 0x8, 0xccfb, 0x8, 0xccfc, 0x8, 0xccfd, 0x8, 0xccfe, 0x8, 0xccff, 0x8,
        0xcd00, 0x8, 0xcd01, 0x8, 0xcd02, 0x8, 0xcd03, 0x8, 0xcd04, 0x8, 0xcd05, 0x8,
        0xcd06, 0x8, 0xcd07, 0x8, 0xcd08, 0x4, 0xcd09, 0x8, 0xcd0a, 0x8, 0xcd0b, 0x8,
        0xcd0c, 0x8, 0xcd0d, 0x8, 0xcd0e, 0x8, 0xcd0f, 0x8, 0xcd10, 0x8, 0xcd11, 0x8,
        0xcd12, 0x8, 0xcd13, 0x8, 0xcd14, 0x8, 0xcd15, 0x8, 0xcd16, 0x8, 0xcd17, 0x8,
        0xcd18, 0x8, 0xcd19, 0x8, 0xcd1a, 0x8, 0xcd1b, 0x8, 0xcd1c, 0x8, 0xcd1d, 0x8,
        0xcd1e, 0x8, 0xcd1f, 0x8, 0xcd20, 0x8, 0xcd21, 0x8, 0xcd22, 0x8, 0xcd23, 0x8,
        0xcd24, 0x4, 0xcd25, 0x8, 0xcd26, 0x8, 0xcd27, 0x8, 0xcd28, 0x8, 0xcd29, 0x8,
        0xcd2a, 0x8, 0xcd2b, 0x8, 0xcd2c, 0x8, 0xcd2d, 0x8, 0xcd2e, 0x8, 0xcd2f, 0x8,
        0xcd30, 0x8, 0xcd31, 0x8, 0xcd32, 0x8, 0xcd33, 0x8, 0xcd34, 0x8, 0xcd35, 0x8,
        0xcd36, 0x8, 0xcd37, 0x8, 0xcd38, 0x8, 0xcd39, 0x8, 0xcd3a, 0x8, 0xcd3b, 0x8,
        0xcd3c, 0x8, 0xcd3d, 0x8, 0xcd3e, 0x8, 0xcd3f, 0x8, 0xcd40, 0x4, 0xcd41, 0x8,
        0xcd42, 0x8, 0xcd43, 0x8, 0xcd44, 0x8, 0xcd45, 0x8, 0xcd46, 0x8, 0xcd47, 0x8,
        0xcd48, 0x8, 0xcd49, 0x8, 0xcd4a, 0x8, 0xcd4b, 0x8, 0xcd4c, 0x8, 0xcd4d, 0x8,
        0xcd4e, 0x8, 0xcd4f, 0x8, 0xcd50, 0x8, 0xcd51, 0x8, 0xcd52, 0x8, 0xcd53, 0x8,
        0xcd54, 0x8, 0xcd55, 0x8, 0xcd56, 0x8, 0xcd57, 0x8, 0xcd58, 0x8, 0xcd59, 0x8,
        0xcd5a, 0x8, 0xcd5b, 0x8, 0xcd5c, 0x4, 0xcd5d, 0x8, 0xcd5e, 0x8, 0xcd5f, 0x8,
        0xcd60, 0x8, 0xcd61, 0x8, 0xcd62, 0x8, 0xcd63, 0x8, 0xcd64, 0x8, 0xcd65, 0x8,
        0xcd66, 0x8, 0xcd67, 0x8, 0xcd68, 0x8, 0xcd69, 0x8, 0xcd6a, 0x8, 0xcd6b, 0x8,
        0xcd6c, 0x8, 0xcd6d, 0x8, 0xcd6e, 0x8, 0xcd6f, 0x8, 0xcd70, 0x8, 0xcd71, 0x8,
        0xcd72, 0x8, 0xcd73, 0x8, 0xcd74, 0x8, 0xcd75, 0x8, 0xcd76, 0x8, 0xcd77, 0x8,
        0xcd78, 0x4, 0xcd79, 0x8, 0xcd7a, 0x8, 0xcd7b, 0x8, 0xcd7c, 0x8, 0xcd7d, 0x8,
        0xcd7e, 0x8, 0xcd7f, 0x8, 0xcd80, 0x8, 0xcd81, 0x8, 0xcd82, 0x8, 0xcd83, 0x8,
        0xcd84, 0x8, 0xcd85, 0x8, 0xcd86, 0x8, 0xcd87, 0x8, 0xcd88, 0x8, 0xcd89, 0x8,
        0xcd8a, 0x8, 0xcd8b, 0x8, 0xcd8c, 0x8, 0xcd8d, 0x8, 0xcd8e, 0x8, 0xcd8f, 0x8,
        0xcd90, 0x8, 0xcd91, 0x8, 0xcd92, 0x8, 0xcd93, 0x8, 0xcd94, 0x4, 0xcd95, 0x8,
        0xcd96, 0x8, 0xcd97, 0x8, 0xcd98, 0x8, 0xcd99, 0x8, 0xcd9a, 0x8, 0xcd9b, 0x8,
        0xcd9c, 0x8, 0xcd9d, 0x8, 0xcd9e, 0x8, 0xcd9f, 0x8, 0xcda0, 0x8, 0xcda1, 0x8,
        0xcda2, 0x8, 0xcda3, 0x8, 0xcda4, 0x8, 0xcda5, 0x8, 0xcda6, 0x8, 0xcda7, 0x8,
        0xcda8, 0x8, 0xcda9, 0x8, 0xcdaa, 0x8, 0xcdab, 0x8, 0xcdac, 0x8, 0xcdad, 0x8,
        0xcdae, 0x8, 0xcdaf, 0x8, 0xcdb0, 0x4, 0xcdb1, 0x8, 0xcdb2, 0x8, 0xcdb3, 0x8,
        0xcdb4, 0x8, 0xcdb5, 0x8, 0xcdb6, 0x8, 0xcdb7, 0x8, 0xcdb8, 0x8, 0xcdb9, 0x8,
        0xcdba, 0x8, 0xcdbb, 0x8, 0xcdbc, 0x8, 0xcdbd, 0x8, 0xcdbe, 0x8, 0xcdbf, 0x8,
        0xcdc0, 0x8, 0xcdc1, 0x8, 0xcdc2, 0x8, 0xcdc3, 0x8, 0xcdc4, 0x8, 0xcdc5, 0x8,
        0xcdc6, 0x8, 0xcdc7, 0x8, 0xcdc8, 0x8, 0xcdc9, 0x8, 0xcdca, 0x8, 0xcdcb, 0x8,
        0xcdcc, 0x4, 0xcdcd, 0x8, 0xcdce, 0x8, 0xcdcf, 0x8, 0xcdd0, 0x8, 0xcdd1, 0x8,
        0xcdd2, 0x8, 0xcdd3, 0x8, 0xcdd4, 0x8, 0xcdd5, 0x8, 0xcdd6, 0x8, 0xcdd7, 0x8,
        0xcdd8, 0x8, 0xcdd9, 0x8, 0xcdda, 0x8, 0xcddb, 0x8, 0xcddc, 0x8, 0xcddd, 0x8,
        0xcdde, 0x8, 0xcddf, 0x8, 0xcde0, 0x8, 0xcde1, 0x8, 0xcde2, 0x8, 0xcde3, 0x8,
        0xcde4, 0x8, 0xcde5, 0x8, 0xcde6, 0x8, 0xcde7, 0x8, 0xcde8, 0x4, 0xcde9, 0x8,
        0xcdea, 0x8, 0xcdeb, 0x8, 0xcdec, 0x8, 0xcded, 0x8, 0xcdee, 0x8, 0xcdef, 0x8,
        0xcdf0, 0x8, 0xcdf1, 0x8, 0xcdf2, 0x8, 0xcdf3, 0x8, 0xcdf4, 0x8, 0xcdf5, 0x8,
        0xcdf6, 0x8, 0xcdf7, 0x8, 0xcdf8, 0x8, 0xcdf9, 0x8, 0xcdfa, 0x8, 0xcdfb, 0x8,
        0xcdfc, 0x8, 0xcdfd, 0x8, 0xcdfe, 0x8, 0xcdff, 0x8, 0xce00, 0x8, 0xce01, 0x8,
        0xce02, 0x8, 0xce03, 0x8, 0xce04, 0x4, 0xce05, 0x8, 0xce06, 0x8, 0xce07, 0x8,
        0xce08, 0x8, 0xce09, 0x8, 0xce0a, 0x8, 0xce0b, 0x8, 0xce0c, 0x8, 0xce0d, 0x8,
        0xce0e, 0x8, 0xce0f, 0x8, 0xce10, 0x8, 0xce11, 0x8, 0xce12, 0x8, 0xce13, 0x8,
        0xce14, 0x8, 0xce15, 0x8, 0xce16, 0x8, 0xce17, 0x8, 0xce18, 0x8, 0xce19, 0x8,
        0xce1a, 0x8, 0xce1b, 0x8, 0xce1c, 0x8, 0xce1d, 0x8, 0xce1e, 0x8, 0xce1f, 0x8,
        0xce20, 0x4, 0xce21, 0x8, 0xce22, 0x8, 0xce23, 0x8, 0xce24, 0x8, 0xce25, 0x8,
        0xce26, 0x8, 0xce27, 0x8, 0xce28, 0x8, 0xce29, 0x8, 0xce2a, 0x8, 0xce2b, 0x8,
        0xce2c, 0x8, 0xce2d, 0x8, 0xce2e, 0x8, 0xce2f, 0x8, 0xce30, 0x8, 0xce31, 0x8,
        0xce32, 0x8, 0xce33, 0x8, 0xce34, 0x8, 0xce35, 0x8, 0xce36, 0x8, 0xce37, 0x8,
        0xce38, 0x8, 0xce39, 0x8, 0xce3a, 0x8, 0xce3b, 0x8, 0xce3c, 0x4, 0xce3d, 0x8,
        0xce3e, 0x8, 0xce3f, 0x8, 0xce40, 0x8, 0xce41, 0x8, 0xce42, 0x8, 0xce43, 0x8,
        0xce44, 0x8, 0xce45, 0x8, 0xce46, 0x8, 0xce47, 0x8, 0xce48, 0x8, 0xce49, 0x8,
        0xce4a, 0x8, 0xce4b, 0x8, 0xce4c, 0x8, 0xce4d, 0x8, 0xce4e, 0x8, 0xce4f, 0x8,
        0xce50, 0x8, 0xce51, 0x8, 0xce52, 0x8, 0xce53, 0x8, 0xce54, 0x8, 0xce55, 0x8,
        0xce56, 0x8, 0xce57, 0x8, 0xce58, 0x4, 0xce59, 0x8, 0xce5a, 0x8, 0xce5b, 0x8,
        0xce5c, 0x8, 0xce5d, 0x8, 0xce5e, 0x8, 0xce5f, 0x8, 0xce60, 0x8, 0xce61, 0x8,
        0xce62, 0x8, 0xce63, 0x8, 0xce64, 0x8, 0xce65, 0x8, 0xce66, 0x8, 0xce67, 0x8,
        0xce68, 0x8, 0xce69, 0x8, 0xce6a, 0x8, 0xce6b, 0x8, 0xce6c, 0x8, 0xce6d, 0x8,
        0xce6e, 0x8, 0xce6f, 0x8, 0xce70, 0x8, 0xce71, 0x8, 0xce72, 0x8, 0xce73, 0x8,
        0xce74, 0x4, 0xce75, 0x8, 0xce76, 0x8, 0xce77, 0x8, 0xce78, 0x8, 0xce79, 0x8,
        0xce7a, 0x8, 0xce7b, 0x8, 0xce7c, 0x8, 0xce7d, 0x8, 0xce7e, 0x8, 0xce7f, 0x8,
        0xce80, 0x8, 0xce81, 0x8, 0xce82, 0x8, 0xce83, 0x8, 0xce84, 0x8, 0xce85, 0x8,
        0xce86, 0x8, 0xce87, 0x8, 0xce88, 0x8, 0xce89, 0x8, 0xce8a, 0x8, 0xce8b, 0x8,
        0xce8c, 0x8, 0xce8d, 0x8, 0xce8e, 0x8, 0xce8f, 0x8, 0xce90, 0x4, 0xce91, 0x8,
        0xce92, 0x8, 0xce93, 0x8, 0xce94, 0x8, 0xce95, 0x8, 0xce96, 0x8, 0xce97, 0x8,
        0xce98, 0x8, 0xce99, 0x8, 0xce9a, 0x8, 0xce9b, 0x8, 0xce9c, 0x8, 0xce9d, 0x8,
        0xce9e, 0x8, 0xce9f, 0x8, 0xcea0, 0x8, 0xcea1, 0x8, 0xcea2, 0x8, 0xcea3, 0x8,
        0xcea4, 0x8, 0xcea5, 0x8, 0xcea6, 0x8, 0xcea7, 0x8, 0xcea8, 0x8, 0xcea9, 0x8,
        0xceaa, 0x8, 0xceab, 0x8, 0xceac, 0x4, 0xcead, 0x8, 0xceae, 0x8, 0xceaf, 0x8,
        0xceb0, 0x8, 0xceb1, 0x8, 0xceb2, 0x8, 0xceb3, 0x8, 0xceb4, 0x8, 0xceb5, 0x8,
        0xceb6, 0x8, 0xceb7, 0x8, 0xceb8, 0x8, 0xceb9, 0x8, 0xceba, 0x8, 0xcebb, 0x8,
        0xcebc, 0x8, 0xcebd, 0x8, 0xcebe, 0x8, 0xcebf, 0x8, 0xcec0, 0x8, 0xcec1, 0x8,
        0xcec2, 0x8, 0xcec3, 0x8, 0xcec4, 0x8, 0xcec5, 0x8, 0xcec6, 0x8, 0xcec7, 0x8,
        0xcec8, 0x4, 0xcec9, 0x8, 0xceca, 0x8, 0xcecb, 0x8, 0xcecc, 0x8, 0xcecd, 0x8,
        0xcece, 0x8, 0xcecf, 0x8, 0xced0, 0x8, 0xced1, 0x8, 0xced2, 0x8, 0xced3, 0x8,
        0xced4, 0x8, 0xced5, 0x8, 0xced6, 0x8, 0xced7, 0x8, 0xced8, 0x8, 0xced9, 0x8,
        0xceda, 0x8, 0xcedb, 0x8, 0xcedc, 0x8, 0xcedd, 0x8, 0xcede, 0x8, 0xcedf, 0x8,
        0xcee0, 0x8, 0xcee1, 0x8, 0xcee2, 0x8, 0xcee3, 0x8, 0xcee4, 0x4, 0xcee5, 0x8,
        0xcee6, 0x8, 0xcee7, 0x8, 0xcee8, 0x8, 0xcee9, 0x8, 0xceea, 0x8, 0xceeb, 0x8,
        0xceec, 0x8, 0xceed, 0x8, 0xceee, 0x8, 0xceef, 0x8, 0xcef0, 0x8, 0xcef1, 0x8,
        0xcef2, 0x8, 0xcef3, 0x8, 0xcef4, 0x8, 0xcef5, 0x8, 0xcef6, 0x8, 0xcef7, 0x8,
        0xcef8, 0x8, 0xcef9, 0x8, 0xcefa, 0x8, 0xcefb, 0x8, 0xcefc, 0x8, 0xcefd, 0x8,
        0xcefe, 0x8, 0xceff, 0x8, 0xcf00, 0x4, 0xcf01, 0x8, 0xcf02, 0x8, 0xcf03, 0x8,
        0xcf04, 0x8, 0xcf05, 0x8, 0xcf06, 0x8, 0xcf07, 0x8, 0xcf08, 0x8, 0xcf09, 0x8,
        0xcf0a, 0x8, 0xcf0b, 0x8, 0xcf0c, 0x8, 0xcf0d, 0x8, 0xcf0e, 0x8, 0xcf0f, 0x8,
        0xcf10, 0x8, 0xcf11, 0x8, 0xcf12, 0x8, 0xcf13, 0x8, 0xcf14, 0x8, 0xcf15, 0x8,
        0xcf16, 0x8, 0xcf17, 0x8, 0xcf18, 0x8, 0xcf19, 0x8, 0xcf1a, 0x8, 0xcf1b, 0x8,
        0xcf1c, 0x4, 0xcf1d, 0x8, 0xcf1e, 0x8, 0xcf1f, 0x8, 0xcf20, 0x8, 0xcf21, 0x8,
        0xcf22, 0x8, 0xcf23, 0x8, 0xcf24, 0x8, 0xcf25, 0x8, 0xcf26, 0x8, 0xcf27, 0x8,
        0xcf28, 0x8, 0xcf29, 0x8, 0xcf2a, 0x8, 0xcf2b, 0x8, 0xcf2c, 0x8, 0xcf2d, 0x8,
        0xcf2e, 0x8, 0xcf2f, 0x8, 0xcf30, 0x8, 0xcf31, 0x8, 0xcf32, 0x8, 0xcf33, 0x8,
        0xcf34, 0x8, 0xcf35, 0x8, 0xcf36, 0x8, 0xcf37, 0x8, 0xcf38, 0x4, 0xcf39, 0x8,
        0xcf3a, 0x8, 0xcf3b, 0x8, 0xcf3c, 0x8, 0xcf3d, 0x8, 0xcf3e, 0x8, 0xcf3f, 0x8,
        0xcf40, 0x8, 0xcf41, 0x8, 0xcf42, 0x8, 0xcf43, 0x8, 0xcf44, 0x8, 0xcf45, 0x8,
        0xcf46, 0x8, 0xcf47, 0x8, 0xcf48, 0x8, 0xcf49, 0x8, 0xcf4a, 0x8, 0xcf4b, 0x8,
        0xcf4c, 0x8, 0xcf4d, 0x8, 0xcf4e, 0x8, 0xcf4f, 0x8, 0xcf50, 0x8, 0xcf51, 0x8,
        0xcf52, 0x8, 0xcf53, 0x8, 0xcf54, 0x4, 0xcf55, 0x8, 0xcf56, 0x8, 0xcf57, 0x8,
        0xcf58, 0x8, 0xcf59, 0x8, 0xcf5a, 0x8, 0xcf5b, 0x8, 0xcf5c, 0x8, 0xcf5d, 0x8,
        0xcf5e, 0x8, 0xcf5f, 0x8, 0xcf60, 0x8, 0xcf61, 0x8, 0xcf62, 0x8, 0xcf63, 0x8,
        0xcf64, 0x8, 0xcf65, 0x8, 0xcf66, 0x8, 0xcf67, 0x8, 0xcf68, 0x8, 0xcf69, 0x8,
        0xcf6a, 0x8, 0xcf6b, 0x8, 0xcf6c, 0x8, 0xcf6d, 0x8, 0xcf6e, 0x8, 0xcf6f, 0x8,
        0xcf70, 0x4, 0xcf71, 0x8, 0xcf72, 0x8, 0xcf73, 0x8, 0xcf74, 0x8, 0xcf75, 0x8,
        0xcf76, 0x8, 0xcf77, 0x8, 0xcf78, 0x8, 0xcf79, 0x8, 0xcf7a, 0x8, 0xcf7b, 0x8,
        0xcf7c, 0x8, 0xcf7d, 0x8, 0xcf7e, 0x8, 0xcf7f, 0x8, 0xcf80, 0x8, 0xcf81, 0x8,
        0xcf82, 0x8, 0xcf83, 0x8, 0xcf84, 0x8, 0xcf85, 0x8, 0xcf86, 0x8, 0xcf87, 0x8,
        0xcf88, 0x8, 0xcf89, 0x8, 0xcf8a, 0x8, 0xcf8b, 0x8, 0xcf8c, 0x4, 0xcf8d, 0x8,
        0xcf8e, 0x8, 0xcf8f, 0x8, 0xcf90, 0x8, 0xcf91, 0x8, 0xcf92, 0x8, 0xcf93, 0x8,
        0xcf94, 0x8, 0xcf95, 0x8, 0xcf96, 0x8, 0xcf97, 0x8, 0xcf98, 0x8, 0xcf99, 0x8,
        0xcf9a, 0x8, 0xcf9b, 0x8, 0xcf9c, 0x8, 0xcf9d, 0x8, 0xcf9e, 0x8, 0xcf9f, 0x8,
        0xcfa0, 0x8, 0xcfa1, 0x8, 0xcfa2, 0x8, 0xcfa3, 0x8, 0xcfa4, 0x8, 0xcfa5, 0x8,
        0xcfa6, 0x8, 0xcfa7, 0x8, 0xcfa8, 0x4, 0xcfa9, 0x8, 0xcfaa, 0x8, 0xcfab, 0x8,
        0xcfac, 0x8, 0xcfad, 0x8, 0xcfae, 0x8, 0xcfaf, 0x8, 0xcfb0, 0x8, 0xcfb1, 0x8,
        0xcfb2, 0x8, 0xcfb3, 0x8, 0xcfb4, 0x8, 0xcfb5, 0x8, 0xcfb6, 0x8, 0xcfb7, 0x8,
        0xcfb8, 0x8, 0xcfb9, 0x8, 0xcfba, 0x8, 0xcfbb, 0x8, 0xcfbc, 0x8, 0xcfbd, 0x8,
        0xcfbe, 0x8, 0xcfbf, 0x8, 0xcfc0, 0x8, 0xcfc1, 0x8, 0xcfc2, 0x8, 0xcfc3, 0x8,
        0xcfc4, 0x4, 0xcfc5, 0x8, 0xcfc6, 0x8, 0xcfc7, 0x8, 0xcfc8, 0x8, 0xcfc9, 0x8,
        0xcfca, 0x8, 0xcfcb, 0x8, 0xcfcc, 0x8, 0xcfcd, 0x8, 0xcfce, 0x8, 0xcfcf, 0x8,
        0xcfd0, 0x8, 0xcfd1, 0x8, 0xcfd2, 0x8, 0xcfd3, 0x8, 0xcfd4, 0x8, 0xcfd5, 0x8,
        0xcfd6, 0x8, 0xcfd7, 0x8, 0xcfd8, 0x8, 0xcfd9, 0x8, 0xcfda, 0x8, 0xcfdb, 0x8,
        0xcfdc, 0x8, 0xcfdd, 0x8, 0xcfde, 0x8, 0xcfdf, 0x8, 0xcfe0, 0x4, 0xcfe1, 0x8,
        0xcfe2, 0x8, 0xcfe3, 0x8, 0xcfe4, 0x8, 0xcfe5, 0x8, 0xcfe6, 0x8, 0xcfe7, 0x8,
        0xcfe8, 0x8, 0xcfe9, 0x8, 0xcfea, 0x8, 0xcfeb, 0x8, 0xcfec, 0x8, 0xcfed, 0x8,
        0xcfee, 0x8, 0xcfef, 0x8, 0xcff0, 0x8, 0xcff1, 0x8, 0xcff2, 0x8, 0xcff3, 0x8,
        0xcff4, 0x8, 0xcff5, 0x8, 0xcff6, 0x8, 0xcff7, 0x8, 0xcff8, 0x8, 0xcff9, 0x8,
        0xcffa, 0x8, 0xcffb, 0x8, 0xcffc, 0x4, 0xcffd, 0x8, 0xcffe, 0x8, 0xcfff, 0x8,
        0xd000, 0x8, 0xd001, 0x8, 0xd002, 0x8, 0xd003, 0x8, 0xd004, 0x8, 0xd005, 0x8,
        0xd006, 0x8, 0xd007, 0x8, 0xd008, 0x8, 0xd009, 0x8, 0xd00a, 0x8, 0xd00b, 0x8,
        0xd00c, 0x8, 0xd00d, 0x8, 0xd00e, 0x8, 0xd00f, 0x8, 0xd010, 0x8, 0xd011, 0x8,
        0xd012, 0x8, 0xd013, 0x8, 0xd014, 0x8, 0xd015, 0x8, 0xd016, 0x8, 0xd017, 0x8,
        0xd018, 0x4, 0xd019, 0x8, 0xd01a, 0x8, 0xd01b, 0x8, 0xd01c, 0x8, 0xd01d, 0x8,
        0xd01e, 0x8, 0xd01f, 0x8, 0xd020, 0x8, 0xd021, 0x8, 0xd022, 0x8, 0xd023, 0x8,
        0xd024, 0x8, 0xd025, 0x8, 0xd026, 0x8, 0xd027, 0x8, 0xd028, 0x8, 0xd029, 0x8,
        0xd02a, 0x8, 0xd02b, 0x8, 0xd02c, 0x8, 0xd02d, 0x8, 0xd02e, 0x8, 0xd02f, 0x8,
        0xd030, 0x8, 0xd031, 0x8, 0xd032, 0x8, 0xd033, 0x8, 0xd034, 0x4, 0xd035, 0x8,
        0xd036, 0x8, 0xd037, 0x8, 0xd038, 0x8, 0xd039, 0x8, 0xd03a, 0x8, 0xd03b, 0x8,
        0xd03c, 0x8, 0xd03d, 0x8, 0xd03e, 0x8, 0xd03f, 0x8, 0xd040, 0x8, 0xd041, 0x8,
        0xd042, 0x8, 0xd043, 0x8, 0xd044, 0x8, 0xd045, 0x8, 0xd046, 0x8, 0xd047, 0x8,
        0xd048, 0x8, 0xd049, 0x8, 0xd04a, 0x8, 0xd04b, 0x8, 0xd04c, 0x8, 0xd04d, 0x8,
        0xd04e, 0x8, 0xd04f, 0x8, 0xd050, 0x4, 0xd051, 0x8, 0xd052, 0x8, 0xd053, 0x8,
        0xd054, 0x8, 0xd055, 0x8, 0xd056, 0x8, 0xd057, 0x8, 0xd058, 0x8, 0xd059, 0x8,
        0xd05a, 0x8, 0xd05b, 0x8, 0xd05c, 0x8, 0xd05d, 0x8, 0xd05e, 0x8, 0xd05f, 0x8,
        0xd060, 0x8, 0xd061, 0x8, 0xd062, 0x8, 0xd063, 0x8, 0xd064, 0x8, 0xd065, 0x8,
        0xd066, 0x8, 0xd067, 0x8, 0xd068, 0x8, 0xd069, 0x8, 0xd06a, 0x8, 0xd06b, 0x8,
        0xd06c, 0x4, 0xd06d, 0x8, 0xd06e, 0x8, 0xd06f, 0x8, 0xd070, 0x8, 0xd071, 0x8,
        0xd072, 0x8, 0xd073, 0x8, 0xd074, 0x8, 0xd075, 0x8, 0xd076, 0x8, 0xd077, 0x8,
        0xd078, 0x8, 0xd079, 0x8, 0xd07a, 0x8, 0xd07b, 0x8, 0xd07c, 0x8, 0xd07d, 0x8,
        0xd07e, 0x8, 0xd07f, 0x8, 0xd080, 0x8, 0xd081, 0x8, 0xd082, 0x8, 0xd083, 0x8,
        0xd084, 0x8, 0xd085, 0x8, 0xd086, 0x8, 0xd087, 0x8, 0xd088, 0x4, 0xd089, 0x8,
        0xd08a, 0x8, 0xd08b, 0x8, 0xd08c, 0x8, 0xd08d, 0x8, 0xd08e, 0x8, 0xd08f, 0x8,
        0xd090, 0x8, 0xd091, 0x8, 0xd092, 0x8, 0xd093, 0x8, 0xd094, 0x8, 0xd095, 0x8,
        0xd096, 0x8, 0xd097, 0x8, 0xd098, 0x8, 0xd099, 0x8, 0xd09a, 0x8, 0xd09b, 0x8,
        0xd09c, 0x8, 0xd09d, 0x8, 0xd09e, 0x8, 0xd09f, 0x8, 0xd0a0, 0x8, 0xd0a1, 0x8,
        0xd0a2, 0x8, 0xd0a3, 0x8, 0xd0a4, 0x4, 0xd0a5, 0x8, 0xd0a6, 0x8, 0xd0a7, 0x8,
        0xd0a8, 0x8, 0xd0a9, 0x8, 0xd0aa, 0x8, 0xd0ab, 0x8, 0xd0ac, 0x8, 0xd0ad, 0x8,
        0xd0ae, 0x8, 0xd0af, 0x8, 0xd0b0, 0x8, 0xd0b1, 0x8, 0xd0b2, 0x8, 0xd0b3, 0x8,
        0xd0b4, 0x8, 0xd0b5, 0x8, 0xd0b6, 0x8, 0xd0b7, 0x8, 0xd0b8, 0x8, 0xd0b9, 0x8,
        0xd0ba, 0x8, 0xd0bb, 0x8, 0xd0bc, 0x8, 0xd0bd, 0x8, 0xd0be, 0x8, 0xd0bf, 0x8,
        0xd0c0, 0x4, 0xd0c1, 0x8, 0xd0c2, 0x8, 0xd0c3, 0x8, 0xd0c4, 0x8, 0xd0c5, 0x8,
        0xd0c6, 0x8, 0xd0c7, 0x8, 0xd0c8, 0x8, 0xd0c9, 0x8, 0xd0ca, 0x8, 0xd0cb, 0x8,
        0xd0cc, 0x8, 0xd0cd, 0x8, 0xd0ce, 0x8, 0xd0cf, 0x8, 0xd0d0, 0x8, 0xd0d1, 0x8,
        0xd0d2, 0x8, 0xd0d3, 0x8, 0xd0d4, 0x8, 0xd0d5, 0x8, 0xd0d6, 0x8, 0xd0d7, 0x8,
        0xd0d8, 0x8, 0xd0d9, 0x8, 0xd0da, 0x8, 0xd0db, 0x8, 0xd0dc, 0x4, 0xd0dd, 0x8,
        0xd0de, 0x8, 0xd0df, 0x8, 0xd0e0, 0x8, 0xd0e1, 0x8, 0xd0e2, 0x8, 0xd0e3, 0x8,
        0xd0e4, 0x8, 0xd0e5, 0x8, 0xd0e6, 0x8, 0xd0e7, 0x8, 0xd0e8, 0x8, 0xd0e9, 0x8,
        0xd0ea, 0x8, 0xd0eb, 0x8, 0xd0ec, 0x8, 0xd0ed, 0x8, 0xd0ee, 0x8, 0xd0ef, 0x8,
        0xd0f0, 0x8, 0xd0f1, 0x8, 0xd0f2, 0x8, 0xd0f3, 0x8, 0xd0f4, 0x8, 0xd0f5, 0x8,
        0xd0f6, 0x8, 0xd0f7, 0x8, 0xd0f8, 0x4, 0xd0f9, 0x8, 0xd0fa, 0x8, 0xd0fb, 0x8,
        0xd0fc, 0x8, 0xd0fd, 0x8, 0xd0fe, 0x8, 0xd0ff, 0x8, 0xd100, 0x8, 0xd101, 0x8,
        0xd102, 0x8, 0xd103, 0x8, 0xd104, 0x8, 0xd105, 0x8, 0xd106, 0x8, 0xd107, 0x8,
        0xd108, 0x8, 0xd109, 0x8, 0xd10a, 0x8, 0xd10b, 0x8, 0xd10c, 0x8, 0xd10d, 0x8,
        0xd10e, 0x8, 0xd10f, 0x8, 0xd110, 0x8, 0xd111, 0x8, 0xd112, 0x8, 0xd113, 0x8,
        0xd114, 0x4, 0xd115, 0x8, 0xd116, 0x8, 0xd117, 0x8, 0xd118, 0x8, 0xd119, 0x8,
        0xd11a, 0x8, 0xd11b, 0x8, 0xd11c, 0x8, 0xd11d, 0x8, 0xd11e, 0x8, 0xd11f, 0x8,
        0xd120, 0x8, 0xd121, 0x8, 0xd122, 0x8, 0xd123, 0x8, 0xd124, 0x8, 0xd125, 0x8,
        0xd126, 0x8, 0xd127, 0x8, 0xd128, 0x8, 0xd129, 0x8, 0xd12a, 0x8, 0xd12b, 0x8,
        0xd12c, 0x8, 0xd12d, 0x8, 0xd12e, 0x8, 0xd12f, 0x8, 0xd130, 0x4, 0xd131, 0x8,
        0xd132, 0x8, 0xd133, 0x8, 0xd134, 0x8, 0xd135, 0x8, 0xd136, 0x8, 0xd137, 0x8,
        0xd138, 0x8, 0xd139, 0x8, 0xd13a, 0x8, 0xd13b, 0x8, 0xd13c, 0x8, 0xd13d, 0x8,
        0xd13e, 0x8, 0xd13f, 0x8, 0xd140, 0x8, 0xd141, 0x8, 0xd142, 0x8, 0xd143, 0x8,
        0xd144, 0x8, 0xd145, 0x8, 0xd146, 0x8, 0xd147, 0x8, 0xd148, 0x8, 0xd149, 0x8,
        0xd14a, 0x8, 0xd14b, 0x8, 0xd14c, 0x4, 0xd14d, 0x8, 0xd14e, 0x8, 0xd14f, 0x8,
        0xd150, 0x8, 0xd151, 0x8, 0xd152, 0x8, 0xd153, 0x8, 0xd154, 0x8, 0xd155, 0x8,
        0xd156, 0x8, 0xd157, 0x8, 0xd158, 0x8, 0xd159, 0x8, 0xd15a, 0x8, 0xd15b, 0x8,
        0xd15c, 0x8, 0xd15d, 0x8, 0xd15e, 0x8, 0xd15f, 0x8, 0xd160, 0x8, 0xd161, 0x8,
        0xd162, 0x8, 0xd163, 0x8, 0xd164, 0x8, 0xd165, 0x8, 0xd166, 0x8, 0xd167, 0x8,
        0xd168, 0x4, 0xd169, 0x8, 0xd16a, 0x8, 0xd16b, 0x8, 0xd16c, 0x8, 0xd16d, 0x8,
        0xd16e, 0x8, 0xd16f, 0x8, 0xd170, 0x8, 0xd171, 0x8, 0xd172, 0x8, 0xd173, 0x8,
        0xd174, 0x8, 0xd175, 0x8, 0xd176, 0x8, 0xd177, 0x8, 0xd178, 0x8, 0xd179, 0x8,
        0xd17a, 0x8, 0xd17b, 0x8, 0xd17c, 0x8, 0xd17d, 0x8, 0xd17e, 0x8, 0xd17f, 0x8,
        0xd180, 0x8, 0xd181, 0x8, 0xd182, 0x8, 0xd183, 0x8, 0xd184, 0x4, 0xd185, 0x8,
        0xd186, 0x8, 0xd187, 0x8, 0xd188, 0x8, 0xd189, 0x8, 0xd18a, 0x8, 0xd18b, 0x8,
        0xd18c, 0x8, 0xd18d, 0x8, 0xd18e, 0x8, 0xd18f, 0x8, 0xd190, 0x8, 0xd191, 0x8,
        0xd192, 0x8, 0xd193, 0x8, 0xd194, 0x8, 0xd195, 0x8, 0xd196, 0x8, 0xd197, 0x8,
        0xd198, 0x8, 0xd199, 0x8, 0xd19a, 0x8, 0xd19b, 0x8, 0xd19c, 0x8, 0xd19d, 0x8,
        0xd19e, 0x8, 0xd19f, 0x8, 0xd1a0, 0x4, 0xd1a1, 0x8, 0xd1a2, 0x8, 0xd1a3, 0x8,
        0xd1a4, 0x8, 0xd1a5, 0x8, 0xd1a6, 0x8, 0xd1a7, 0x8, 0xd1a8, 0x8, 0xd1a9, 0x8,
        0xd1aa, 0x8, 0xd1ab, 0x8, 0xd1ac, 0x8, 0xd1ad, 0x8, 0xd1ae, 0x8, 0xd1af, 0x8,
        0xd1b0, 0x8, 0xd1b1, 0x8, 0xd1b2, 0x8, 0xd1b3, 0x8, 0xd1b4, 0x8, 0xd1b5, 0x8,
        0xd1b6, 0x8, 0xd1b7, 0x8, 0xd1b8, 0x8, 0xd1b9, 0x8, 0xd1ba, 0x8, 0xd1bb, 0x8,
        0xd1bc, 0x4, 0xd1bd, 0x8, 0xd1be, 0x8, 0xd1bf, 0x8, 0xd1c0, 0x8, 0xd1c1, 0x8,
        0xd1c2, 0x8, 0xd1c3, 0x8, 0xd1c4, 0x8, 0xd1c5, 0x8, 0xd1c6, 0x8, 0xd1c7, 0x8,
        0xd1c8, 0x8, 0xd1c9, 0x8, 0xd1ca, 0x8, 0xd1cb, 0x8, 0xd1cc, 0x8, 0xd1cd, 0x8,
        0xd1ce, 0x8, 0xd1cf, 0x8, 0xd1d0, 0x8, 0xd1d1, 0x8, 0xd1d2, 0x8, 0xd1d3, 0x8,
        0xd1d4, 0x8, 0xd1d5, 0x8, 0xd1d6, 0x8, 0xd1d7, 0x8, 0xd1d8, 0x4, 0xd1d9, 0x8,
        0xd1da, 0x8, 0xd1db, 0x8, 0xd1dc, 0x8, 0xd1dd, 0x8, 0xd1de, 0x8, 0xd1df, 0x8,
        0xd1e0, 0x8, 0xd1e1, 0x8, 0xd1e2, 0x8, 0xd1e3, 0x8, 0xd1e4, 0x8, 0xd1e5, 0x8,
        0xd1e6, 0x8, 0xd1e7, 0x8, 0xd1e8, 0x8, 0xd1e9, 0x8, 0xd1ea, 0x8, 0xd1eb, 0x8,
        0xd1ec, 0x8, 0xd1ed, 0x8, 0xd1ee, 0x8, 0xd1ef, 0x8, 0xd1f0, 0x8, 0xd1f1, 0x8,
        0xd1f2, 0x8, 0xd1f3, 0x8, 0xd1f4, 0x4, 0xd1f5, 0x8, 0xd1f6, 0x8, 0xd1f7, 0x8,
        0xd1f8, 0x8, 0xd1f9, 0x8, 0xd1fa, 0x8, 0xd1fb, 0x8, 0xd1fc, 0x8, 0xd1fd, 0x8,
        0xd1fe, 0x8, 0xd1ff, 0x8, 0xd200, 0x8, 0xd201, 0x8, 0xd202, 0x8, 0xd203, 0x8,
        0xd204, 0x8, 0xd205, 0x8, 0xd206, 0x8, 0xd207, 0x8, 0xd208, 0x8, 0xd209, 0x8,
        0xd20a, 0x8, 0xd20b, 0x8, 0xd20c, 0x8, 0xd20d, 0x8, 0xd20e, 0x8, 0xd20f, 0x8,
        0xd210, 0x4, 0xd211, 0x8, 0xd212, 0x8, 0xd213, 0x8, 0xd214, 0x8, 0xd215, 0x8,
        0xd216, 0x8, 0xd217, 0x8, 0xd218, 0x8, 0xd219, 0x8, 0xd21a, 0x8, 0xd21b, 0x8,
        0xd21c, 0x8, 0xd21d, 0x8, 0xd21e, 0x8, 0xd21f, 0x8, 0xd220, 0x8, 0xd221, 0x8,
        0xd222, 0x8, 0xd223, 0x8, 0xd224, 0x8, 0xd225, 0x8, 0xd226, 0x8, 0xd227, 0x8,
        0xd228, 0x8, 0xd229, 0x8, 0xd22a, 0x8, 0xd22b, 0x8, 0xd22c, 0x4, 0xd22d, 0x8,
        0xd22e, 0x8, 0xd22f, 0x8, 0xd230, 0x8, 0xd231, 0x8, 0xd232, 0x8, 0xd233, 0x8,
        0xd234, 0x8, 0xd235, 0x8, 0xd236, 0x8, 0xd237, 0x8, 0xd238, 0x8, 0xd239, 0x8,
        0xd23a, 0x8, 0xd23b, 0x8, 0xd23c, 0x8, 0xd23d, 0x8, 0xd23e, 0x8, 0xd23f, 0x8,
        0xd240, 0x8, 0xd241, 0x8, 0xd242, 0x8, 0xd243, 0x8, 0xd244, 0x8, 0xd245, 0x8,
        0xd246, 0x8, 0xd247, 0x8, 0xd248, 0x4, 0xd249, 0x8, 0xd24a, 0x8, 0xd24b, 0x8,
        0xd24c, 0x8, 0xd24d, 0x8, 0xd24e, 0x8, 0xd24f, 0x8, 0xd250, 0x8, 0xd251, 0x8,
        0xd252, 0x8, 0xd253, 0x8, 0xd254, 0x8, 0xd255, 0x8, 0xd256, 0x8, 0xd257, 0x8,
        0xd258, 0x8, 0xd259, 0x8, 0xd25a, 0x8, 0xd25b, 0x8, 0xd25c, 0x8, 0xd25d, 0x8,
        0xd25e, 0x8, 0xd25f, 0x8, 0xd260, 0x8, 0xd261, 0x8, 0xd262, 0x8, 0xd263, 0x8,
        0xd264, 0x4, 0xd265, 0x8, 0xd266, 0x8, 0xd267, 0x8, 0xd268, 0x8, 0xd269, 0x8,
        0xd26a, 0x8, 0xd26b, 0x8, 0xd26c, 0x8, 0xd26d, 0x8, 0xd26e, 0x8, 0xd26f, 0x8,
        0xd270, 0x8, 0xd271, 0x8, 0xd272, 0x8, 0xd273, 0x8, 0xd274, 0x8, 0xd275, 0x8,
        0xd276, 0x8, 0xd277, 0x8, 0xd278, 0x8, 0xd279, 0x8, 0xd27a, 0x8, 0xd27b, 0x8,
        0xd27c, 0x8, 0xd27d, 0x8, 0xd27e, 0x8, 0xd27f, 0x8, 0xd280, 0x4, 0xd281, 0x8,
        0xd282, 0x8, 0xd283, 0x8, 0xd284, 0x8, 0xd285, 0x8, 0xd286, 0x8, 0xd287, 0x8,
        0xd288, 0x8, 0xd289, 0x8, 0xd28a, 0x8, 0xd28b, 0x8, 0xd28c, 0x8, 0xd28d, 0x8,
        0xd28e, 0x8, 0xd28f, 0x8, 0xd290, 0x8, 0xd291, 0x8, 0xd292, 0x8, 0xd293, 0x8,
        0xd294, 0x8, 0xd295, 0x8, 0xd296, 0x8, 0xd297, 0x8, 0xd298, 0x8, 0xd299, 0x8,
        0xd29a, 0x8, 0xd29b, 0x8, 0xd29c, 0x4, 0xd29d, 0x8, 0xd29e, 0x8, 0xd29f, 0x8,
        0xd2a0, 0x8, 0xd2a1, 0x8, 0xd2a2, 0x8, 0xd2a3, 0x8, 0xd2a4, 0x8, 0xd2a5, 0x8,
        0xd2a6, 0x8, 0xd2a7, 0x8, 0xd2a8, 0x8, 0xd2a9, 0x8, 0xd2aa, 0x8, 0xd2ab, 0x8,
        0xd2ac, 0x8, 0xd2ad, 0x8, 0xd2ae, 0x8, 0xd2af, 0x8, 0xd2b0, 0x8, 0xd2b1, 0x8,
        0xd2b2, 0x8, 0xd2b3, 0x8, 0xd2b4, 0x8, 0xd2b5, 0x8, 0xd2b6, 0x8, 0xd2b7, 0x8,
        0xd2b8, 0x4, 0xd2b9, 0x8, 0xd2ba, 0x8, 0xd2bb, 0x8, 0xd2bc, 0x8, 0xd2bd, 0x8,
        0xd2be, 0x8, 0xd2bf, 0x8, 0xd2c0, 0x8, 0xd2c1, 0x8, 0xd2c2, 0x8, 0xd2c3, 0x8,
        0xd2c4, 0x8, 0xd2c5, 0x8, 0xd2c6, 0x8, 0xd2c7, 0x8, 0xd2c8, 0x8, 0xd2c9, 0x8,
        0xd2ca, 0x8, 0xd2cb, 0x8, 0xd2cc, 0x8, 0xd2cd, 0x8, 0xd2ce, 0x8, 0xd2cf, 0x8,
        0xd2d0, 0x8, 0xd2d1, 0x8, 0xd2d2, 0x8, 0xd2d3, 0x8, 0xd2d4, 0x4, 0xd2d5, 0x8,
        0xd2d6, 0x8, 0xd2d7, 0x8, 0xd2d8, 0x8, 0xd2d9, 0x8, 0xd2da, 0x8, 0xd2db, 0x8,
        0xd2dc, 0x8, 0xd2dd, 0x8, 0xd2de, 0x8, 0xd2df, 0x8, 0xd2e0, 0x8, 0xd2e1, 0x8,
        0xd2e2, 0x8, 0xd2e3, 0x8, 0xd2e4, 0x8, 0xd2e5, 0x8, 0xd2e6, 0x8, 0xd2e7, 0x8,
        0xd2e8, 0x8, 0xd2e9, 0x8, 0xd2ea, 0x8, 0xd2eb, 0x8, 0xd2ec, 0x8, 0xd2ed, 0x8,
        0xd2ee, 0x8, 0xd2ef, 0x8, 0xd2f0, 0x4, 0xd2f1, 0x8, 0xd2f2, 0x8, 0xd2f3, 0x8,
        0xd2f4, 0x8, 0xd2f5, 0x8, 0xd2f6, 0x8, 0xd2f7, 0x8, 0xd2f8, 0x8, 0xd2f9, 0x8,
        0xd2fa, 0x8, 0xd2fb, 0x8, 0xd2fc, 0x8, 0xd2fd, 0x8, 0xd2fe, 0x8, 0xd2ff, 0x8,
        0xd300, 0x8, 0xd301, 0x8, 0xd302, 0x8, 0xd303, 0x8, 0xd304, 0x8, 0xd305, 0x8,
        0xd306, 0x8, 0xd307, 0x8, 0xd308, 0x8, 0xd309, 0x8, 0xd30a, 0x8, 0xd30b, 0x8,
        0xd30c, 0x4, 0xd30d, 0x8, 0xd30e, 0x8, 0xd30f, 0x8, 0xd310, 0x8, 0xd311, 0x8,
        0xd312, 0x8, 0xd313, 0x8, 0xd314, 0x8, 0xd315, 0x8, 0xd316, 0x8, 0xd317, 0x8,
        0xd318, 0x8, 0xd319, 0x8, 0xd31a, 0x8, 0xd31b, 0x8, 0xd31c, 0x8, 0xd31d, 0x8,
        0xd31e, 0x8, 0xd31f, 0x8, 0xd320, 0x8, 0xd321, 0x8, 0xd322, 0x8, 0xd323, 0x8,
        0xd324, 0x8, 0xd325, 0x8, 0xd326, 0x8, 0xd327, 0x8, 0xd328, 0x4, 0xd329, 0x8,
        0xd32a, 0x8, 0xd32b, 0x8, 0xd32c, 0x8, 0xd32d, 0x8, 0xd32e, 0x8, 0xd32f, 0x8,
        0xd330, 0x8, 0xd331, 0x8, 0xd332, 0x8, 0xd333, 0x8, 0xd334, 0x8, 0xd335, 0x8,
        0xd336, 0x8, 0xd337, 0x8, 0xd338, 0x8, 0xd339, 0x8, 0xd33a, 0x8, 0xd33b, 0x8,
        0xd33c, 0x8, 0xd33d, 0x8, 0xd33e, 0x8, 0xd33f, 0x8, 0xd340, 0x8, 0xd341, 0x8,
        0xd342, 0x8, 0xd343, 0x8, 0xd344, 0x4, 0xd345, 0x8, 0xd346, 0x8, 0xd347, 0x8,
        0xd348, 0x8, 0xd349, 0x8, 0xd34a, 0x8, 0xd34b, 0x8, 0xd34c, 0x8, 0xd34d, 0x8,
        0xd34e, 0x8, 0xd34f, 0x8, 0xd350, 0x8, 0xd351, 0x8, 0xd352, 0x8, 0xd353, 0x8,
        0xd354, 0x8, 0xd355, 0x8, 0xd356, 0x8, 0xd357, 0x8, 0xd358, 0x8, 0xd359, 0x8,
        0xd35a, 0x8, 0xd35b, 0x8, 0xd35c, 0x8, 0xd35d, 0x8, 0xd35e, 0x8, 0xd35f, 0x8,
        0xd360, 0x4, 0xd361, 0x8, 0xd362, 0x8, 0xd363, 0x8, 0xd364, 0x8, 0xd365, 0x8,
        0xd366, 0x8, 0xd367, 0x8, 0xd368, 0x8, 0xd369, 0x8, 0xd36a, 0x8, 0xd36b, 0x8,
        0xd36c, 0x8, 0xd36d, 0x8, 0xd36e, 0x8, 0xd36f, 0x8, 0xd370, 0x8, 0xd371, 0x8,
        0xd372, 0x8, 0xd373, 0x8, 0xd374, 0x8, 0xd375, 0x8, 0xd376, 0x8, 0xd377, 0x8,
        0xd378, 0x8, 0xd379, 0x8, 0xd37a, 0x8, 0xd37b, 0x8, 0xd37c, 0x4, 0xd37d, 0x8,
        0xd37e, 0x8, 0xd37f, 0x8, 0xd380, 0x8, 0xd381, 0x8, 0xd382, 0x8, 0xd383, 0x8,
        0xd384, 0x8, 0xd385, 0x8, 0xd386, 0x8, 0xd387, 0x8, 0xd388, 0x8, 0xd389, 0x8,
        0xd38a, 0x8, 0xd38b, 0x8, 0xd38c, 0x8, 0xd38d, 0x8, 0xd38e, 0x8, 0xd38f, 0x8,
        0xd390, 0x8, 0xd391, 0x8, 0xd392, 0x8, 0xd393, 0x8, 0xd394, 0x8, 0xd395, 0x8,
        0xd396, 0x8, 0xd397, 0x8, 0xd398, 0x4, 0xd399, 0x8, 0xd39a, 0x8, 0xd39b, 0x8,
        0xd39c, 0x8, 0xd39d, 0x8, 0xd39e, 0x8, 0xd39f, 0x8, 0xd3a0, 0x8, 0xd3a1, 0x8,
        0xd3a2, 0x8, 0xd3a3, 0x8, 0xd3a4, 0x8, 0xd3a5, 0x8, 0xd3a6, 0x8, 0xd3a7, 0x8,
        0xd3a8, 0x8, 0xd3a9, 0x8, 0xd3aa, 0x8, 0xd3ab, 0x8, 0xd3ac, 0x8, 0xd3ad, 0x8,
        0xd3ae, 0x8, 0xd3af, 0x8, 0xd3b0, 0x8, 0xd3b1, 0x8, 0xd3b2, 0x8, 0xd3b3, 0x8,
        0xd3b4, 0x4, 0xd3b5, 0x8, 0xd3b6, 0x8, 0xd3b7, 0x8, 0xd3b8, 0x8, 0xd3b9, 0x8,
        0xd3ba, 0x8, 0xd3bb, 0x8, 0xd3bc, 0x8, 0xd3bd, 0x8, 0xd3be, 0x8, 0xd3bf, 0x8,
        0xd3c0, 0x8, 0xd3c1, 0x8, 0xd3c2, 0x8, 0xd3c3, 0x8, 0xd3c4, 0x8, 0xd3c5, 0x8,
        0xd3c6, 0x8, 0xd3c7, 0x8, 0xd3c8, 0x8, 0xd3c9, 0x8, 0xd3ca, 0x8, 0xd3cb, 0x8,
        0xd3cc, 0x8, 0xd3cd, 0x8, 0xd3ce, 0x8, 0xd3cf, 0x8, 0xd3d0, 0x4, 0xd3d1, 0x8,
        0xd3d2, 0x8, 0xd3d3, 0x8, 0xd3d4, 0x8, 0xd3d5, 0x8, 0xd3d6, 0x8, 0xd3d7, 0x8,
        0xd3d8, 0x8, 0xd3d9, 0x8, 0xd3da, 0x8, 0xd3db, 0x8, 0xd3dc, 0x8, 0xd3dd, 0x8,
        0xd3de, 0x8, 0xd3df, 0x8, 0xd3e0, 0x8, 0xd3e1, 0x8, 0xd3e2, 0x8, 0xd3e3, 0x8,
        0xd3e4, 0x8, 0xd3e5, 0x8, 0xd3e6, 0x8, 0xd3e7, 0x8, 0xd3e8, 0x8, 0xd3e9, 0x8,
        0xd3ea, 0x8, 0xd3eb, 0x8, 0xd3ec, 0x4, 0xd3ed, 0x8, 0xd3ee, 0x8, 0xd3ef, 0x8,
        0xd3f0, 0x8, 0xd3f1, 0x8, 0xd3f2, 0x8, 0xd3f3, 0x8, 0xd3f4, 0x8, 0xd3f5, 0x8,
        0xd3f6, 0x8, 0xd3f7, 0x8, 0xd3f8, 0x8, 0xd3f9, 0x8, 0xd3fa, 0x8, 0xd3fb, 0x8,
        0xd3fc, 0x8, 0xd3fd, 0x8, 0xd3fe, 0x8, 0xd3ff, 0x8, 0xd400, 0x8, 0xd401, 0x8,
        0xd402, 0x8, 0xd403, 0x8, 0xd404, 0x8, 0xd405, 0x8, 0xd406, 0x8, 0xd407, 0x8,
        0xd408, 0x4, 0xd409, 0x8, 0xd40a, 0x8, 0xd40b, 0x8, 0xd40c, 0x8, 0xd40d, 0x8,
        0xd40e, 0x8, 0xd40f, 0x8, 0xd410, 0x8, 0xd411, 0x8, 0xd412, 0x8, 0xd413, 0x8,
        0xd414, 0x8, 0xd415, 0x8, 0xd416, 0x8, 0xd417, 0x8, 0xd418, 0x8, 0xd419, 0x8,
        0xd41a, 0x8, 0xd41b, 0x8, 0xd41c, 0x8, 0xd41d, 0x8, 0xd41e, 0x8, 0xd41f, 0x8,
        0xd420, 0x8, 0xd421, 0x8, 0xd422, 0x8, 0xd423, 0x8, 0xd424, 0x4, 0xd425, 0x8,
        0xd426, 0x8, 0xd427, 0x8, 0xd428, 0x8, 0xd429, 0x8, 0xd42a, 0x8, 0xd42b, 0x8,
        0xd42c, 0x8, 0xd42d, 0x8, 0xd42e, 0x8, 0xd42f, 0x8, 0xd430, 0x8, 0xd431, 0x8,
        0xd432, 0x8, 0xd433, 0x8, 0xd434, 0x8, 0xd435, 0x8, 0xd436, 0x8, 0xd437, 0x8,
        0xd438, 0x8, 0xd439, 0x8, 0xd43a, 0x8, 0xd43b, 0x8, 0xd43c, 0x8, 0xd43d, 0x8,
        0xd43e, 0x8, 0xd43f, 0x8, 0xd440, 0x4, 0xd441, 0x8, 0xd442, 0x8, 0xd443, 0x8,
        0xd444, 0x8, 0xd445, 0x8, 0xd446, 0x8, 0xd447, 0x8, 0xd448, 0x8, 0xd449, 0x8,
        0xd44a, 0x8, 0xd44b, 0x8, 0xd44c, 0x8, 0xd44d, 0x8, 0xd44e, 0x8, 0xd44f, 0x8,
        0xd450, 0x8, 0xd451, 0x8, 0xd452, 0x8, 0xd453, 0x8, 0xd454, 0x8, 0xd455, 0x8,
        0xd456, 0x8, 0xd457, 0x8, 0xd458, 0x8, 0xd459, 0x8, 0xd45a, 0x8, 0xd45b, 0x8,
        0xd45c, 0x4, 0xd45d, 0x8, 0xd45e, 0x8, 0xd45f, 0x8, 0xd460, 0x8, 0xd461, 0x8,
        0xd462, 0x8, 0xd463, 0x8, 0xd464, 0x8, 0xd465, 0x8, 0xd466, 0x8, 0xd467, 0x8,
        0xd468, 0x8, 0xd469, 0x8, 0xd46a, 0x8, 0xd46b, 0x8, 0xd46c, 0x8, 0xd46d, 0x8,
        0xd46e, 0x8, 0xd46f, 0x8, 0xd470, 0x8, 0xd471, 0x8, 0xd472, 0x8, 0xd473, 0x8,
        0xd474, 0x8, 0xd475, 0x8, 0xd476, 0x8, 0xd477, 0x8, 0xd478, 0x4, 0xd479, 0x8,
        0xd47a, 0x8, 0xd47b, 0x8, 0xd47c, 0x8, 0xd47d, 0x8, 0xd47e, 0x8, 0xd47f, 0x8,
        0xd480, 0x8, 0xd481, 0x8, 0xd482, 0x8, 0xd483, 0x8, 0xd484, 0x8, 0xd485, 0x8,
        0xd486, 0x8, 0xd487, 0x8, 0xd488, 0x8, 0xd489, 0x8, 0xd48a, 0x8, 0xd48b, 0x8,
        0xd48c, 0x8, 0xd48d, 0x8, 0xd48e, 0x8, 0xd48f, 0x8, 0xd490, 0x8, 0xd491, 0x8,
        0xd492, 0x8, 0xd493, 0x8, 0xd494, 0x4, 0xd495, 0x8, 0xd496, 0x8, 0xd497, 0x8,
        0xd498, 0x8, 0xd499, 0x8, 0xd49a, 0x8, 0xd49b, 0x8, 0xd49c, 0x8, 0xd49d, 0x8,
        0xd49e, 0x8, 0xd49f, 0x8, 0xd4a0, 0x8, 0xd4a1, 0x8, 0xd4a2, 0x8, 0xd4a3, 0x8,
        0xd4a4, 0x8, 0xd4a5, 0x8, 0xd4a6, 0x8, 0xd4a7, 0x8, 0xd4a8, 0x8, 0xd4a9, 0x8,
        0xd4aa, 0x8, 0xd4ab, 0x8, 0xd4ac, 0x8, 0xd4ad, 0x8, 0xd4ae, 0x8, 0xd4af, 0x8,
        0xd4b0, 0x4, 0xd4b1, 0x8, 0xd4b2, 0x8, 0xd4b3, 0x8, 0xd4b4, 0x8, 0xd4b5, 0x8,
        0xd4b6, 0x8, 0xd4b7, 0x8, 0xd4b8, 0x8, 0xd4b9, 0x8, 0xd4ba, 0x8, 0xd4bb, 0x8,
        0xd4bc, 0x8, 0xd4bd, 0x8, 0xd4be, 0x8, 0xd4bf, 0x8, 0xd4c0, 0x8, 0xd4c1, 0x8,
        0xd4c2, 0x8, 0xd4c3, 0x8, 0xd4c4, 0x8, 0xd4c5, 0x8, 0xd4c6, 0x8, 0xd4c7, 0x8,
        0xd4c8, 0x8, 0xd4c9, 0x8, 0xd4ca, 0x8, 0xd4cb, 0x8, 0xd4cc, 0x4, 0xd4cd, 0x8,
        0xd4ce, 0x8, 0xd4cf, 0x8, 0xd4d0, 0x8, 0xd4d1, 0x8, 0xd4d2, 0x8, 0xd4d3, 0x8,
        0xd4d4, 0x8, 0xd4d5, 0x8, 0xd4d6, 0x8, 0xd4d7, 0x8, 0xd4d8, 0x8, 0xd4d9, 0x8,
        0xd4da, 0x8, 0xd4db, 0x8, 0xd4dc, 0x8, 0xd4dd, 0x8, 0xd4de, 0x8, 0xd4df, 0x8,
        0xd4e0, 0x8, 0xd4e1, 0x8, 0xd4e2, 0x8, 0xd4e3, 0x8, 0xd4e4, 0x8, 0xd4e5, 0x8,
        0xd4e6, 0x8, 0xd4e7, 0x8, 0xd4e8, 0x4, 0xd4e9, 0x8, 0xd4ea, 0x8, 0xd4eb, 0x8,
        0xd4ec, 0x8, 0xd4ed, 0x8, 0xd4ee, 0x8, 0xd4ef, 0x8, 0xd4f0, 0x8, 0xd4f1, 0x8,
        0xd4f2, 0x8, 0xd4f3, 0x8, 0xd4f4, 0x8, 0xd4f5, 0x8, 0xd4f6, 0x8, 0xd4f7, 0x8,
        0xd4f8, 0x8, 0xd4f9, 0x8, 0xd4fa, 0x8, 0xd4fb, 0x8, 0xd4fc, 0x8, 0xd4fd, 0x8,
        0xd4fe, 0x8, 0xd4ff, 0x8, 0xd500, 0x8, 0xd501, 0x8, 0xd502, 0x8, 0xd503, 0x8,
        0xd504, 0x4, 0xd505, 0x8, 0xd506, 0x8, 0xd507, 0x8, 0xd508, 0x8, 0xd509, 0x8,
        0xd50a, 0x8, 0xd50b, 0x8, 0xd50c, 0x8, 0xd50d, 0x8, 0xd50e, 0x8, 0xd50f, 0x8,
        0xd510, 0x8, 0xd511, 0x8, 0xd512, 0x8, 0xd513, 0x8, 0xd514, 0x8, 0xd515, 0x8,
        0xd516, 0x8, 0xd517, 0x8, 0xd518, 0x8, 0xd519, 0x8, 0xd51a, 0x8, 0xd51b, 0x8,
        0xd51c, 0x8, 0xd51d, 0x8, 0xd51e, 0x8, 0xd51f, 0x8, 0xd520, 0x4, 0xd521, 0x8,
        0xd522, 0x8, 0xd523, 0x8, 0xd524, 0x8, 0xd525, 0x8, 0xd526, 0x8, 0xd527, 0x8,
        0xd528, 0x8, 0xd529, 0x8, 0xd52a, 0x8, 0xd52b, 0x8, 0xd52c, 0x8, 0xd52d, 0x8,
        0xd52e, 0x8, 0xd52f, 0x8, 0xd530, 0x8, 0xd531, 0x8, 0xd532, 0x8, 0xd533, 0x8,
        0xd534, 0x8, 0xd535, 0x8, 0xd536, 0x8, 0xd537, 0x8, 0xd538, 0x8, 0xd539, 0x8,
        0xd53a, 0x8, 0xd53b, 0x8, 0xd53c, 0x4, 0xd53d, 0x8, 0xd53e, 0x8, 0xd53f, 0x8,
        0xd540, 0x8, 0xd541, 0x8, 0xd542, 0x8, 0xd543, 0x8, 0xd544, 0x8, 0xd545, 0x8,
        0xd546, 0x8, 0xd547, 0x8, 0xd548, 0x8, 0xd549, 0x8, 0xd54a, 0x8, 0xd54b, 0x8,
        0xd54c, 0x8, 0xd54d, 0x8, 0xd54e, 0x8, 0xd54f, 0x8, 0xd550, 0x8, 0xd551, 0x8,
        0xd552, 0x8, 0xd553, 0x8, 0xd554, 0x8, 0xd555, 0x8, 0xd556, 0x8, 0xd557, 0x8,
        0xd558, 0x4, 0xd559, 0x8, 0xd55a, 0x8, 0xd55b, 0x8, 0xd55c, 0x8, 0xd55d, 0x8,
        0xd55e, 0x8, 0xd55f, 0x8, 0xd560, 0x8, 0xd561, 0x8, 0xd562, 0x8, 0xd563, 0x8,
        0xd564, 0x8, 0xd565, 0x8, 0xd566, 0x8, 0xd567, 0x8, 0xd568, 0x8, 0xd569, 0x8,
        0xd56a, 0x8, 0xd56b, 0x8, 0xd56c, 0x8, 0xd56d, 0x8, 0xd56e, 0x8, 0xd56f, 0x8,
        0xd570, 0x8, 0xd571, 0x8, 0xd572, 0x8, 0xd573, 0x8, 0xd574, 0x4, 0xd575, 0x8,
        0xd576, 0x8, 0xd577, 0x8, 0xd578, 0x8, 0xd579, 0x8, 0xd57a, 0x8, 0xd57b, 0x8,
        0xd57c, 0x8, 0xd57d, 0x8, 0xd57e, 0x8, 0xd57f, 0x8, 0xd580, 0x8, 0xd581, 0x8,
        0xd582, 0x8, 0xd583, 0x8, 0xd584, 0x8, 0xd585, 0x8, 0xd586, 0x8, 0xd587, 0x8,
        0xd588, 0x8, 0xd589, 0x8, 0xd58a, 0x8, 0xd58b, 0x8, 0xd58c, 0x8, 0xd58d, 0x8,
        0xd58e, 0x8, 0xd58f, 0x8, 0xd590, 0x4, 0xd591, 0x8, 0xd592, 0x8, 0xd593, 0x8,
        0xd594, 0x8, 0xd595, 0x8, 0xd596, 0x8, 0xd597, 0x8, 0xd598, 0x8, 0xd599, 0x8,
        0xd59a, 0x8, 0xd59b, 0x8, 0xd59c, 0x8, 0xd59d, 0x8, 0xd59e, 0x8, 0xd59f, 0x8,
        0xd5a0, 0x8, 0xd5a1, 0x8, 0xd5a2, 0x8, 0xd5a3, 0x8, 0xd5a4, 0x8, 0xd5a5, 0x8,
        0xd5a6, 0x8, 0xd5a7, 0x8, 0xd5a8, 0x8, 0xd5a9, 0x8, 0xd5aa, 0x8, 0xd5ab, 0x8,
        0xd5ac, 0x4, 0xd5ad, 0x8, 0xd5ae, 0x8, 0xd5af, 0x8, 0xd5b0, 0x8, 0xd5b1, 0x8,
        0xd5b2, 0x8, 0xd5b3, 0x8, 0xd5b4, 0x8, 0xd5b5, 0x8, 0xd5b6, 0x8, 0xd5b7, 0x8,
        0xd5b8, 0x8, 0xd5b9, 0x8, 0xd5ba, 0x8, 0xd5bb, 0x8, 0xd5bc, 0x8, 0xd5bd, 0x8,
        0xd5be, 0x8, 0xd5bf, 0x8, 0xd5c0, 0x8, 0xd5c1, 0x8, 0xd5c2, 0x8, 0xd5c3, 0x8,
        0xd5c4, 0x8, 0xd5c5, 0x8, 0xd5c6, 0x8, 0xd5c7, 0x8, 0xd5c8, 0x4, 0xd5c9, 0x8,
        0xd5ca, 0x8, 0xd5cb, 0x8, 0xd5cc, 0x8, 0xd5cd, 0x8, 0xd5ce, 0x8, 0xd5cf, 0x8,
        0xd5d0, 0x8, 0xd5d1, 0x8, 0xd5d2, 0x8, 0xd5d3, 0x8, 0xd5d4, 0x8, 0xd5d5, 0x8,
        0xd5d6, 0x8, 0xd5d7, 0x8, 0xd5d8, 0x8, 0xd5d9, 0x8, 0xd5da, 0x8, 0xd5db, 0x8,
        0xd5dc, 0x8, 0xd5dd, 0x8, 0xd5de, 0x8, 0xd5df, 0x8, 0xd5e0, 0x8, 0xd5e1, 0x8,
        0xd5e2, 0x8, 0xd5e3, 0x8, 0xd5e4, 0x4, 0xd5e5, 0x8, 0xd5e6, 0x8, 0xd5e7, 0x8,
        0xd5e8, 0x8, 0xd5e9, 0x8, 0xd5ea, 0x8, 0xd5eb, 0x8, 0xd5ec, 0x8, 0xd5ed, 0x8,
        0xd5ee, 0x8, 0xd5ef, 0x8, 0xd5f0, 0x8, 0xd5f1, 0x8, 0xd5f2, 0x8, 0xd5f3, 0x8,
        0xd5f4, 0x8, 0xd5f5, 0x8, 0xd5f6, 0x8, 0xd5f7, 0x8, 0xd5f8, 0x8, 0xd5f9, 0x8,
        0xd5fa, 0x8, 0xd5fb, 0x8, 0xd5fc, 0x8, 0xd5fd, 0x8, 0xd5fe, 0x8, 0xd5ff, 0x8,
        0xd600, 0x4, 0xd601, 0x8, 0xd602, 0x8, 0xd603, 0x8, 0xd604, 0x8, 0xd605, 0x8,
        0xd606, 0x8, 0xd607, 0x8, 0xd608, 0x8, 0xd609, 0x8, 0xd60a, 0x8, 0xd60b, 0x8,
        0xd60c, 0x8, 0xd60d, 0x8, 0xd60e, 0x8, 0xd60f, 0x8, 0xd610, 0x8, 0xd611, 0x8,
        0xd612, 0x8, 0xd613, 0x8, 0xd614, 0x8, 0xd615, 0x8, 0xd616, 0x8, 0xd617, 0x8,
        0xd618, 0x8, 0xd619, 0x8, 0xd61a, 0x8, 0xd61b, 0x8, 0xd61c, 0x4, 0xd61d, 0x8,
        0xd61e, 0x8, 0xd61f, 0x8, 0xd620, 0x8, 0xd621, 0x8, 0xd622, 0x8, 0xd623, 0x8,
        0xd624, 0x8, 0xd625, 0x8, 0xd626, 0x8, 0xd627, 0x8, 0xd628, 0x8, 0xd629, 0x8,
        0xd62a, 0x8, 0xd62b, 0x8, 0xd62c, 0x8, 0xd62d, 0x8, 0xd62e, 0x8, 0xd62f, 0x8,
        0xd630, 0x8, 0xd631, 0x8, 0xd632, 0x8, 0xd633, 0x8, 0xd634, 0x8, 0xd635, 0x8,
        0xd636, 0x8, 0xd637, 0x8, 0xd638, 0x4, 0xd639, 0x8, 0xd63a, 0x8, 0xd63b, 0x8,
        0xd63c, 0x8, 0xd63d, 0x8, 0xd63e, 0x8, 0xd63f, 0x8, 0xd640, 0x8, 0xd641, 0x8,
        0xd642, 0x8, 0xd643, 0x8, 0xd644, 0x8, 0xd645, 0x8, 0xd646, 0x8, 0xd647, 0x8,
        0xd648, 0x8, 0xd649, 0x8, 0xd64a, 0x8, 0xd64b, 0x8, 0xd64c, 0x8, 0xd64d, 0x8,
        0xd64e, 0x8, 0xd64f, 0x8, 0xd650, 0x8, 0xd651, 0x8, 0xd652, 0x8, 0xd653, 0x8,
        0xd654, 0x4, 0xd655, 0x8, 0xd656, 0x8, 0xd657, 0x8, 0xd658, 0x8, 0xd659, 0x8,
        0xd65a, 0x8, 0xd65b, 0x8, 0xd65c, 0x8, 0xd65d, 0x8, 0xd65e, 0x8, 0xd65f, 0x8,
        0xd660, 0x8, 0xd661, 0x8, 0xd662, 0x8, 0xd663, 0x8, 0xd664, 0x8, 0xd665, 0x8,
        0xd666, 0x8, 0xd667, 0x8, 0xd668, 0x8, 0xd669, 0x8, 0xd66a, 0x8, 0xd66b, 0x8,
        0xd66c, 0x8, 0xd66d, 0x8, 0xd66e, 0x8, 0xd66f, 0x8, 0xd670, 0x4, 0xd671, 0x8,
        0xd672, 0x8, 0xd673, 0x8, 0xd674, 0x8, 0xd675, 0x8, 0xd676, 0x8, 0xd677, 0x8,
        0xd678, 0x8, 0xd679, 0x8, 0xd67a, 0x8, 0xd67b, 0x8, 0xd67c, 0x8, 0xd67d, 0x8,
        0xd67e, 0x8, 0xd67f, 0x8, 0xd680, 0x8, 0xd681, 0x8, 0xd682, 0x8, 0xd683, 0x8,
        0xd684, 0x8, 0xd685, 0x8, 0xd686, 0x8, 0xd687, 0x8, 0xd688, 0x8, 0xd689, 0x8,
        0xd68a, 0x8, 0xd68b, 0x8, 0xd68c, 0x4, 0xd68d, 0x8, 0xd68e, 0x8, 0xd68f, 0x8,
        0xd690, 0x8, 0xd691, 0x8, 0xd692, 0x8, 0xd693, 0x8, 0xd694, 0x8, 0xd695, 0x8,
        0xd696, 0x8, 0xd697, 0x8, 0xd698, 0x8, 0xd699, 0x8, 0xd69a, 0x8, 0xd69b, 0x8,
        0xd69c, 0x8, 0xd69d, 0x8, 0xd69e, 0x8, 0xd69f, 0x8, 0xd6a0, 0x8, 0xd6a1, 0x8,
        0xd6a2, 0x8, 0xd6a3, 0x8, 0xd6a4, 0x8, 0xd6a5, 0x8, 0xd6a6, 0x8, 0xd6a7, 0x8,
        0xd6a8, 0x4, 0xd6a9, 0x8, 0xd6aa, 0x8, 0xd6ab, 0x8, 0xd6ac, 0x8, 0xd6ad, 0x8,
        0xd6ae, 0x8, 0xd6af, 0x8, 0xd6b0, 0x8, 0xd6b1, 0x8, 0xd6b2, 0x8, 0xd6b3, 0x8,
        0xd6b4, 0x8, 0xd6b5, 0x8, 0xd6b6, 0x8, 0xd6b7, 0x8, 0xd6b8, 0x8, 0xd6b9, 0x8,
        0xd6ba, 0x8, 0xd6bb, 0x8, 0xd6bc, 0x8, 0xd6bd, 0x8, 0xd6be, 0x8, 0xd6bf, 0x8,
        0xd6c0, 0x8, 0xd6c1, 0x8, 0xd6c2, 0x8, 0xd6c3, 0x8, 0xd6c4, 0x4, 0xd6c5, 0x8,
        0xd6c6, 0x8, 0xd6c7, 0x8, 0xd6c8, 0x8, 0xd6c9, 0x8, 0xd6ca, 0x8, 0xd6cb, 0x8,
        0xd6cc, 0x8, 0xd6cd, 0x8, 0xd6ce, 0x8, 0xd6cf, 0x8, 0xd6d0, 0x8, 0xd6d1, 0x8,
        0xd6d2, 0x8, 0xd6d3, 0x8, 0xd6d4, 0x8, 0xd6d5, 0x8, 0xd6d6, 0x8, 0xd6d7, 0x8,
        0xd6d8, 0x8, 0xd6d9, 0x8, 0xd6da, 0x8, 0xd6db, 0x8, 0xd6dc, 0x8, 0xd6dd, 0x8,
        0xd6de, 0x8, 0xd6df, 0x8, 0xd6e0, 0x4, 0xd6e1, 0x8, 0xd6e2, 0x8, 0xd6e3, 0x8,
        0xd6e4, 0x8, 0xd6e5, 0x8, 0xd6e6, 0x8, 0xd6e7, 0x8, 0xd6e8, 0x8, 0xd6e9, 0x8,
        0xd6ea, 0x8, 0xd6eb, 0x8, 0xd6ec, 0x8, 0xd6ed, 0x8, 0xd6ee, 0x8, 0xd6ef, 0x8,
        0xd6f0, 0x8, 0xd6f1, 0x8, 0xd6f2, 0x8, 0xd6f3, 0x8, 0xd6f4, 0x8, 0xd6f5, 0x8,
        0xd6f6, 0x8, 0xd6f7, 0x8, 0xd6f8, 0x8, 0xd6f9, 0x8, 0xd6fa, 0x8, 0xd6fb, 0x8,
        0xd6fc, 0x4, 0xd6fd, 0x8, 0xd6fe, 0x8, 0xd6ff, 0x8, 0xd700, 0x8, 0xd701, 0x8,
        0xd702, 0x8, 0xd703, 0x8, 0xd704, 0x8, 0xd705, 0x8, 0xd706, 0x8, 0xd707, 0x8,
        0xd708, 0x8, 0xd709, 0x8, 0xd70a, 0x8, 0xd70b, 0x8, 0xd70c, 0x8, 0xd70d, 0x8,
        0xd70e, 0x8, 0xd70f, 0x8, 0xd710, 0x8, 0xd711, 0x8, 0xd712, 0x8, 0xd713, 0x8,
        0xd714, 0x8, 0xd715, 0x8, 0xd716, 0x8, 0xd717, 0x8, 0xd718, 0x4, 0xd719, 0x8,
        0xd71a, 0x8, 0xd71b, 0x8, 0xd71c, 0x8, 0xd71d, 0x8, 0xd71e, 0x8, 0xd71f, 0x8,
        0xd720, 0x8, 0xd721, 0x8, 0xd722, 0x8, 0xd723, 0x8, 0xd724, 0x8, 0xd725, 0x8,
        0xd726, 0x8, 0xd727, 0x8, 0xd728, 0x8, 0xd729, 0x8, 0xd72a, 0x8, 0xd72b, 0x8,
        0xd72c, 0x8, 0xd72d, 0x8, 0xd72e, 0x8, 0xd72f, 0x8, 0xd730, 0x8, 0xd731, 0x8,
        0xd732, 0x8, 0xd733, 0x8, 0xd734, 0x4, 0xd735, 0x8, 0xd736, 0x8, 0xd737, 0x8,
        0xd738, 0x8, 0xd739, 0x8, 0xd73a, 0x8, 0xd73b, 0x8, 0xd73c, 0x8, 0xd73d, 0x8,
        0xd73e, 0x8, 0xd73f, 0x8, 0xd740, 0x8, 0xd741, 0x8, 0xd742, 0x8, 0xd743, 0x8,
        0xd744, 0x8, 0xd745, 0x8, 0xd746, 0x8, 0xd747, 0x8, 0xd748, 0x8, 0xd749, 0x8,
        0xd74a, 0x8, 0xd74b, 0x8, 0xd74c, 0x8, 0xd74d, 0x8, 0xd74e, 0x8, 0xd74f, 0x8,
        0xd750, 0x4, 0xd751, 0x8, 0xd752, 0x8, 0xd753, 0x8, 0xd754, 0x8, 0xd755, 0x8,
        0xd756, 0x8, 0xd757, 0x8, 0xd758, 0x8, 0xd759, 0x8, 0xd75a, 0x8, 0xd75b, 0x8,
        0xd75c, 0x8, 0xd75d, 0x8, 0xd75e, 0x8, 0xd75f, 0x8, 0xd760, 0x8, 0xd761, 0x8,
        0xd762, 0x8, 0xd763, 0x8, 0xd764, 0x8, 0xd765, 0x8, 0xd766, 0x8, 0xd767, 0x8,
        0xd768, 0x8, 0xd769, 0x8, 0xd76a, 0x8, 0xd76b, 0x8, 0xd76c, 0x4, 0xd76d, 0x8,
        0xd76e, 0x8, 0xd76f, 0x8, 0xd770, 0x8, 0xd771, 0x8, 0xd772, 0x8, 0xd773, 0x8,
        0xd774, 0x8, 0xd775, 0x8, 0xd776, 0x8, 0xd777, 0x8, 0xd778, 0x8, 0xd779, 0x8,
        0xd77a, 0x8, 0xd77b, 0x8, 0xd77c, 0x8, 0xd77d, 0x8, 0xd77e, 0x8, 0xd77f, 0x8,
        0xd780, 0x8, 0xd781, 0x8, 0xd782, 0x8, 0xd783, 0x8, 0xd784, 0x8, 0xd785, 0x8,
        0xd786, 0x8, 0xd787, 0x8, 0xd788, 0x4, 0xd789, 0x8, 0xd78a, 0x8, 0xd78b, 0x8,
        0xd78c, 0x8, 0xd78d, 0x8, 0xd78e, 0x8, 0xd78f, 0x8, 0xd790, 0x8, 0xd791, 0x8,
        0xd792, 0x8, 0xd793, 0x8, 0xd794, 0x8, 0xd795, 0x8, 0xd796, 0x8, 0xd797, 0x8,
        0xd798, 0x8, 0xd799, 0x8, 0xd79a, 0x8, 0xd79b, 0x8, 0xd79c, 0x8, 0xd79d, 0x8,
        0xd79e, 0x8, 0xd79f, 0x8, 0xd7a0, 0x8, 0xd7a1, 0x8, 0xd7a2, 0x8, 0xd7a3, 0x8,
        0xfb1d, 0x4, 0xfb1e, 0x5, 0xfb1f, 0x4, 0xfb2a, 0x4, 0xfb2b, 0x4, 0xfb2c, 0x8,
        0xfb2d, 0x8, 0xfb2e, 0x4, 0xfb2f, 0x4, 0xfb30, 0x4, 0xfb31, 0x4, 0xfb32, 0x4,
        0xfb33, 0x4, 0xfb34, 0x4, 0xfb35, 0x4, 0xfb36, 0x4, 0xfb38, 0x4, 0xfb39, 0x4,
        0xfb3a, 0x4, 0xfb3b, 0x4, 0xfb3c, 0x4, 0xfb3e, 0x4, 0xfb40, 0x4, 0xfb41, 0x4,
        0xfb43, 0x4, 0xfb44, 0x4, 0xfb46, 0x4, 0xfb47, 0x4, 0xfb48, 0x4, 0xfb49, 0x4,
        0xfb4a, 0x4, 0xfb4b, 0x4, 0xfb4c, 0x4, 0xfb4d, 0x4, 0xfb4e, 0x4, 0xfba4, 0x4,
        0xfba5, 0x4, 0xfbb0, 0x4, 0xfbb1, 0x4, 0xfc5b, 0x4, 0xfc5c, 0x4, 0xfc5d, 0x4,
        0xfc5e, 0x8, 0xfc5f, 0x8, 0xfc60, 0x8, 0xfc61, 0x8, 0xfc62, 0x8, 0xfc63, 0x8,
        0xfc90, 0x4, 0xfcd9, 0x4, 0xfcf2, 0x8, 0xfcf3, 0x8, 0xfcf4, 0x8, 0xfd3c, 0x4,
        0xfd3d, 0x4, 0xfe20, 0x5, 0xfe21, 0x5, 0xfe22, 0x5, 0xfe23, 0x5, 0xfe24, 0x5,
        0xfe25, 0x5, 0xfe26, 0x5, 0xfe27, 0x5, 0xfe28, 0x5, 0xfe29, 0x5, 0xfe2a, 0x5,
        0xfe2b, 0x5, 0xfe2c, 0x5, 0xfe2d, 0x5, 0xfe2e, 0x5, 0xfe2f, 0x5, 0xfe49, 0x4,
        0xfe4a, 0x4, 0xfe4b, 0x4, 0xfe4c, 0x4, 0xfe70, 0x4, 0xfe71, 0x4, 0xfe72, 0x4,
        0xfe74, 0x4, 0xfe76, 0x4, 0xfe77, 0x4, 0xfe78, 0x4, 0xfe79, 0x4, 0xfe7a, 0x4,
        0xfe7b, 0x4, 0xfe7c, 0x4, 0xfe7d, 0x4, 0xfe7e, 0x4, 0xfe7f, 0x4, 0xfe81, 0x4,
        0xfe82, 0x4, 0xfe83, 0x4, 0xfe84, 0x4, 0xfe85, 0x4, 0xfe86, 0x4, 0xfe87, 0x4,
        0xfe88, 0x4, 0xfe89, 0x4, 0xfe8a, 0x4, 0xfe8b, 0x4, 0xfe8c, 0x4, 0xfef5, 0x4,
        0xfef6, 0x4, 0xfef7, 0x4, 0xfef8, 0x4, 0xfef9, 0x4, 0xfefa, 0x4, 0xff9e, 0x5,
        0xff9f, 0x5, 0xffa3, 0x5, 0xffa5, 0x5, 0xffa6, 0x5, 0xffaa, 0x5, 0xffab, 0x5,
        0xffac, 0x5, 0xffad, 0x5, 0xffae, 0x5, 0xffaf, 0x5, 0xffc2, 0x5, 0xffc3, 0x5,
        0xffc4, 0x5, 0xffc5, 0x5, 0xffc6, 0x5, 0xffc7, 0x5, 0xffca, 0x5, 0xffcb, 0x5,
        0xffcc, 0x5, 0xffcd, 0x5, 0xffce, 0x5, 0xffcf, 0x5, 0xffd2, 0x5, 0xffd3, 0x5,
        0xffd4, 0x5, 0xffd5, 0x5, 0xffd6, 0x5, 0xffd7, 0x5, 0xffda, 0x5, 0xffdb, 0x5,
        0xffdc, 0x5, 0xffe3, 0x4, 0x101fd, 0x5, 0x102e0, 0x5, 0x10376, 0x5, 0x10377, 0x5,
        0x10378, 0x5, 0x10379, 0x5, 0x1037a, 0x5, 0x105c9, 0x4, 0x105e4, 0x4, 0x10a0d, 0x5,
        0x10a0f, 0x5, 0x10a38, 0x5, 0x10a39, 0x5, 0x10a3a, 0x5, 0x10a3f, 0x5, 0x10ae5, 0x5,
        0x10ae6, 0x5, 0x10d24, 0x5, 0x10d25, 0x5, 0x10d26, 0x5, 0x10d27, 0x5, 0x10d69, 0x5,
        0x10d6a, 0x5, 0x10d6b, 0x5, 0x10d6c, 0x5, 0x10d6d, 0x5, 0x10eab, 0x5, 0x10eac, 0x5,
        0x10efa, 0x5, 0x10efb, 0x5, 0x10efd, 0x5, 0x10efe, 0x5, 0x10eff, 0x5, 0x10f46, 0x5,
        0x10f47, 0x5, 0x10f48, 0x5, 0x10f49, 0x5, 0x10f4a, 0x5, 0x10f4b, 0x5, 0x10f4c, 0x5,
        0x10f4d, 0x5, 0x10f4e, 0x5, 0x10f4f, 0x5, 0x10f50, 0x5, 0x10f82, 0x5, 0x10f83, 0x5,
        0x10f84, 0x5, 0x10f85, 0x5, 0x11046, 0x5, 0x11070, 0x5, 0x1107f, 0x5, 0x1109a, 0x4,
        0x1109c, 0x4, 0x110ab, 0x4, 0x110b9, 0x5, 0x110ba, 0x5, 0x11100, 0x5, 0x11101, 0x5,
        0x11102, 0x5, 0x11127, 0x5, 0x1112e, 0x4, 0x1112f, 0x4, 0x11133, 0x5, 0x11134, 0x5,
        0x11173, 0x5, 0x111c0, 0x5, 0x111ca, 0x5, 0x11235, 0x5, 0x11236, 0x5, 0x112e9, 0x5,
        0x112ea, 0x5, 0x1133b, 0x5, 0x1133c, 0x5, 0x1133e, 0x5, 0x1134b, 0x4, 0x1134c, 0x4,
        0x1134d, 0x5, 0x11357, 0x5, 0x11366, 0x5, 0x11367, 0x5, 0x11368, 0x5, 0x11369, 0x5,
        0x1136a, 0x5, 0x1136b, 0x5, 0x1136c, 0x5, 0x11370, 0x5, 0x11371, 0x5, 0x11372, 0x5,
        0x11373, 0x5, 0x11374, 0x5, 0x11383, 0x4, 0x11385, 0x4, 0x1138e, 0x4, 0x11391, 0x4,
        0x113b8, 0x5, 0x113bb, 0x5, 0x113c2, 0x5, 0x113c5, 0xa, 0x113c7, 0xa, 0x113c8, 0xa,
        0x113c9, 0x5, 0x113ce, 0x5, 0x113cf, 0x5, 0x113d0, 0x5, 0x11442, 0x5, 0x11446, 0x5,
        0x1145e, 0x5, 0x114b0, 0x5, 0x114ba, 0x5, 0x114bb, 0x4, 0x114bc, 0x4, 0x114bd, 0x5,
        0x114be, 0x4, 0x114c2, 0x5, 0x114c3, 0x5, 0x115af, 0x5, 0x115ba, 0x4, 0x115bb, 0x4,
        0x115bf, 0x5, 0x115c0, 0x5, 0x1163f, 0x5, 0x116b6, 0x5, 0x116b7, 0x5, 0x1172b, 0x5,
        0x11839, 0x5, 0x1183a, 0x5, 0x11930, 0x5, 0x11938, 0x4, 0x1193d, 0x5, 0x1193e, 0x5,
        0x11943, 0x5, 0x119e0, 0x5, 0x11a34, 0x5, 0x11a47, 0x5, 0x11a99, 0x5, 0x11c3f, 0x5,
        0x11d42, 0x5, 0x11d44, 0x5, 0x11d45, 0x5, 0x11d97, 0x5, 0x11f41, 0x5, 0x11f42, 0x5,
        0x1611e, 0x5, 0x1611f, 0x5, 0x16120, 0x5, 0x16121, 0xa, 0x16122, 0xa, 0x16123, 0xa,
        0x16124, 0xa, 0x16125, 0xa, 0x16126, 0xf, 0x16127, 0xf, 0x16128, 0xf, 0x16129, 0x5,
        0x1612f, 0x5, 0x16af0, 0x5, 0x16af1, 0x5, 0x16af2, 0x5, 0x16af3, 0x5, 0x16af4, 0x5,
        0x16b30, 0x5, 0x16b31, 0x5, 0x16b32, 0x5, 0x16b33, 0x5, 0x16b34, 0x5, 0x16b35, 0x5,
        0x16b36, 0x5, 0x16d67, 0x5, 0x16d68, 0xa, 0x16d69, 0x4, 0x16d6a, 0x8, 0x16ff0, 0x5,
        0x16ff1, 0x5, 0x1bc9e, 0x5, 0x1d15e, 0x4, 0x1d15f, 0x4, 0x1d160, 0x8, 0x1d161, 0x8,
        0x1d162, 0x8, 0x1d163, 0x8, 0x1d164, 0x8, 0x1d165, 0x5, 0x1d166, 0x5, 0x1d167, 0x5,
        0x1d168, 0x5, 0x1d169, 0x5, 0x1d16d, 0x5, 0x1d16e, 0x5, 0x1d16f, 0x5, 0x1d170, 0x5,
        0x1d171, 0x5, 0x1d172, 0x5, 0x1d17b, 0x5, 0x1d17c, 0x5, 0x1d17d, 0x5, 0x1d17e, 0x5,
        0x1d17f, 0x5, 0x1d180, 0x5, 0x1d181, 0x5, 0x1d182, 0x5, 0x1d185, 0x5, 0x1d186, 0x5,
        0x1d187, 0x5, 0x1d188, 0x5, 0x1d189, 0x5, 0x1d18a, 0x5, 0x1d18b, 0x5, 0x1d1aa, 0x5,
        0x1d1ab, 0x5, 0x1d1ac, 0x5, 0x1d1ad, 0x5, 0x1d1bb, 0x4, 0x1d1bc, 0x4, 0x1d1bd, 0x8,
        0x1d1be, 0x8, 0x1d1bf, 0x8, 0x1d1c0, 0x8, 0x1d242, 0x5, 0x1d243, 0x5, 0x1d244, 0x5,
        0x1e000, 0x5, 0x1e001, 0x5, 0x1e002, 0x5, 0x1e003, 0x5, 0x1e004, 0x5, 0x1e005, 0x5,
        0x1e006, 0x5, 0x1e008, 0x5, 0x1e009, 0x5, 0x1e00a, 0x5, 0x1e00b, 0x5, 0x1e00c, 0x5,
        0x1e00d, 0x5, 0x1e00e, 0x5, 0x1e00f, 0x5, 0x1e010, 0x5, 0x1e011, 0x5, 0x1e012, 0x5,
        0x1e013, 0x5, 0x1e014, 0x5, 0x1e015, 0x5, 0x1e016, 0x5, 0x1e017, 0x5, 0x1e018, 0x5,
        0x1e01b, 0x5, 0x1e01c, 0x5, 0x1e01d, 0x5, 0x1e01e, 0x5, 0x1e01f, 0x5, 0x1e020, 0x5,
        0x1e021, 0x5, 0x1e023, 0x5, 0x1e024, 0x5, 0x1e026, 0x5, 0x1e027, 0x5, 0x1e028, 0x5,
        0x1e029, 0x5, 0x1e02a, 0x5, 0x1e08f, 0x5, 0x1e130, 0x5, 0x1e131, 0x5, 0x1e132, 0x5,
        0x1e133, 0x5, 0x1e134, 0x5, 0x1e135, 0x5, 0x1e136, 0x5, 0x1e2ae, 0x5, 0x1e2ec, 0x5,
        0x1e2ed, 0x5, 0x1e2ee, 0x5, 0x1e2ef, 0x5, 0x1e4ec, 0x5, 0x1e4ed, 0x5, 0x1e4ee, 0x5,
        0x1e4ef, 0x5, 0x1e5ee, 0x5, 0x1e5ef, 0x5, 0x1e6e3, 0x5, 0x1e6e6, 0x5, 0x1e6ee, 0x5,
        0x1e6ef, 0x5, 0x1e6f5, 0x5, 0x1e8d0, 0x5, 0x1e8d1, 0x5, 0x1e8d2, 0x5, 0x1e8d3, 0x5,
        0x1e8d4, 0x5, 0x1e8d5, 0x5, 0x1e8d6, 0x5, 0x1e944, 0x5, 0x1e945, 0x5, 0x1e946, 0x5,
        0x1e947, 0x5, 0x1e948, 0x5, 0x1e949, 0x5, 0x1e94a, 0x5, 0x1f213, 0x4,
    ];
    private static ReadOnlySpan<int> NonspacingMarkRanges =>
    [
        0x300, 0x36f, 0x483, 0x487, 0x591, 0x5bd, 0x5bf, 0x5bf, 0x5c1, 0x5c2, 0x5c4, 0x5c5,
        0x5c7, 0x5c7, 0x610, 0x61a, 0x64b, 0x65f, 0x670, 0x670, 0x6d6, 0x6dc, 0x6df, 0x6e4,
        0x6e7, 0x6e8, 0x6ea, 0x6ed, 0x711, 0x711, 0x730, 0x74a, 0x7a6, 0x7b0, 0x7eb, 0x7f3,
        0x7fd, 0x7fd, 0x816, 0x819, 0x81b, 0x823, 0x825, 0x827, 0x829, 0x82d, 0x859, 0x85b,
        0x897, 0x89f, 0x8ca, 0x8e1, 0x8e3, 0x902, 0x93a, 0x93a, 0x93c, 0x93c, 0x941, 0x948,
        0x94d, 0x94d, 0x951, 0x957, 0x962, 0x963, 0x981, 0x981, 0x9bc, 0x9bc, 0x9c1, 0x9c4,
        0x9cd, 0x9cd, 0x9e2, 0x9e3, 0x9fe, 0x9fe, 0xa01, 0xa02, 0xa3c, 0xa3c, 0xa41, 0xa42,
        0xa47, 0xa48, 0xa4b, 0xa4d, 0xa51, 0xa51, 0xa70, 0xa71, 0xa75, 0xa75, 0xa81, 0xa82,
        0xabc, 0xabc, 0xac1, 0xac5, 0xac7, 0xac8, 0xacd, 0xacd, 0xae2, 0xae3, 0xafa, 0xaff,
        0xb01, 0xb01, 0xb3c, 0xb3c, 0xb3f, 0xb3f, 0xb41, 0xb44, 0xb4d, 0xb4d, 0xb55, 0xb56,
        0xb62, 0xb63, 0xb82, 0xb82, 0xbc0, 0xbc0, 0xbcd, 0xbcd, 0xc00, 0xc00, 0xc04, 0xc04,
        0xc3c, 0xc3c, 0xc3e, 0xc40, 0xc46, 0xc48, 0xc4a, 0xc4d, 0xc55, 0xc56, 0xc62, 0xc63,
        0xc81, 0xc81, 0xcbc, 0xcbc, 0xcbf, 0xcbf, 0xcc6, 0xcc6, 0xccc, 0xccd, 0xce2, 0xce3,
        0xd00, 0xd01, 0xd3b, 0xd3c, 0xd41, 0xd44, 0xd4d, 0xd4d, 0xd62, 0xd63, 0xd81, 0xd81,
        0xdca, 0xdca, 0xdd2, 0xdd4, 0xdd6, 0xdd6, 0xe31, 0xe31, 0xe34, 0xe3a, 0xe47, 0xe4e,
        0xeb1, 0xeb1, 0xeb4, 0xebc, 0xec8, 0xece, 0xf18, 0xf19, 0xf35, 0xf35, 0xf37, 0xf37,
        0xf39, 0xf39, 0xf71, 0xf7e, 0xf80, 0xf84, 0xf86, 0xf87, 0xf8d, 0xf97, 0xf99, 0xfbc,
        0xfc6, 0xfc6, 0x102d, 0x1030, 0x1032, 0x1037, 0x1039, 0x103a, 0x103d, 0x103e, 0x1058, 0x1059,
        0x105e, 0x1060, 0x1071, 0x1074, 0x1082, 0x1082, 0x1085, 0x1086, 0x108d, 0x108d, 0x109d, 0x109d,
        0x135d, 0x135f, 0x1712, 0x1714, 0x1732, 0x1733, 0x1752, 0x1753, 0x1772, 0x1773, 0x17b4, 0x17b5,
        0x17b7, 0x17bd, 0x17c6, 0x17c6, 0x17c9, 0x17d3, 0x17dd, 0x17dd, 0x180b, 0x180d, 0x180f, 0x180f,
        0x1885, 0x1886, 0x18a9, 0x18a9, 0x1920, 0x1922, 0x1927, 0x1928, 0x1932, 0x1932, 0x1939, 0x193b,
        0x1a17, 0x1a18, 0x1a1b, 0x1a1b, 0x1a56, 0x1a56, 0x1a58, 0x1a5e, 0x1a60, 0x1a60, 0x1a62, 0x1a62,
        0x1a65, 0x1a6c, 0x1a73, 0x1a7c, 0x1a7f, 0x1a7f, 0x1ab0, 0x1abd, 0x1abf, 0x1add, 0x1ae0, 0x1aeb,
        0x1b00, 0x1b03, 0x1b34, 0x1b34, 0x1b36, 0x1b3a, 0x1b3c, 0x1b3c, 0x1b42, 0x1b42, 0x1b6b, 0x1b73,
        0x1b80, 0x1b81, 0x1ba2, 0x1ba5, 0x1ba8, 0x1ba9, 0x1bab, 0x1bad, 0x1be6, 0x1be6, 0x1be8, 0x1be9,
        0x1bed, 0x1bed, 0x1bef, 0x1bf1, 0x1c2c, 0x1c33, 0x1c36, 0x1c37, 0x1cd0, 0x1cd2, 0x1cd4, 0x1ce0,
        0x1ce2, 0x1ce8, 0x1ced, 0x1ced, 0x1cf4, 0x1cf4, 0x1cf8, 0x1cf9, 0x1dc0, 0x1dff, 0x20d0, 0x20dc,
        0x20e1, 0x20e1, 0x20e5, 0x20f0, 0x2cef, 0x2cf1, 0x2d7f, 0x2d7f, 0x2de0, 0x2dff, 0x302a, 0x302d,
        0x3099, 0x309a, 0xa66f, 0xa66f, 0xa674, 0xa67d, 0xa69e, 0xa69f, 0xa6f0, 0xa6f1, 0xa802, 0xa802,
        0xa806, 0xa806, 0xa80b, 0xa80b, 0xa825, 0xa826, 0xa82c, 0xa82c, 0xa8c4, 0xa8c5, 0xa8e0, 0xa8f1,
        0xa8ff, 0xa8ff, 0xa926, 0xa92d, 0xa947, 0xa951, 0xa980, 0xa982, 0xa9b3, 0xa9b3, 0xa9b6, 0xa9b9,
        0xa9bc, 0xa9bd, 0xa9e5, 0xa9e5, 0xaa29, 0xaa2e, 0xaa31, 0xaa32, 0xaa35, 0xaa36, 0xaa43, 0xaa43,
        0xaa4c, 0xaa4c, 0xaa7c, 0xaa7c, 0xaab0, 0xaab0, 0xaab2, 0xaab4, 0xaab7, 0xaab8, 0xaabe, 0xaabf,
        0xaac1, 0xaac1, 0xaaec, 0xaaed, 0xaaf6, 0xaaf6, 0xabe5, 0xabe5, 0xabe8, 0xabe8, 0xabed, 0xabed,
        0xfb1e, 0xfb1e, 0xfe00, 0xfe0f, 0xfe20, 0xfe2f, 0x101fd, 0x101fd, 0x102e0, 0x102e0, 0x10376, 0x1037a,
        0x10a01, 0x10a03, 0x10a05, 0x10a06, 0x10a0c, 0x10a0f, 0x10a38, 0x10a3a, 0x10a3f, 0x10a3f, 0x10ae5, 0x10ae6,
        0x10d24, 0x10d27, 0x10d69, 0x10d6d, 0x10eab, 0x10eac, 0x10efa, 0x10eff, 0x10f46, 0x10f50, 0x10f82, 0x10f85,
        0x11001, 0x11001, 0x11038, 0x11046, 0x11070, 0x11070, 0x11073, 0x11074, 0x1107f, 0x11081, 0x110b3, 0x110b6,
        0x110b9, 0x110ba, 0x110c2, 0x110c2, 0x11100, 0x11102, 0x11127, 0x1112b, 0x1112d, 0x11134, 0x11173, 0x11173,
        0x11180, 0x11181, 0x111b6, 0x111be, 0x111c9, 0x111cc, 0x111cf, 0x111cf, 0x1122f, 0x11231, 0x11234, 0x11234,
        0x11236, 0x11237, 0x1123e, 0x1123e, 0x11241, 0x11241, 0x112df, 0x112df, 0x112e3, 0x112ea, 0x11300, 0x11301,
        0x1133b, 0x1133c, 0x11340, 0x11340, 0x11366, 0x1136c, 0x11370, 0x11374, 0x113bb, 0x113c0, 0x113ce, 0x113ce,
        0x113d0, 0x113d0, 0x113d2, 0x113d2, 0x113e1, 0x113e2, 0x11438, 0x1143f, 0x11442, 0x11444, 0x11446, 0x11446,
        0x1145e, 0x1145e, 0x114b3, 0x114b8, 0x114ba, 0x114ba, 0x114bf, 0x114c0, 0x114c2, 0x114c3, 0x115b2, 0x115b5,
        0x115bc, 0x115bd, 0x115bf, 0x115c0, 0x115dc, 0x115dd, 0x11633, 0x1163a, 0x1163d, 0x1163d, 0x1163f, 0x11640,
        0x116ab, 0x116ab, 0x116ad, 0x116ad, 0x116b0, 0x116b5, 0x116b7, 0x116b7, 0x1171d, 0x1171d, 0x1171f, 0x1171f,
        0x11722, 0x11725, 0x11727, 0x1172b, 0x1182f, 0x11837, 0x11839, 0x1183a, 0x1193b, 0x1193c, 0x1193e, 0x1193e,
        0x11943, 0x11943, 0x119d4, 0x119d7, 0x119da, 0x119db, 0x119e0, 0x119e0, 0x11a01, 0x11a0a, 0x11a33, 0x11a38,
        0x11a3b, 0x11a3e, 0x11a47, 0x11a47, 0x11a51, 0x11a56, 0x11a59, 0x11a5b, 0x11a8a, 0x11a96, 0x11a98, 0x11a99,
        0x11b60, 0x11b60, 0x11b62, 0x11b64, 0x11b66, 0x11b66, 0x11c30, 0x11c36, 0x11c38, 0x11c3d, 0x11c3f, 0x11c3f,
        0x11c92, 0x11ca7, 0x11caa, 0x11cb0, 0x11cb2, 0x11cb3, 0x11cb5, 0x11cb6, 0x11d31, 0x11d36, 0x11d3a, 0x11d3a,
        0x11d3c, 0x11d3d, 0x11d3f, 0x11d45, 0x11d47, 0x11d47, 0x11d90, 0x11d91, 0x11d95, 0x11d95, 0x11d97, 0x11d97,
        0x11ef3, 0x11ef4, 0x11f00, 0x11f01, 0x11f36, 0x11f3a, 0x11f40, 0x11f40, 0x11f42, 0x11f42, 0x11f5a, 0x11f5a,
        0x13440, 0x13440, 0x13447, 0x13455, 0x1611e, 0x16129, 0x1612d, 0x1612f, 0x16af0, 0x16af4, 0x16b30, 0x16b36,
        0x16f4f, 0x16f4f, 0x16f8f, 0x16f92, 0x16fe4, 0x16fe4, 0x1bc9d, 0x1bc9e, 0x1cf00, 0x1cf2d, 0x1cf30, 0x1cf46,
        0x1d167, 0x1d169, 0x1d17b, 0x1d182, 0x1d185, 0x1d18b, 0x1d1aa, 0x1d1ad, 0x1d242, 0x1d244, 0x1da00, 0x1da36,
        0x1da3b, 0x1da6c, 0x1da75, 0x1da75, 0x1da84, 0x1da84, 0x1da9b, 0x1da9f, 0x1daa1, 0x1daaf, 0x1e000, 0x1e006,
        0x1e008, 0x1e018, 0x1e01b, 0x1e021, 0x1e023, 0x1e024, 0x1e026, 0x1e02a, 0x1e08f, 0x1e08f, 0x1e130, 0x1e136,
        0x1e2ae, 0x1e2ae, 0x1e2ec, 0x1e2ef, 0x1e4ec, 0x1e4ef, 0x1e5ee, 0x1e5ef, 0x1e6e3, 0x1e6e3, 0x1e6e6, 0x1e6e6,
        0x1e6ee, 0x1e6ef, 0x1e6f5, 0x1e6f5, 0x1e8d0, 0x1e8d6, 0x1e944, 0x1e94a, 0xe0100, 0xe01ef,
    ];
    private static ReadOnlySpan<int> UpperCaseRanges =>
    [
        0x41, 0x5a, 0xc0, 0xd6, 0xd8, 0xde, 0x100, 0x100, 0x102, 0x102, 0x104, 0x104,
        0x106, 0x106, 0x108, 0x108, 0x10a, 0x10a, 0x10c, 0x10c, 0x10e, 0x10e, 0x110, 0x110,
        0x112, 0x112, 0x114, 0x114, 0x116, 0x116, 0x118, 0x118, 0x11a, 0x11a, 0x11c, 0x11c,
        0x11e, 0x11e, 0x120, 0x120, 0x122, 0x122, 0x124, 0x124, 0x126, 0x126, 0x128, 0x128,
        0x12a, 0x12a, 0x12c, 0x12c, 0x12e, 0x12e, 0x130, 0x130, 0x132, 0x132, 0x134, 0x134,
        0x136, 0x136, 0x139, 0x139, 0x13b, 0x13b, 0x13d, 0x13d, 0x13f, 0x13f, 0x141, 0x141,
        0x143, 0x143, 0x145, 0x145, 0x147, 0x147, 0x14a, 0x14a, 0x14c, 0x14c, 0x14e, 0x14e,
        0x150, 0x150, 0x152, 0x152, 0x154, 0x154, 0x156, 0x156, 0x158, 0x158, 0x15a, 0x15a,
        0x15c, 0x15c, 0x15e, 0x15e, 0x160, 0x160, 0x162, 0x162, 0x164, 0x164, 0x166, 0x166,
        0x168, 0x168, 0x16a, 0x16a, 0x16c, 0x16c, 0x16e, 0x16e, 0x170, 0x170, 0x172, 0x172,
        0x174, 0x174, 0x176, 0x176, 0x178, 0x179, 0x17b, 0x17b, 0x17d, 0x17d, 0x181, 0x182,
        0x184, 0x184, 0x186, 0x187, 0x189, 0x18b, 0x18e, 0x191, 0x193, 0x194, 0x196, 0x198,
        0x19c, 0x19d, 0x19f, 0x1a0, 0x1a2, 0x1a2, 0x1a4, 0x1a4, 0x1a6, 0x1a7, 0x1a9, 0x1a9,
        0x1ac, 0x1ac, 0x1ae, 0x1af, 0x1b1, 0x1b3, 0x1b5, 0x1b5, 0x1b7, 0x1b8, 0x1bc, 0x1bc,
        0x1c4, 0x1c4, 0x1c7, 0x1c7, 0x1ca, 0x1ca, 0x1cd, 0x1cd, 0x1cf, 0x1cf, 0x1d1, 0x1d1,
        0x1d3, 0x1d3, 0x1d5, 0x1d5, 0x1d7, 0x1d7, 0x1d9, 0x1d9, 0x1db, 0x1db, 0x1de, 0x1de,
        0x1e0, 0x1e0, 0x1e2, 0x1e2, 0x1e4, 0x1e4, 0x1e6, 0x1e6, 0x1e8, 0x1e8, 0x1ea, 0x1ea,
        0x1ec, 0x1ec, 0x1ee, 0x1ee, 0x1f1, 0x1f1, 0x1f4, 0x1f4, 0x1f6, 0x1f8, 0x1fa, 0x1fa,
        0x1fc, 0x1fc, 0x1fe, 0x1fe, 0x200, 0x200, 0x202, 0x202, 0x204, 0x204, 0x206, 0x206,
        0x208, 0x208, 0x20a, 0x20a, 0x20c, 0x20c, 0x20e, 0x20e, 0x210, 0x210, 0x212, 0x212,
        0x214, 0x214, 0x216, 0x216, 0x218, 0x218, 0x21a, 0x21a, 0x21c, 0x21c, 0x21e, 0x21e,
        0x220, 0x220, 0x222, 0x222, 0x224, 0x224, 0x226, 0x226, 0x228, 0x228, 0x22a, 0x22a,
        0x22c, 0x22c, 0x22e, 0x22e, 0x230, 0x230, 0x232, 0x232, 0x23a, 0x23b, 0x23d, 0x23e,
        0x241, 0x241, 0x243, 0x246, 0x248, 0x248, 0x24a, 0x24a, 0x24c, 0x24c, 0x24e, 0x24e,
        0x370, 0x370, 0x372, 0x372, 0x376, 0x376, 0x37f, 0x37f, 0x386, 0x386, 0x388, 0x38a,
        0x38c, 0x38c, 0x38e, 0x38f, 0x391, 0x3a1, 0x3a3, 0x3ab, 0x3cf, 0x3cf, 0x3d2, 0x3d4,
        0x3d8, 0x3d8, 0x3da, 0x3da, 0x3dc, 0x3dc, 0x3de, 0x3de, 0x3e0, 0x3e0, 0x3e2, 0x3e2,
        0x3e4, 0x3e4, 0x3e6, 0x3e6, 0x3e8, 0x3e8, 0x3ea, 0x3ea, 0x3ec, 0x3ec, 0x3ee, 0x3ee,
        0x3f4, 0x3f4, 0x3f7, 0x3f7, 0x3f9, 0x3fa, 0x3fd, 0x42f, 0x460, 0x460, 0x462, 0x462,
        0x464, 0x464, 0x466, 0x466, 0x468, 0x468, 0x46a, 0x46a, 0x46c, 0x46c, 0x46e, 0x46e,
        0x470, 0x470, 0x472, 0x472, 0x474, 0x474, 0x476, 0x476, 0x478, 0x478, 0x47a, 0x47a,
        0x47c, 0x47c, 0x47e, 0x47e, 0x480, 0x480, 0x48a, 0x48a, 0x48c, 0x48c, 0x48e, 0x48e,
        0x490, 0x490, 0x492, 0x492, 0x494, 0x494, 0x496, 0x496, 0x498, 0x498, 0x49a, 0x49a,
        0x49c, 0x49c, 0x49e, 0x49e, 0x4a0, 0x4a0, 0x4a2, 0x4a2, 0x4a4, 0x4a4, 0x4a6, 0x4a6,
        0x4a8, 0x4a8, 0x4aa, 0x4aa, 0x4ac, 0x4ac, 0x4ae, 0x4ae, 0x4b0, 0x4b0, 0x4b2, 0x4b2,
        0x4b4, 0x4b4, 0x4b6, 0x4b6, 0x4b8, 0x4b8, 0x4ba, 0x4ba, 0x4bc, 0x4bc, 0x4be, 0x4be,
        0x4c0, 0x4c1, 0x4c3, 0x4c3, 0x4c5, 0x4c5, 0x4c7, 0x4c7, 0x4c9, 0x4c9, 0x4cb, 0x4cb,
        0x4cd, 0x4cd, 0x4d0, 0x4d0, 0x4d2, 0x4d2, 0x4d4, 0x4d4, 0x4d6, 0x4d6, 0x4d8, 0x4d8,
        0x4da, 0x4da, 0x4dc, 0x4dc, 0x4de, 0x4de, 0x4e0, 0x4e0, 0x4e2, 0x4e2, 0x4e4, 0x4e4,
        0x4e6, 0x4e6, 0x4e8, 0x4e8, 0x4ea, 0x4ea, 0x4ec, 0x4ec, 0x4ee, 0x4ee, 0x4f0, 0x4f0,
        0x4f2, 0x4f2, 0x4f4, 0x4f4, 0x4f6, 0x4f6, 0x4f8, 0x4f8, 0x4fa, 0x4fa, 0x4fc, 0x4fc,
        0x4fe, 0x4fe, 0x500, 0x500, 0x502, 0x502, 0x504, 0x504, 0x506, 0x506, 0x508, 0x508,
        0x50a, 0x50a, 0x50c, 0x50c, 0x50e, 0x50e, 0x510, 0x510, 0x512, 0x512, 0x514, 0x514,
        0x516, 0x516, 0x518, 0x518, 0x51a, 0x51a, 0x51c, 0x51c, 0x51e, 0x51e, 0x520, 0x520,
        0x522, 0x522, 0x524, 0x524, 0x526, 0x526, 0x528, 0x528, 0x52a, 0x52a, 0x52c, 0x52c,
        0x52e, 0x52e, 0x531, 0x556, 0x10a0, 0x10c5, 0x10c7, 0x10c7, 0x10cd, 0x10cd, 0x13a0, 0x13f5,
        0x1c89, 0x1c89, 0x1c90, 0x1cba, 0x1cbd, 0x1cbf, 0x1e00, 0x1e00, 0x1e02, 0x1e02, 0x1e04, 0x1e04,
        0x1e06, 0x1e06, 0x1e08, 0x1e08, 0x1e0a, 0x1e0a, 0x1e0c, 0x1e0c, 0x1e0e, 0x1e0e, 0x1e10, 0x1e10,
        0x1e12, 0x1e12, 0x1e14, 0x1e14, 0x1e16, 0x1e16, 0x1e18, 0x1e18, 0x1e1a, 0x1e1a, 0x1e1c, 0x1e1c,
        0x1e1e, 0x1e1e, 0x1e20, 0x1e20, 0x1e22, 0x1e22, 0x1e24, 0x1e24, 0x1e26, 0x1e26, 0x1e28, 0x1e28,
        0x1e2a, 0x1e2a, 0x1e2c, 0x1e2c, 0x1e2e, 0x1e2e, 0x1e30, 0x1e30, 0x1e32, 0x1e32, 0x1e34, 0x1e34,
        0x1e36, 0x1e36, 0x1e38, 0x1e38, 0x1e3a, 0x1e3a, 0x1e3c, 0x1e3c, 0x1e3e, 0x1e3e, 0x1e40, 0x1e40,
        0x1e42, 0x1e42, 0x1e44, 0x1e44, 0x1e46, 0x1e46, 0x1e48, 0x1e48, 0x1e4a, 0x1e4a, 0x1e4c, 0x1e4c,
        0x1e4e, 0x1e4e, 0x1e50, 0x1e50, 0x1e52, 0x1e52, 0x1e54, 0x1e54, 0x1e56, 0x1e56, 0x1e58, 0x1e58,
        0x1e5a, 0x1e5a, 0x1e5c, 0x1e5c, 0x1e5e, 0x1e5e, 0x1e60, 0x1e60, 0x1e62, 0x1e62, 0x1e64, 0x1e64,
        0x1e66, 0x1e66, 0x1e68, 0x1e68, 0x1e6a, 0x1e6a, 0x1e6c, 0x1e6c, 0x1e6e, 0x1e6e, 0x1e70, 0x1e70,
        0x1e72, 0x1e72, 0x1e74, 0x1e74, 0x1e76, 0x1e76, 0x1e78, 0x1e78, 0x1e7a, 0x1e7a, 0x1e7c, 0x1e7c,
        0x1e7e, 0x1e7e, 0x1e80, 0x1e80, 0x1e82, 0x1e82, 0x1e84, 0x1e84, 0x1e86, 0x1e86, 0x1e88, 0x1e88,
        0x1e8a, 0x1e8a, 0x1e8c, 0x1e8c, 0x1e8e, 0x1e8e, 0x1e90, 0x1e90, 0x1e92, 0x1e92, 0x1e94, 0x1e94,
        0x1e9e, 0x1e9e, 0x1ea0, 0x1ea0, 0x1ea2, 0x1ea2, 0x1ea4, 0x1ea4, 0x1ea6, 0x1ea6, 0x1ea8, 0x1ea8,
        0x1eaa, 0x1eaa, 0x1eac, 0x1eac, 0x1eae, 0x1eae, 0x1eb0, 0x1eb0, 0x1eb2, 0x1eb2, 0x1eb4, 0x1eb4,
        0x1eb6, 0x1eb6, 0x1eb8, 0x1eb8, 0x1eba, 0x1eba, 0x1ebc, 0x1ebc, 0x1ebe, 0x1ebe, 0x1ec0, 0x1ec0,
        0x1ec2, 0x1ec2, 0x1ec4, 0x1ec4, 0x1ec6, 0x1ec6, 0x1ec8, 0x1ec8, 0x1eca, 0x1eca, 0x1ecc, 0x1ecc,
        0x1ece, 0x1ece, 0x1ed0, 0x1ed0, 0x1ed2, 0x1ed2, 0x1ed4, 0x1ed4, 0x1ed6, 0x1ed6, 0x1ed8, 0x1ed8,
        0x1eda, 0x1eda, 0x1edc, 0x1edc, 0x1ede, 0x1ede, 0x1ee0, 0x1ee0, 0x1ee2, 0x1ee2, 0x1ee4, 0x1ee4,
        0x1ee6, 0x1ee6, 0x1ee8, 0x1ee8, 0x1eea, 0x1eea, 0x1eec, 0x1eec, 0x1eee, 0x1eee, 0x1ef0, 0x1ef0,
        0x1ef2, 0x1ef2, 0x1ef4, 0x1ef4, 0x1ef6, 0x1ef6, 0x1ef8, 0x1ef8, 0x1efa, 0x1efa, 0x1efc, 0x1efc,
        0x1efe, 0x1efe, 0x1f08, 0x1f0f, 0x1f18, 0x1f1d, 0x1f28, 0x1f2f, 0x1f38, 0x1f3f, 0x1f48, 0x1f4d,
        0x1f59, 0x1f59, 0x1f5b, 0x1f5b, 0x1f5d, 0x1f5d, 0x1f5f, 0x1f5f, 0x1f68, 0x1f6f, 0x1fb8, 0x1fbb,
        0x1fc8, 0x1fcb, 0x1fd8, 0x1fdb, 0x1fe8, 0x1fec, 0x1ff8, 0x1ffb, 0x2102, 0x2102, 0x2107, 0x2107,
        0x210b, 0x210d, 0x2110, 0x2112, 0x2115, 0x2115, 0x2119, 0x211d, 0x2124, 0x2124, 0x2126, 0x2126,
        0x2128, 0x2128, 0x212a, 0x212d, 0x2130, 0x2133, 0x213e, 0x213f, 0x2145, 0x2145, 0x2183, 0x2183,
        0x2c00, 0x2c2f, 0x2c60, 0x2c60, 0x2c62, 0x2c64, 0x2c67, 0x2c67, 0x2c69, 0x2c69, 0x2c6b, 0x2c6b,
        0x2c6d, 0x2c70, 0x2c72, 0x2c72, 0x2c75, 0x2c75, 0x2c7e, 0x2c80, 0x2c82, 0x2c82, 0x2c84, 0x2c84,
        0x2c86, 0x2c86, 0x2c88, 0x2c88, 0x2c8a, 0x2c8a, 0x2c8c, 0x2c8c, 0x2c8e, 0x2c8e, 0x2c90, 0x2c90,
        0x2c92, 0x2c92, 0x2c94, 0x2c94, 0x2c96, 0x2c96, 0x2c98, 0x2c98, 0x2c9a, 0x2c9a, 0x2c9c, 0x2c9c,
        0x2c9e, 0x2c9e, 0x2ca0, 0x2ca0, 0x2ca2, 0x2ca2, 0x2ca4, 0x2ca4, 0x2ca6, 0x2ca6, 0x2ca8, 0x2ca8,
        0x2caa, 0x2caa, 0x2cac, 0x2cac, 0x2cae, 0x2cae, 0x2cb0, 0x2cb0, 0x2cb2, 0x2cb2, 0x2cb4, 0x2cb4,
        0x2cb6, 0x2cb6, 0x2cb8, 0x2cb8, 0x2cba, 0x2cba, 0x2cbc, 0x2cbc, 0x2cbe, 0x2cbe, 0x2cc0, 0x2cc0,
        0x2cc2, 0x2cc2, 0x2cc4, 0x2cc4, 0x2cc6, 0x2cc6, 0x2cc8, 0x2cc8, 0x2cca, 0x2cca, 0x2ccc, 0x2ccc,
        0x2cce, 0x2cce, 0x2cd0, 0x2cd0, 0x2cd2, 0x2cd2, 0x2cd4, 0x2cd4, 0x2cd6, 0x2cd6, 0x2cd8, 0x2cd8,
        0x2cda, 0x2cda, 0x2cdc, 0x2cdc, 0x2cde, 0x2cde, 0x2ce0, 0x2ce0, 0x2ce2, 0x2ce2, 0x2ceb, 0x2ceb,
        0x2ced, 0x2ced, 0x2cf2, 0x2cf2, 0xa640, 0xa640, 0xa642, 0xa642, 0xa644, 0xa644, 0xa646, 0xa646,
        0xa648, 0xa648, 0xa64a, 0xa64a, 0xa64c, 0xa64c, 0xa64e, 0xa64e, 0xa650, 0xa650, 0xa652, 0xa652,
        0xa654, 0xa654, 0xa656, 0xa656, 0xa658, 0xa658, 0xa65a, 0xa65a, 0xa65c, 0xa65c, 0xa65e, 0xa65e,
        0xa660, 0xa660, 0xa662, 0xa662, 0xa664, 0xa664, 0xa666, 0xa666, 0xa668, 0xa668, 0xa66a, 0xa66a,
        0xa66c, 0xa66c, 0xa680, 0xa680, 0xa682, 0xa682, 0xa684, 0xa684, 0xa686, 0xa686, 0xa688, 0xa688,
        0xa68a, 0xa68a, 0xa68c, 0xa68c, 0xa68e, 0xa68e, 0xa690, 0xa690, 0xa692, 0xa692, 0xa694, 0xa694,
        0xa696, 0xa696, 0xa698, 0xa698, 0xa69a, 0xa69a, 0xa722, 0xa722, 0xa724, 0xa724, 0xa726, 0xa726,
        0xa728, 0xa728, 0xa72a, 0xa72a, 0xa72c, 0xa72c, 0xa72e, 0xa72e, 0xa732, 0xa732, 0xa734, 0xa734,
        0xa736, 0xa736, 0xa738, 0xa738, 0xa73a, 0xa73a, 0xa73c, 0xa73c, 0xa73e, 0xa73e, 0xa740, 0xa740,
        0xa742, 0xa742, 0xa744, 0xa744, 0xa746, 0xa746, 0xa748, 0xa748, 0xa74a, 0xa74a, 0xa74c, 0xa74c,
        0xa74e, 0xa74e, 0xa750, 0xa750, 0xa752, 0xa752, 0xa754, 0xa754, 0xa756, 0xa756, 0xa758, 0xa758,
        0xa75a, 0xa75a, 0xa75c, 0xa75c, 0xa75e, 0xa75e, 0xa760, 0xa760, 0xa762, 0xa762, 0xa764, 0xa764,
        0xa766, 0xa766, 0xa768, 0xa768, 0xa76a, 0xa76a, 0xa76c, 0xa76c, 0xa76e, 0xa76e, 0xa779, 0xa779,
        0xa77b, 0xa77b, 0xa77d, 0xa77e, 0xa780, 0xa780, 0xa782, 0xa782, 0xa784, 0xa784, 0xa786, 0xa786,
        0xa78b, 0xa78b, 0xa78d, 0xa78d, 0xa790, 0xa790, 0xa792, 0xa792, 0xa796, 0xa796, 0xa798, 0xa798,
        0xa79a, 0xa79a, 0xa79c, 0xa79c, 0xa79e, 0xa79e, 0xa7a0, 0xa7a0, 0xa7a2, 0xa7a2, 0xa7a4, 0xa7a4,
        0xa7a6, 0xa7a6, 0xa7a8, 0xa7a8, 0xa7aa, 0xa7ae, 0xa7b0, 0xa7b4, 0xa7b6, 0xa7b6, 0xa7b8, 0xa7b8,
        0xa7ba, 0xa7ba, 0xa7bc, 0xa7bc, 0xa7be, 0xa7be, 0xa7c0, 0xa7c0, 0xa7c2, 0xa7c2, 0xa7c4, 0xa7c7,
        0xa7c9, 0xa7c9, 0xa7cb, 0xa7cc, 0xa7ce, 0xa7ce, 0xa7d0, 0xa7d0, 0xa7d2, 0xa7d2, 0xa7d4, 0xa7d4,
        0xa7d6, 0xa7d6, 0xa7d8, 0xa7d8, 0xa7da, 0xa7da, 0xa7dc, 0xa7dc, 0xa7f5, 0xa7f5, 0xff21, 0xff3a,
        0x10400, 0x10427, 0x104b0, 0x104d3, 0x10570, 0x1057a, 0x1057c, 0x1058a, 0x1058c, 0x10592, 0x10594, 0x10595,
        0x10c80, 0x10cb2, 0x10d50, 0x10d65, 0x118a0, 0x118bf, 0x16e40, 0x16e5f, 0x16ea0, 0x16eb8, 0x1d400, 0x1d419,
        0x1d434, 0x1d44d, 0x1d468, 0x1d481, 0x1d49c, 0x1d49c, 0x1d49e, 0x1d49f, 0x1d4a2, 0x1d4a2, 0x1d4a5, 0x1d4a6,
        0x1d4a9, 0x1d4ac, 0x1d4ae, 0x1d4b5, 0x1d4d0, 0x1d4e9, 0x1d504, 0x1d505, 0x1d507, 0x1d50a, 0x1d50d, 0x1d514,
        0x1d516, 0x1d51c, 0x1d538, 0x1d539, 0x1d53b, 0x1d53e, 0x1d540, 0x1d544, 0x1d546, 0x1d546, 0x1d54a, 0x1d550,
        0x1d56c, 0x1d585, 0x1d5a0, 0x1d5b9, 0x1d5d4, 0x1d5ed, 0x1d608, 0x1d621, 0x1d63c, 0x1d655, 0x1d670, 0x1d689,
        0x1d6a8, 0x1d6c0, 0x1d6e2, 0x1d6fa, 0x1d71c, 0x1d734, 0x1d756, 0x1d76e, 0x1d790, 0x1d7a8, 0x1d7ca, 0x1d7ca,
        0x1e900, 0x1e921,
    ];
    private static ReadOnlySpan<int> LowerCaseRanges =>
    [
        0x61, 0x7a, 0xb5, 0xb5, 0xdf, 0xf6, 0xf8, 0xff, 0x101, 0x101, 0x103, 0x103,
        0x105, 0x105, 0x107, 0x107, 0x109, 0x109, 0x10b, 0x10b, 0x10d, 0x10d, 0x10f, 0x10f,
        0x111, 0x111, 0x113, 0x113, 0x115, 0x115, 0x117, 0x117, 0x119, 0x119, 0x11b, 0x11b,
        0x11d, 0x11d, 0x11f, 0x11f, 0x121, 0x121, 0x123, 0x123, 0x125, 0x125, 0x127, 0x127,
        0x129, 0x129, 0x12b, 0x12b, 0x12d, 0x12d, 0x12f, 0x12f, 0x131, 0x131, 0x133, 0x133,
        0x135, 0x135, 0x137, 0x138, 0x13a, 0x13a, 0x13c, 0x13c, 0x13e, 0x13e, 0x140, 0x140,
        0x142, 0x142, 0x144, 0x144, 0x146, 0x146, 0x148, 0x149, 0x14b, 0x14b, 0x14d, 0x14d,
        0x14f, 0x14f, 0x151, 0x151, 0x153, 0x153, 0x155, 0x155, 0x157, 0x157, 0x159, 0x159,
        0x15b, 0x15b, 0x15d, 0x15d, 0x15f, 0x15f, 0x161, 0x161, 0x163, 0x163, 0x165, 0x165,
        0x167, 0x167, 0x169, 0x169, 0x16b, 0x16b, 0x16d, 0x16d, 0x16f, 0x16f, 0x171, 0x171,
        0x173, 0x173, 0x175, 0x175, 0x177, 0x177, 0x17a, 0x17a, 0x17c, 0x17c, 0x17e, 0x180,
        0x183, 0x183, 0x185, 0x185, 0x188, 0x188, 0x18c, 0x18d, 0x192, 0x192, 0x195, 0x195,
        0x199, 0x19b, 0x19e, 0x19e, 0x1a1, 0x1a1, 0x1a3, 0x1a3, 0x1a5, 0x1a5, 0x1a8, 0x1a8,
        0x1aa, 0x1ab, 0x1ad, 0x1ad, 0x1b0, 0x1b0, 0x1b4, 0x1b4, 0x1b6, 0x1b6, 0x1b9, 0x1ba,
        0x1bd, 0x1bf, 0x1c6, 0x1c6, 0x1c9, 0x1c9, 0x1cc, 0x1cc, 0x1ce, 0x1ce, 0x1d0, 0x1d0,
        0x1d2, 0x1d2, 0x1d4, 0x1d4, 0x1d6, 0x1d6, 0x1d8, 0x1d8, 0x1da, 0x1da, 0x1dc, 0x1dd,
        0x1df, 0x1df, 0x1e1, 0x1e1, 0x1e3, 0x1e3, 0x1e5, 0x1e5, 0x1e7, 0x1e7, 0x1e9, 0x1e9,
        0x1eb, 0x1eb, 0x1ed, 0x1ed, 0x1ef, 0x1f0, 0x1f3, 0x1f3, 0x1f5, 0x1f5, 0x1f9, 0x1f9,
        0x1fb, 0x1fb, 0x1fd, 0x1fd, 0x1ff, 0x1ff, 0x201, 0x201, 0x203, 0x203, 0x205, 0x205,
        0x207, 0x207, 0x209, 0x209, 0x20b, 0x20b, 0x20d, 0x20d, 0x20f, 0x20f, 0x211, 0x211,
        0x213, 0x213, 0x215, 0x215, 0x217, 0x217, 0x219, 0x219, 0x21b, 0x21b, 0x21d, 0x21d,
        0x21f, 0x21f, 0x221, 0x221, 0x223, 0x223, 0x225, 0x225, 0x227, 0x227, 0x229, 0x229,
        0x22b, 0x22b, 0x22d, 0x22d, 0x22f, 0x22f, 0x231, 0x231, 0x233, 0x239, 0x23c, 0x23c,
        0x23f, 0x240, 0x242, 0x242, 0x247, 0x247, 0x249, 0x249, 0x24b, 0x24b, 0x24d, 0x24d,
        0x24f, 0x293, 0x296, 0x2af, 0x371, 0x371, 0x373, 0x373, 0x377, 0x377, 0x37b, 0x37d,
        0x390, 0x390, 0x3ac, 0x3ce, 0x3d0, 0x3d1, 0x3d5, 0x3d7, 0x3d9, 0x3d9, 0x3db, 0x3db,
        0x3dd, 0x3dd, 0x3df, 0x3df, 0x3e1, 0x3e1, 0x3e3, 0x3e3, 0x3e5, 0x3e5, 0x3e7, 0x3e7,
        0x3e9, 0x3e9, 0x3eb, 0x3eb, 0x3ed, 0x3ed, 0x3ef, 0x3f3, 0x3f5, 0x3f5, 0x3f8, 0x3f8,
        0x3fb, 0x3fc, 0x430, 0x45f, 0x461, 0x461, 0x463, 0x463, 0x465, 0x465, 0x467, 0x467,
        0x469, 0x469, 0x46b, 0x46b, 0x46d, 0x46d, 0x46f, 0x46f, 0x471, 0x471, 0x473, 0x473,
        0x475, 0x475, 0x477, 0x477, 0x479, 0x479, 0x47b, 0x47b, 0x47d, 0x47d, 0x47f, 0x47f,
        0x481, 0x481, 0x48b, 0x48b, 0x48d, 0x48d, 0x48f, 0x48f, 0x491, 0x491, 0x493, 0x493,
        0x495, 0x495, 0x497, 0x497, 0x499, 0x499, 0x49b, 0x49b, 0x49d, 0x49d, 0x49f, 0x49f,
        0x4a1, 0x4a1, 0x4a3, 0x4a3, 0x4a5, 0x4a5, 0x4a7, 0x4a7, 0x4a9, 0x4a9, 0x4ab, 0x4ab,
        0x4ad, 0x4ad, 0x4af, 0x4af, 0x4b1, 0x4b1, 0x4b3, 0x4b3, 0x4b5, 0x4b5, 0x4b7, 0x4b7,
        0x4b9, 0x4b9, 0x4bb, 0x4bb, 0x4bd, 0x4bd, 0x4bf, 0x4bf, 0x4c2, 0x4c2, 0x4c4, 0x4c4,
        0x4c6, 0x4c6, 0x4c8, 0x4c8, 0x4ca, 0x4ca, 0x4cc, 0x4cc, 0x4ce, 0x4cf, 0x4d1, 0x4d1,
        0x4d3, 0x4d3, 0x4d5, 0x4d5, 0x4d7, 0x4d7, 0x4d9, 0x4d9, 0x4db, 0x4db, 0x4dd, 0x4dd,
        0x4df, 0x4df, 0x4e1, 0x4e1, 0x4e3, 0x4e3, 0x4e5, 0x4e5, 0x4e7, 0x4e7, 0x4e9, 0x4e9,
        0x4eb, 0x4eb, 0x4ed, 0x4ed, 0x4ef, 0x4ef, 0x4f1, 0x4f1, 0x4f3, 0x4f3, 0x4f5, 0x4f5,
        0x4f7, 0x4f7, 0x4f9, 0x4f9, 0x4fb, 0x4fb, 0x4fd, 0x4fd, 0x4ff, 0x4ff, 0x501, 0x501,
        0x503, 0x503, 0x505, 0x505, 0x507, 0x507, 0x509, 0x509, 0x50b, 0x50b, 0x50d, 0x50d,
        0x50f, 0x50f, 0x511, 0x511, 0x513, 0x513, 0x515, 0x515, 0x517, 0x517, 0x519, 0x519,
        0x51b, 0x51b, 0x51d, 0x51d, 0x51f, 0x51f, 0x521, 0x521, 0x523, 0x523, 0x525, 0x525,
        0x527, 0x527, 0x529, 0x529, 0x52b, 0x52b, 0x52d, 0x52d, 0x52f, 0x52f, 0x560, 0x588,
        0x10d0, 0x10fa, 0x10fd, 0x10ff, 0x13f8, 0x13fd, 0x1c80, 0x1c88, 0x1c8a, 0x1c8a, 0x1d00, 0x1d2b,
        0x1d6b, 0x1d77, 0x1d79, 0x1d9a, 0x1e01, 0x1e01, 0x1e03, 0x1e03, 0x1e05, 0x1e05, 0x1e07, 0x1e07,
        0x1e09, 0x1e09, 0x1e0b, 0x1e0b, 0x1e0d, 0x1e0d, 0x1e0f, 0x1e0f, 0x1e11, 0x1e11, 0x1e13, 0x1e13,
        0x1e15, 0x1e15, 0x1e17, 0x1e17, 0x1e19, 0x1e19, 0x1e1b, 0x1e1b, 0x1e1d, 0x1e1d, 0x1e1f, 0x1e1f,
        0x1e21, 0x1e21, 0x1e23, 0x1e23, 0x1e25, 0x1e25, 0x1e27, 0x1e27, 0x1e29, 0x1e29, 0x1e2b, 0x1e2b,
        0x1e2d, 0x1e2d, 0x1e2f, 0x1e2f, 0x1e31, 0x1e31, 0x1e33, 0x1e33, 0x1e35, 0x1e35, 0x1e37, 0x1e37,
        0x1e39, 0x1e39, 0x1e3b, 0x1e3b, 0x1e3d, 0x1e3d, 0x1e3f, 0x1e3f, 0x1e41, 0x1e41, 0x1e43, 0x1e43,
        0x1e45, 0x1e45, 0x1e47, 0x1e47, 0x1e49, 0x1e49, 0x1e4b, 0x1e4b, 0x1e4d, 0x1e4d, 0x1e4f, 0x1e4f,
        0x1e51, 0x1e51, 0x1e53, 0x1e53, 0x1e55, 0x1e55, 0x1e57, 0x1e57, 0x1e59, 0x1e59, 0x1e5b, 0x1e5b,
        0x1e5d, 0x1e5d, 0x1e5f, 0x1e5f, 0x1e61, 0x1e61, 0x1e63, 0x1e63, 0x1e65, 0x1e65, 0x1e67, 0x1e67,
        0x1e69, 0x1e69, 0x1e6b, 0x1e6b, 0x1e6d, 0x1e6d, 0x1e6f, 0x1e6f, 0x1e71, 0x1e71, 0x1e73, 0x1e73,
        0x1e75, 0x1e75, 0x1e77, 0x1e77, 0x1e79, 0x1e79, 0x1e7b, 0x1e7b, 0x1e7d, 0x1e7d, 0x1e7f, 0x1e7f,
        0x1e81, 0x1e81, 0x1e83, 0x1e83, 0x1e85, 0x1e85, 0x1e87, 0x1e87, 0x1e89, 0x1e89, 0x1e8b, 0x1e8b,
        0x1e8d, 0x1e8d, 0x1e8f, 0x1e8f, 0x1e91, 0x1e91, 0x1e93, 0x1e93, 0x1e95, 0x1e9d, 0x1e9f, 0x1e9f,
        0x1ea1, 0x1ea1, 0x1ea3, 0x1ea3, 0x1ea5, 0x1ea5, 0x1ea7, 0x1ea7, 0x1ea9, 0x1ea9, 0x1eab, 0x1eab,
        0x1ead, 0x1ead, 0x1eaf, 0x1eaf, 0x1eb1, 0x1eb1, 0x1eb3, 0x1eb3, 0x1eb5, 0x1eb5, 0x1eb7, 0x1eb7,
        0x1eb9, 0x1eb9, 0x1ebb, 0x1ebb, 0x1ebd, 0x1ebd, 0x1ebf, 0x1ebf, 0x1ec1, 0x1ec1, 0x1ec3, 0x1ec3,
        0x1ec5, 0x1ec5, 0x1ec7, 0x1ec7, 0x1ec9, 0x1ec9, 0x1ecb, 0x1ecb, 0x1ecd, 0x1ecd, 0x1ecf, 0x1ecf,
        0x1ed1, 0x1ed1, 0x1ed3, 0x1ed3, 0x1ed5, 0x1ed5, 0x1ed7, 0x1ed7, 0x1ed9, 0x1ed9, 0x1edb, 0x1edb,
        0x1edd, 0x1edd, 0x1edf, 0x1edf, 0x1ee1, 0x1ee1, 0x1ee3, 0x1ee3, 0x1ee5, 0x1ee5, 0x1ee7, 0x1ee7,
        0x1ee9, 0x1ee9, 0x1eeb, 0x1eeb, 0x1eed, 0x1eed, 0x1eef, 0x1eef, 0x1ef1, 0x1ef1, 0x1ef3, 0x1ef3,
        0x1ef5, 0x1ef5, 0x1ef7, 0x1ef7, 0x1ef9, 0x1ef9, 0x1efb, 0x1efb, 0x1efd, 0x1efd, 0x1eff, 0x1f07,
        0x1f10, 0x1f15, 0x1f20, 0x1f27, 0x1f30, 0x1f37, 0x1f40, 0x1f45, 0x1f50, 0x1f57, 0x1f60, 0x1f67,
        0x1f70, 0x1f7d, 0x1f80, 0x1f87, 0x1f90, 0x1f97, 0x1fa0, 0x1fa7, 0x1fb0, 0x1fb4, 0x1fb6, 0x1fb7,
        0x1fbe, 0x1fbe, 0x1fc2, 0x1fc4, 0x1fc6, 0x1fc7, 0x1fd0, 0x1fd3, 0x1fd6, 0x1fd7, 0x1fe0, 0x1fe7,
        0x1ff2, 0x1ff4, 0x1ff6, 0x1ff7, 0x210a, 0x210a, 0x210e, 0x210f, 0x2113, 0x2113, 0x212f, 0x212f,
        0x2134, 0x2134, 0x2139, 0x2139, 0x213c, 0x213d, 0x2146, 0x2149, 0x214e, 0x214e, 0x2184, 0x2184,
        0x2c30, 0x2c5f, 0x2c61, 0x2c61, 0x2c65, 0x2c66, 0x2c68, 0x2c68, 0x2c6a, 0x2c6a, 0x2c6c, 0x2c6c,
        0x2c71, 0x2c71, 0x2c73, 0x2c74, 0x2c76, 0x2c7b, 0x2c81, 0x2c81, 0x2c83, 0x2c83, 0x2c85, 0x2c85,
        0x2c87, 0x2c87, 0x2c89, 0x2c89, 0x2c8b, 0x2c8b, 0x2c8d, 0x2c8d, 0x2c8f, 0x2c8f, 0x2c91, 0x2c91,
        0x2c93, 0x2c93, 0x2c95, 0x2c95, 0x2c97, 0x2c97, 0x2c99, 0x2c99, 0x2c9b, 0x2c9b, 0x2c9d, 0x2c9d,
        0x2c9f, 0x2c9f, 0x2ca1, 0x2ca1, 0x2ca3, 0x2ca3, 0x2ca5, 0x2ca5, 0x2ca7, 0x2ca7, 0x2ca9, 0x2ca9,
        0x2cab, 0x2cab, 0x2cad, 0x2cad, 0x2caf, 0x2caf, 0x2cb1, 0x2cb1, 0x2cb3, 0x2cb3, 0x2cb5, 0x2cb5,
        0x2cb7, 0x2cb7, 0x2cb9, 0x2cb9, 0x2cbb, 0x2cbb, 0x2cbd, 0x2cbd, 0x2cbf, 0x2cbf, 0x2cc1, 0x2cc1,
        0x2cc3, 0x2cc3, 0x2cc5, 0x2cc5, 0x2cc7, 0x2cc7, 0x2cc9, 0x2cc9, 0x2ccb, 0x2ccb, 0x2ccd, 0x2ccd,
        0x2ccf, 0x2ccf, 0x2cd1, 0x2cd1, 0x2cd3, 0x2cd3, 0x2cd5, 0x2cd5, 0x2cd7, 0x2cd7, 0x2cd9, 0x2cd9,
        0x2cdb, 0x2cdb, 0x2cdd, 0x2cdd, 0x2cdf, 0x2cdf, 0x2ce1, 0x2ce1, 0x2ce3, 0x2ce4, 0x2cec, 0x2cec,
        0x2cee, 0x2cee, 0x2cf3, 0x2cf3, 0x2d00, 0x2d25, 0x2d27, 0x2d27, 0x2d2d, 0x2d2d, 0xa641, 0xa641,
        0xa643, 0xa643, 0xa645, 0xa645, 0xa647, 0xa647, 0xa649, 0xa649, 0xa64b, 0xa64b, 0xa64d, 0xa64d,
        0xa64f, 0xa64f, 0xa651, 0xa651, 0xa653, 0xa653, 0xa655, 0xa655, 0xa657, 0xa657, 0xa659, 0xa659,
        0xa65b, 0xa65b, 0xa65d, 0xa65d, 0xa65f, 0xa65f, 0xa661, 0xa661, 0xa663, 0xa663, 0xa665, 0xa665,
        0xa667, 0xa667, 0xa669, 0xa669, 0xa66b, 0xa66b, 0xa66d, 0xa66d, 0xa681, 0xa681, 0xa683, 0xa683,
        0xa685, 0xa685, 0xa687, 0xa687, 0xa689, 0xa689, 0xa68b, 0xa68b, 0xa68d, 0xa68d, 0xa68f, 0xa68f,
        0xa691, 0xa691, 0xa693, 0xa693, 0xa695, 0xa695, 0xa697, 0xa697, 0xa699, 0xa699, 0xa69b, 0xa69b,
        0xa723, 0xa723, 0xa725, 0xa725, 0xa727, 0xa727, 0xa729, 0xa729, 0xa72b, 0xa72b, 0xa72d, 0xa72d,
        0xa72f, 0xa731, 0xa733, 0xa733, 0xa735, 0xa735, 0xa737, 0xa737, 0xa739, 0xa739, 0xa73b, 0xa73b,
        0xa73d, 0xa73d, 0xa73f, 0xa73f, 0xa741, 0xa741, 0xa743, 0xa743, 0xa745, 0xa745, 0xa747, 0xa747,
        0xa749, 0xa749, 0xa74b, 0xa74b, 0xa74d, 0xa74d, 0xa74f, 0xa74f, 0xa751, 0xa751, 0xa753, 0xa753,
        0xa755, 0xa755, 0xa757, 0xa757, 0xa759, 0xa759, 0xa75b, 0xa75b, 0xa75d, 0xa75d, 0xa75f, 0xa75f,
        0xa761, 0xa761, 0xa763, 0xa763, 0xa765, 0xa765, 0xa767, 0xa767, 0xa769, 0xa769, 0xa76b, 0xa76b,
        0xa76d, 0xa76d, 0xa76f, 0xa76f, 0xa771, 0xa778, 0xa77a, 0xa77a, 0xa77c, 0xa77c, 0xa77f, 0xa77f,
        0xa781, 0xa781, 0xa783, 0xa783, 0xa785, 0xa785, 0xa787, 0xa787, 0xa78c, 0xa78c, 0xa78e, 0xa78e,
        0xa791, 0xa791, 0xa793, 0xa795, 0xa797, 0xa797, 0xa799, 0xa799, 0xa79b, 0xa79b, 0xa79d, 0xa79d,
        0xa79f, 0xa79f, 0xa7a1, 0xa7a1, 0xa7a3, 0xa7a3, 0xa7a5, 0xa7a5, 0xa7a7, 0xa7a7, 0xa7a9, 0xa7a9,
        0xa7af, 0xa7af, 0xa7b5, 0xa7b5, 0xa7b7, 0xa7b7, 0xa7b9, 0xa7b9, 0xa7bb, 0xa7bb, 0xa7bd, 0xa7bd,
        0xa7bf, 0xa7bf, 0xa7c1, 0xa7c1, 0xa7c3, 0xa7c3, 0xa7c8, 0xa7c8, 0xa7ca, 0xa7ca, 0xa7cd, 0xa7cd,
        0xa7cf, 0xa7cf, 0xa7d1, 0xa7d1, 0xa7d3, 0xa7d3, 0xa7d5, 0xa7d5, 0xa7d7, 0xa7d7, 0xa7d9, 0xa7d9,
        0xa7db, 0xa7db, 0xa7f6, 0xa7f6, 0xa7fa, 0xa7fa, 0xab30, 0xab5a, 0xab60, 0xab68, 0xab70, 0xabbf,
        0xfb00, 0xfb06, 0xfb13, 0xfb17, 0xff41, 0xff5a, 0x10428, 0x1044f, 0x104d8, 0x104fb, 0x10597, 0x105a1,
        0x105a3, 0x105b1, 0x105b3, 0x105b9, 0x105bb, 0x105bc, 0x10cc0, 0x10cf2, 0x10d70, 0x10d85, 0x118c0, 0x118df,
        0x16e60, 0x16e7f, 0x16ebb, 0x16ed3, 0x1d41a, 0x1d433, 0x1d44e, 0x1d454, 0x1d456, 0x1d467, 0x1d482, 0x1d49b,
        0x1d4b6, 0x1d4b9, 0x1d4bb, 0x1d4bb, 0x1d4bd, 0x1d4c3, 0x1d4c5, 0x1d4cf, 0x1d4ea, 0x1d503, 0x1d51e, 0x1d537,
        0x1d552, 0x1d56b, 0x1d586, 0x1d59f, 0x1d5ba, 0x1d5d3, 0x1d5ee, 0x1d607, 0x1d622, 0x1d63b, 0x1d656, 0x1d66f,
        0x1d68a, 0x1d6a5, 0x1d6c2, 0x1d6da, 0x1d6dc, 0x1d6e1, 0x1d6fc, 0x1d714, 0x1d716, 0x1d71b, 0x1d736, 0x1d74e,
        0x1d750, 0x1d755, 0x1d770, 0x1d788, 0x1d78a, 0x1d78f, 0x1d7aa, 0x1d7c2, 0x1d7c4, 0x1d7c9, 0x1d7cb, 0x1d7cb,
        0x1df00, 0x1df09, 0x1df0b, 0x1df1e, 0x1df25, 0x1df2a, 0x1e922, 0x1e943,
    ];
    private static ReadOnlySpan<int> UpperMap =>
    [
        0x61, 0x41, 0x62, 0x42, 0x63, 0x43, 0x64, 0x44, 0x65, 0x45, 0x66, 0x46,
        0x67, 0x47, 0x68, 0x48, 0x69, 0x49, 0x6a, 0x4a, 0x6b, 0x4b, 0x6c, 0x4c,
        0x6d, 0x4d, 0x6e, 0x4e, 0x6f, 0x4f, 0x70, 0x50, 0x71, 0x51, 0x72, 0x52,
        0x73, 0x53, 0x74, 0x54, 0x75, 0x55, 0x76, 0x56, 0x77, 0x57, 0x78, 0x58,
        0x79, 0x59, 0x7a, 0x5a, 0xb5, 0x39c, 0xe0, 0xc0, 0xe1, 0xc1, 0xe2, 0xc2,
        0xe3, 0xc3, 0xe4, 0xc4, 0xe5, 0xc5, 0xe6, 0xc6, 0xe7, 0xc7, 0xe8, 0xc8,
        0xe9, 0xc9, 0xea, 0xca, 0xeb, 0xcb, 0xec, 0xcc, 0xed, 0xcd, 0xee, 0xce,
        0xef, 0xcf, 0xf0, 0xd0, 0xf1, 0xd1, 0xf2, 0xd2, 0xf3, 0xd3, 0xf4, 0xd4,
        0xf5, 0xd5, 0xf6, 0xd6, 0xf8, 0xd8, 0xf9, 0xd9, 0xfa, 0xda, 0xfb, 0xdb,
        0xfc, 0xdc, 0xfd, 0xdd, 0xfe, 0xde, 0xff, 0x178, 0x101, 0x100, 0x103, 0x102,
        0x105, 0x104, 0x107, 0x106, 0x109, 0x108, 0x10b, 0x10a, 0x10d, 0x10c, 0x10f, 0x10e,
        0x111, 0x110, 0x113, 0x112, 0x115, 0x114, 0x117, 0x116, 0x119, 0x118, 0x11b, 0x11a,
        0x11d, 0x11c, 0x11f, 0x11e, 0x121, 0x120, 0x123, 0x122, 0x125, 0x124, 0x127, 0x126,
        0x129, 0x128, 0x12b, 0x12a, 0x12d, 0x12c, 0x12f, 0x12e, 0x131, 0x49, 0x133, 0x132,
        0x135, 0x134, 0x137, 0x136, 0x13a, 0x139, 0x13c, 0x13b, 0x13e, 0x13d, 0x140, 0x13f,
        0x142, 0x141, 0x144, 0x143, 0x146, 0x145, 0x148, 0x147, 0x14b, 0x14a, 0x14d, 0x14c,
        0x14f, 0x14e, 0x151, 0x150, 0x153, 0x152, 0x155, 0x154, 0x157, 0x156, 0x159, 0x158,
        0x15b, 0x15a, 0x15d, 0x15c, 0x15f, 0x15e, 0x161, 0x160, 0x163, 0x162, 0x165, 0x164,
        0x167, 0x166, 0x169, 0x168, 0x16b, 0x16a, 0x16d, 0x16c, 0x16f, 0x16e, 0x171, 0x170,
        0x173, 0x172, 0x175, 0x174, 0x177, 0x176, 0x17a, 0x179, 0x17c, 0x17b, 0x17e, 0x17d,
        0x17f, 0x53, 0x180, 0x243, 0x183, 0x182, 0x185, 0x184, 0x188, 0x187, 0x18c, 0x18b,
        0x192, 0x191, 0x195, 0x1f6, 0x199, 0x198, 0x19a, 0x23d, 0x19b, 0xa7dc, 0x19e, 0x220,
        0x1a1, 0x1a0, 0x1a3, 0x1a2, 0x1a5, 0x1a4, 0x1a8, 0x1a7, 0x1ad, 0x1ac, 0x1b0, 0x1af,
        0x1b4, 0x1b3, 0x1b6, 0x1b5, 0x1b9, 0x1b8, 0x1bd, 0x1bc, 0x1bf, 0x1f7, 0x1c5, 0x1c4,
        0x1c6, 0x1c4, 0x1c8, 0x1c7, 0x1c9, 0x1c7, 0x1cb, 0x1ca, 0x1cc, 0x1ca, 0x1ce, 0x1cd,
        0x1d0, 0x1cf, 0x1d2, 0x1d1, 0x1d4, 0x1d3, 0x1d6, 0x1d5, 0x1d8, 0x1d7, 0x1da, 0x1d9,
        0x1dc, 0x1db, 0x1dd, 0x18e, 0x1df, 0x1de, 0x1e1, 0x1e0, 0x1e3, 0x1e2, 0x1e5, 0x1e4,
        0x1e7, 0x1e6, 0x1e9, 0x1e8, 0x1eb, 0x1ea, 0x1ed, 0x1ec, 0x1ef, 0x1ee, 0x1f2, 0x1f1,
        0x1f3, 0x1f1, 0x1f5, 0x1f4, 0x1f9, 0x1f8, 0x1fb, 0x1fa, 0x1fd, 0x1fc, 0x1ff, 0x1fe,
        0x201, 0x200, 0x203, 0x202, 0x205, 0x204, 0x207, 0x206, 0x209, 0x208, 0x20b, 0x20a,
        0x20d, 0x20c, 0x20f, 0x20e, 0x211, 0x210, 0x213, 0x212, 0x215, 0x214, 0x217, 0x216,
        0x219, 0x218, 0x21b, 0x21a, 0x21d, 0x21c, 0x21f, 0x21e, 0x223, 0x222, 0x225, 0x224,
        0x227, 0x226, 0x229, 0x228, 0x22b, 0x22a, 0x22d, 0x22c, 0x22f, 0x22e, 0x231, 0x230,
        0x233, 0x232, 0x23c, 0x23b, 0x23f, 0x2c7e, 0x240, 0x2c7f, 0x242, 0x241, 0x247, 0x246,
        0x249, 0x248, 0x24b, 0x24a, 0x24d, 0x24c, 0x24f, 0x24e, 0x250, 0x2c6f, 0x251, 0x2c6d,
        0x252, 0x2c70, 0x253, 0x181, 0x254, 0x186, 0x256, 0x189, 0x257, 0x18a, 0x259, 0x18f,
        0x25b, 0x190, 0x25c, 0xa7ab, 0x260, 0x193, 0x261, 0xa7ac, 0x263, 0x194, 0x264, 0xa7cb,
        0x265, 0xa78d, 0x266, 0xa7aa, 0x268, 0x197, 0x269, 0x196, 0x26a, 0xa7ae, 0x26b, 0x2c62,
        0x26c, 0xa7ad, 0x26f, 0x19c, 0x271, 0x2c6e, 0x272, 0x19d, 0x275, 0x19f, 0x27d, 0x2c64,
        0x280, 0x1a6, 0x282, 0xa7c5, 0x283, 0x1a9, 0x287, 0xa7b1, 0x288, 0x1ae, 0x289, 0x244,
        0x28a, 0x1b1, 0x28b, 0x1b2, 0x28c, 0x245, 0x292, 0x1b7, 0x29d, 0xa7b2, 0x29e, 0xa7b0,
        0x345, 0x399, 0x371, 0x370, 0x373, 0x372, 0x377, 0x376, 0x37b, 0x3fd, 0x37c, 0x3fe,
        0x37d, 0x3ff, 0x3ac, 0x386, 0x3ad, 0x388, 0x3ae, 0x389, 0x3af, 0x38a, 0x3b1, 0x391,
        0x3b2, 0x392, 0x3b3, 0x393, 0x3b4, 0x394, 0x3b5, 0x395, 0x3b6, 0x396, 0x3b7, 0x397,
        0x3b8, 0x398, 0x3b9, 0x399, 0x3ba, 0x39a, 0x3bb, 0x39b, 0x3bc, 0x39c, 0x3bd, 0x39d,
        0x3be, 0x39e, 0x3bf, 0x39f, 0x3c0, 0x3a0, 0x3c1, 0x3a1, 0x3c2, 0x3a3, 0x3c3, 0x3a3,
        0x3c4, 0x3a4, 0x3c5, 0x3a5, 0x3c6, 0x3a6, 0x3c7, 0x3a7, 0x3c8, 0x3a8, 0x3c9, 0x3a9,
        0x3ca, 0x3aa, 0x3cb, 0x3ab, 0x3cc, 0x38c, 0x3cd, 0x38e, 0x3ce, 0x38f, 0x3d0, 0x392,
        0x3d1, 0x398, 0x3d5, 0x3a6, 0x3d6, 0x3a0, 0x3d7, 0x3cf, 0x3d9, 0x3d8, 0x3db, 0x3da,
        0x3dd, 0x3dc, 0x3df, 0x3de, 0x3e1, 0x3e0, 0x3e3, 0x3e2, 0x3e5, 0x3e4, 0x3e7, 0x3e6,
        0x3e9, 0x3e8, 0x3eb, 0x3ea, 0x3ed, 0x3ec, 0x3ef, 0x3ee, 0x3f0, 0x39a, 0x3f1, 0x3a1,
        0x3f2, 0x3f9, 0x3f3, 0x37f, 0x3f5, 0x395, 0x3f8, 0x3f7, 0x3fb, 0x3fa, 0x430, 0x410,
        0x431, 0x411, 0x432, 0x412, 0x433, 0x413, 0x434, 0x414, 0x435, 0x415, 0x436, 0x416,
        0x437, 0x417, 0x438, 0x418, 0x439, 0x419, 0x43a, 0x41a, 0x43b, 0x41b, 0x43c, 0x41c,
        0x43d, 0x41d, 0x43e, 0x41e, 0x43f, 0x41f, 0x440, 0x420, 0x441, 0x421, 0x442, 0x422,
        0x443, 0x423, 0x444, 0x424, 0x445, 0x425, 0x446, 0x426, 0x447, 0x427, 0x448, 0x428,
        0x449, 0x429, 0x44a, 0x42a, 0x44b, 0x42b, 0x44c, 0x42c, 0x44d, 0x42d, 0x44e, 0x42e,
        0x44f, 0x42f, 0x450, 0x400, 0x451, 0x401, 0x452, 0x402, 0x453, 0x403, 0x454, 0x404,
        0x455, 0x405, 0x456, 0x406, 0x457, 0x407, 0x458, 0x408, 0x459, 0x409, 0x45a, 0x40a,
        0x45b, 0x40b, 0x45c, 0x40c, 0x45d, 0x40d, 0x45e, 0x40e, 0x45f, 0x40f, 0x461, 0x460,
        0x463, 0x462, 0x465, 0x464, 0x467, 0x466, 0x469, 0x468, 0x46b, 0x46a, 0x46d, 0x46c,
        0x46f, 0x46e, 0x471, 0x470, 0x473, 0x472, 0x475, 0x474, 0x477, 0x476, 0x479, 0x478,
        0x47b, 0x47a, 0x47d, 0x47c, 0x47f, 0x47e, 0x481, 0x480, 0x48b, 0x48a, 0x48d, 0x48c,
        0x48f, 0x48e, 0x491, 0x490, 0x493, 0x492, 0x495, 0x494, 0x497, 0x496, 0x499, 0x498,
        0x49b, 0x49a, 0x49d, 0x49c, 0x49f, 0x49e, 0x4a1, 0x4a0, 0x4a3, 0x4a2, 0x4a5, 0x4a4,
        0x4a7, 0x4a6, 0x4a9, 0x4a8, 0x4ab, 0x4aa, 0x4ad, 0x4ac, 0x4af, 0x4ae, 0x4b1, 0x4b0,
        0x4b3, 0x4b2, 0x4b5, 0x4b4, 0x4b7, 0x4b6, 0x4b9, 0x4b8, 0x4bb, 0x4ba, 0x4bd, 0x4bc,
        0x4bf, 0x4be, 0x4c2, 0x4c1, 0x4c4, 0x4c3, 0x4c6, 0x4c5, 0x4c8, 0x4c7, 0x4ca, 0x4c9,
        0x4cc, 0x4cb, 0x4ce, 0x4cd, 0x4cf, 0x4c0, 0x4d1, 0x4d0, 0x4d3, 0x4d2, 0x4d5, 0x4d4,
        0x4d7, 0x4d6, 0x4d9, 0x4d8, 0x4db, 0x4da, 0x4dd, 0x4dc, 0x4df, 0x4de, 0x4e1, 0x4e0,
        0x4e3, 0x4e2, 0x4e5, 0x4e4, 0x4e7, 0x4e6, 0x4e9, 0x4e8, 0x4eb, 0x4ea, 0x4ed, 0x4ec,
        0x4ef, 0x4ee, 0x4f1, 0x4f0, 0x4f3, 0x4f2, 0x4f5, 0x4f4, 0x4f7, 0x4f6, 0x4f9, 0x4f8,
        0x4fb, 0x4fa, 0x4fd, 0x4fc, 0x4ff, 0x4fe, 0x501, 0x500, 0x503, 0x502, 0x505, 0x504,
        0x507, 0x506, 0x509, 0x508, 0x50b, 0x50a, 0x50d, 0x50c, 0x50f, 0x50e, 0x511, 0x510,
        0x513, 0x512, 0x515, 0x514, 0x517, 0x516, 0x519, 0x518, 0x51b, 0x51a, 0x51d, 0x51c,
        0x51f, 0x51e, 0x521, 0x520, 0x523, 0x522, 0x525, 0x524, 0x527, 0x526, 0x529, 0x528,
        0x52b, 0x52a, 0x52d, 0x52c, 0x52f, 0x52e, 0x561, 0x531, 0x562, 0x532, 0x563, 0x533,
        0x564, 0x534, 0x565, 0x535, 0x566, 0x536, 0x567, 0x537, 0x568, 0x538, 0x569, 0x539,
        0x56a, 0x53a, 0x56b, 0x53b, 0x56c, 0x53c, 0x56d, 0x53d, 0x56e, 0x53e, 0x56f, 0x53f,
        0x570, 0x540, 0x571, 0x541, 0x572, 0x542, 0x573, 0x543, 0x574, 0x544, 0x575, 0x545,
        0x576, 0x546, 0x577, 0x547, 0x578, 0x548, 0x579, 0x549, 0x57a, 0x54a, 0x57b, 0x54b,
        0x57c, 0x54c, 0x57d, 0x54d, 0x57e, 0x54e, 0x57f, 0x54f, 0x580, 0x550, 0x581, 0x551,
        0x582, 0x552, 0x583, 0x553, 0x584, 0x554, 0x585, 0x555, 0x586, 0x556, 0x10d0, 0x1c90,
        0x10d1, 0x1c91, 0x10d2, 0x1c92, 0x10d3, 0x1c93, 0x10d4, 0x1c94, 0x10d5, 0x1c95, 0x10d6, 0x1c96,
        0x10d7, 0x1c97, 0x10d8, 0x1c98, 0x10d9, 0x1c99, 0x10da, 0x1c9a, 0x10db, 0x1c9b, 0x10dc, 0x1c9c,
        0x10dd, 0x1c9d, 0x10de, 0x1c9e, 0x10df, 0x1c9f, 0x10e0, 0x1ca0, 0x10e1, 0x1ca1, 0x10e2, 0x1ca2,
        0x10e3, 0x1ca3, 0x10e4, 0x1ca4, 0x10e5, 0x1ca5, 0x10e6, 0x1ca6, 0x10e7, 0x1ca7, 0x10e8, 0x1ca8,
        0x10e9, 0x1ca9, 0x10ea, 0x1caa, 0x10eb, 0x1cab, 0x10ec, 0x1cac, 0x10ed, 0x1cad, 0x10ee, 0x1cae,
        0x10ef, 0x1caf, 0x10f0, 0x1cb0, 0x10f1, 0x1cb1, 0x10f2, 0x1cb2, 0x10f3, 0x1cb3, 0x10f4, 0x1cb4,
        0x10f5, 0x1cb5, 0x10f6, 0x1cb6, 0x10f7, 0x1cb7, 0x10f8, 0x1cb8, 0x10f9, 0x1cb9, 0x10fa, 0x1cba,
        0x10fd, 0x1cbd, 0x10fe, 0x1cbe, 0x10ff, 0x1cbf, 0x13f8, 0x13f0, 0x13f9, 0x13f1, 0x13fa, 0x13f2,
        0x13fb, 0x13f3, 0x13fc, 0x13f4, 0x13fd, 0x13f5, 0x1c80, 0x412, 0x1c81, 0x414, 0x1c82, 0x41e,
        0x1c83, 0x421, 0x1c84, 0x422, 0x1c85, 0x422, 0x1c86, 0x42a, 0x1c87, 0x462, 0x1c88, 0xa64a,
        0x1c8a, 0x1c89, 0x1d79, 0xa77d, 0x1d7d, 0x2c63, 0x1d8e, 0xa7c6, 0x1e01, 0x1e00, 0x1e03, 0x1e02,
        0x1e05, 0x1e04, 0x1e07, 0x1e06, 0x1e09, 0x1e08, 0x1e0b, 0x1e0a, 0x1e0d, 0x1e0c, 0x1e0f, 0x1e0e,
        0x1e11, 0x1e10, 0x1e13, 0x1e12, 0x1e15, 0x1e14, 0x1e17, 0x1e16, 0x1e19, 0x1e18, 0x1e1b, 0x1e1a,
        0x1e1d, 0x1e1c, 0x1e1f, 0x1e1e, 0x1e21, 0x1e20, 0x1e23, 0x1e22, 0x1e25, 0x1e24, 0x1e27, 0x1e26,
        0x1e29, 0x1e28, 0x1e2b, 0x1e2a, 0x1e2d, 0x1e2c, 0x1e2f, 0x1e2e, 0x1e31, 0x1e30, 0x1e33, 0x1e32,
        0x1e35, 0x1e34, 0x1e37, 0x1e36, 0x1e39, 0x1e38, 0x1e3b, 0x1e3a, 0x1e3d, 0x1e3c, 0x1e3f, 0x1e3e,
        0x1e41, 0x1e40, 0x1e43, 0x1e42, 0x1e45, 0x1e44, 0x1e47, 0x1e46, 0x1e49, 0x1e48, 0x1e4b, 0x1e4a,
        0x1e4d, 0x1e4c, 0x1e4f, 0x1e4e, 0x1e51, 0x1e50, 0x1e53, 0x1e52, 0x1e55, 0x1e54, 0x1e57, 0x1e56,
        0x1e59, 0x1e58, 0x1e5b, 0x1e5a, 0x1e5d, 0x1e5c, 0x1e5f, 0x1e5e, 0x1e61, 0x1e60, 0x1e63, 0x1e62,
        0x1e65, 0x1e64, 0x1e67, 0x1e66, 0x1e69, 0x1e68, 0x1e6b, 0x1e6a, 0x1e6d, 0x1e6c, 0x1e6f, 0x1e6e,
        0x1e71, 0x1e70, 0x1e73, 0x1e72, 0x1e75, 0x1e74, 0x1e77, 0x1e76, 0x1e79, 0x1e78, 0x1e7b, 0x1e7a,
        0x1e7d, 0x1e7c, 0x1e7f, 0x1e7e, 0x1e81, 0x1e80, 0x1e83, 0x1e82, 0x1e85, 0x1e84, 0x1e87, 0x1e86,
        0x1e89, 0x1e88, 0x1e8b, 0x1e8a, 0x1e8d, 0x1e8c, 0x1e8f, 0x1e8e, 0x1e91, 0x1e90, 0x1e93, 0x1e92,
        0x1e95, 0x1e94, 0x1e9b, 0x1e60, 0x1ea1, 0x1ea0, 0x1ea3, 0x1ea2, 0x1ea5, 0x1ea4, 0x1ea7, 0x1ea6,
        0x1ea9, 0x1ea8, 0x1eab, 0x1eaa, 0x1ead, 0x1eac, 0x1eaf, 0x1eae, 0x1eb1, 0x1eb0, 0x1eb3, 0x1eb2,
        0x1eb5, 0x1eb4, 0x1eb7, 0x1eb6, 0x1eb9, 0x1eb8, 0x1ebb, 0x1eba, 0x1ebd, 0x1ebc, 0x1ebf, 0x1ebe,
        0x1ec1, 0x1ec0, 0x1ec3, 0x1ec2, 0x1ec5, 0x1ec4, 0x1ec7, 0x1ec6, 0x1ec9, 0x1ec8, 0x1ecb, 0x1eca,
        0x1ecd, 0x1ecc, 0x1ecf, 0x1ece, 0x1ed1, 0x1ed0, 0x1ed3, 0x1ed2, 0x1ed5, 0x1ed4, 0x1ed7, 0x1ed6,
        0x1ed9, 0x1ed8, 0x1edb, 0x1eda, 0x1edd, 0x1edc, 0x1edf, 0x1ede, 0x1ee1, 0x1ee0, 0x1ee3, 0x1ee2,
        0x1ee5, 0x1ee4, 0x1ee7, 0x1ee6, 0x1ee9, 0x1ee8, 0x1eeb, 0x1eea, 0x1eed, 0x1eec, 0x1eef, 0x1eee,
        0x1ef1, 0x1ef0, 0x1ef3, 0x1ef2, 0x1ef5, 0x1ef4, 0x1ef7, 0x1ef6, 0x1ef9, 0x1ef8, 0x1efb, 0x1efa,
        0x1efd, 0x1efc, 0x1eff, 0x1efe, 0x1f00, 0x1f08, 0x1f01, 0x1f09, 0x1f02, 0x1f0a, 0x1f03, 0x1f0b,
        0x1f04, 0x1f0c, 0x1f05, 0x1f0d, 0x1f06, 0x1f0e, 0x1f07, 0x1f0f, 0x1f10, 0x1f18, 0x1f11, 0x1f19,
        0x1f12, 0x1f1a, 0x1f13, 0x1f1b, 0x1f14, 0x1f1c, 0x1f15, 0x1f1d, 0x1f20, 0x1f28, 0x1f21, 0x1f29,
        0x1f22, 0x1f2a, 0x1f23, 0x1f2b, 0x1f24, 0x1f2c, 0x1f25, 0x1f2d, 0x1f26, 0x1f2e, 0x1f27, 0x1f2f,
        0x1f30, 0x1f38, 0x1f31, 0x1f39, 0x1f32, 0x1f3a, 0x1f33, 0x1f3b, 0x1f34, 0x1f3c, 0x1f35, 0x1f3d,
        0x1f36, 0x1f3e, 0x1f37, 0x1f3f, 0x1f40, 0x1f48, 0x1f41, 0x1f49, 0x1f42, 0x1f4a, 0x1f43, 0x1f4b,
        0x1f44, 0x1f4c, 0x1f45, 0x1f4d, 0x1f51, 0x1f59, 0x1f53, 0x1f5b, 0x1f55, 0x1f5d, 0x1f57, 0x1f5f,
        0x1f60, 0x1f68, 0x1f61, 0x1f69, 0x1f62, 0x1f6a, 0x1f63, 0x1f6b, 0x1f64, 0x1f6c, 0x1f65, 0x1f6d,
        0x1f66, 0x1f6e, 0x1f67, 0x1f6f, 0x1f70, 0x1fba, 0x1f71, 0x1fbb, 0x1f72, 0x1fc8, 0x1f73, 0x1fc9,
        0x1f74, 0x1fca, 0x1f75, 0x1fcb, 0x1f76, 0x1fda, 0x1f77, 0x1fdb, 0x1f78, 0x1ff8, 0x1f79, 0x1ff9,
        0x1f7a, 0x1fea, 0x1f7b, 0x1feb, 0x1f7c, 0x1ffa, 0x1f7d, 0x1ffb, 0x1f80, 0x1f88, 0x1f81, 0x1f89,
        0x1f82, 0x1f8a, 0x1f83, 0x1f8b, 0x1f84, 0x1f8c, 0x1f85, 0x1f8d, 0x1f86, 0x1f8e, 0x1f87, 0x1f8f,
        0x1f90, 0x1f98, 0x1f91, 0x1f99, 0x1f92, 0x1f9a, 0x1f93, 0x1f9b, 0x1f94, 0x1f9c, 0x1f95, 0x1f9d,
        0x1f96, 0x1f9e, 0x1f97, 0x1f9f, 0x1fa0, 0x1fa8, 0x1fa1, 0x1fa9, 0x1fa2, 0x1faa, 0x1fa3, 0x1fab,
        0x1fa4, 0x1fac, 0x1fa5, 0x1fad, 0x1fa6, 0x1fae, 0x1fa7, 0x1faf, 0x1fb0, 0x1fb8, 0x1fb1, 0x1fb9,
        0x1fb3, 0x1fbc, 0x1fbe, 0x399, 0x1fc3, 0x1fcc, 0x1fd0, 0x1fd8, 0x1fd1, 0x1fd9, 0x1fe0, 0x1fe8,
        0x1fe1, 0x1fe9, 0x1fe5, 0x1fec, 0x1ff3, 0x1ffc, 0x214e, 0x2132, 0x2170, 0x2160, 0x2171, 0x2161,
        0x2172, 0x2162, 0x2173, 0x2163, 0x2174, 0x2164, 0x2175, 0x2165, 0x2176, 0x2166, 0x2177, 0x2167,
        0x2178, 0x2168, 0x2179, 0x2169, 0x217a, 0x216a, 0x217b, 0x216b, 0x217c, 0x216c, 0x217d, 0x216d,
        0x217e, 0x216e, 0x217f, 0x216f, 0x2184, 0x2183, 0x24d0, 0x24b6, 0x24d1, 0x24b7, 0x24d2, 0x24b8,
        0x24d3, 0x24b9, 0x24d4, 0x24ba, 0x24d5, 0x24bb, 0x24d6, 0x24bc, 0x24d7, 0x24bd, 0x24d8, 0x24be,
        0x24d9, 0x24bf, 0x24da, 0x24c0, 0x24db, 0x24c1, 0x24dc, 0x24c2, 0x24dd, 0x24c3, 0x24de, 0x24c4,
        0x24df, 0x24c5, 0x24e0, 0x24c6, 0x24e1, 0x24c7, 0x24e2, 0x24c8, 0x24e3, 0x24c9, 0x24e4, 0x24ca,
        0x24e5, 0x24cb, 0x24e6, 0x24cc, 0x24e7, 0x24cd, 0x24e8, 0x24ce, 0x24e9, 0x24cf, 0x2c30, 0x2c00,
        0x2c31, 0x2c01, 0x2c32, 0x2c02, 0x2c33, 0x2c03, 0x2c34, 0x2c04, 0x2c35, 0x2c05, 0x2c36, 0x2c06,
        0x2c37, 0x2c07, 0x2c38, 0x2c08, 0x2c39, 0x2c09, 0x2c3a, 0x2c0a, 0x2c3b, 0x2c0b, 0x2c3c, 0x2c0c,
        0x2c3d, 0x2c0d, 0x2c3e, 0x2c0e, 0x2c3f, 0x2c0f, 0x2c40, 0x2c10, 0x2c41, 0x2c11, 0x2c42, 0x2c12,
        0x2c43, 0x2c13, 0x2c44, 0x2c14, 0x2c45, 0x2c15, 0x2c46, 0x2c16, 0x2c47, 0x2c17, 0x2c48, 0x2c18,
        0x2c49, 0x2c19, 0x2c4a, 0x2c1a, 0x2c4b, 0x2c1b, 0x2c4c, 0x2c1c, 0x2c4d, 0x2c1d, 0x2c4e, 0x2c1e,
        0x2c4f, 0x2c1f, 0x2c50, 0x2c20, 0x2c51, 0x2c21, 0x2c52, 0x2c22, 0x2c53, 0x2c23, 0x2c54, 0x2c24,
        0x2c55, 0x2c25, 0x2c56, 0x2c26, 0x2c57, 0x2c27, 0x2c58, 0x2c28, 0x2c59, 0x2c29, 0x2c5a, 0x2c2a,
        0x2c5b, 0x2c2b, 0x2c5c, 0x2c2c, 0x2c5d, 0x2c2d, 0x2c5e, 0x2c2e, 0x2c5f, 0x2c2f, 0x2c61, 0x2c60,
        0x2c65, 0x23a, 0x2c66, 0x23e, 0x2c68, 0x2c67, 0x2c6a, 0x2c69, 0x2c6c, 0x2c6b, 0x2c73, 0x2c72,
        0x2c76, 0x2c75, 0x2c81, 0x2c80, 0x2c83, 0x2c82, 0x2c85, 0x2c84, 0x2c87, 0x2c86, 0x2c89, 0x2c88,
        0x2c8b, 0x2c8a, 0x2c8d, 0x2c8c, 0x2c8f, 0x2c8e, 0x2c91, 0x2c90, 0x2c93, 0x2c92, 0x2c95, 0x2c94,
        0x2c97, 0x2c96, 0x2c99, 0x2c98, 0x2c9b, 0x2c9a, 0x2c9d, 0x2c9c, 0x2c9f, 0x2c9e, 0x2ca1, 0x2ca0,
        0x2ca3, 0x2ca2, 0x2ca5, 0x2ca4, 0x2ca7, 0x2ca6, 0x2ca9, 0x2ca8, 0x2cab, 0x2caa, 0x2cad, 0x2cac,
        0x2caf, 0x2cae, 0x2cb1, 0x2cb0, 0x2cb3, 0x2cb2, 0x2cb5, 0x2cb4, 0x2cb7, 0x2cb6, 0x2cb9, 0x2cb8,
        0x2cbb, 0x2cba, 0x2cbd, 0x2cbc, 0x2cbf, 0x2cbe, 0x2cc1, 0x2cc0, 0x2cc3, 0x2cc2, 0x2cc5, 0x2cc4,
        0x2cc7, 0x2cc6, 0x2cc9, 0x2cc8, 0x2ccb, 0x2cca, 0x2ccd, 0x2ccc, 0x2ccf, 0x2cce, 0x2cd1, 0x2cd0,
        0x2cd3, 0x2cd2, 0x2cd5, 0x2cd4, 0x2cd7, 0x2cd6, 0x2cd9, 0x2cd8, 0x2cdb, 0x2cda, 0x2cdd, 0x2cdc,
        0x2cdf, 0x2cde, 0x2ce1, 0x2ce0, 0x2ce3, 0x2ce2, 0x2cec, 0x2ceb, 0x2cee, 0x2ced, 0x2cf3, 0x2cf2,
        0x2d00, 0x10a0, 0x2d01, 0x10a1, 0x2d02, 0x10a2, 0x2d03, 0x10a3, 0x2d04, 0x10a4, 0x2d05, 0x10a5,
        0x2d06, 0x10a6, 0x2d07, 0x10a7, 0x2d08, 0x10a8, 0x2d09, 0x10a9, 0x2d0a, 0x10aa, 0x2d0b, 0x10ab,
        0x2d0c, 0x10ac, 0x2d0d, 0x10ad, 0x2d0e, 0x10ae, 0x2d0f, 0x10af, 0x2d10, 0x10b0, 0x2d11, 0x10b1,
        0x2d12, 0x10b2, 0x2d13, 0x10b3, 0x2d14, 0x10b4, 0x2d15, 0x10b5, 0x2d16, 0x10b6, 0x2d17, 0x10b7,
        0x2d18, 0x10b8, 0x2d19, 0x10b9, 0x2d1a, 0x10ba, 0x2d1b, 0x10bb, 0x2d1c, 0x10bc, 0x2d1d, 0x10bd,
        0x2d1e, 0x10be, 0x2d1f, 0x10bf, 0x2d20, 0x10c0, 0x2d21, 0x10c1, 0x2d22, 0x10c2, 0x2d23, 0x10c3,
        0x2d24, 0x10c4, 0x2d25, 0x10c5, 0x2d27, 0x10c7, 0x2d2d, 0x10cd, 0xa641, 0xa640, 0xa643, 0xa642,
        0xa645, 0xa644, 0xa647, 0xa646, 0xa649, 0xa648, 0xa64b, 0xa64a, 0xa64d, 0xa64c, 0xa64f, 0xa64e,
        0xa651, 0xa650, 0xa653, 0xa652, 0xa655, 0xa654, 0xa657, 0xa656, 0xa659, 0xa658, 0xa65b, 0xa65a,
        0xa65d, 0xa65c, 0xa65f, 0xa65e, 0xa661, 0xa660, 0xa663, 0xa662, 0xa665, 0xa664, 0xa667, 0xa666,
        0xa669, 0xa668, 0xa66b, 0xa66a, 0xa66d, 0xa66c, 0xa681, 0xa680, 0xa683, 0xa682, 0xa685, 0xa684,
        0xa687, 0xa686, 0xa689, 0xa688, 0xa68b, 0xa68a, 0xa68d, 0xa68c, 0xa68f, 0xa68e, 0xa691, 0xa690,
        0xa693, 0xa692, 0xa695, 0xa694, 0xa697, 0xa696, 0xa699, 0xa698, 0xa69b, 0xa69a, 0xa723, 0xa722,
        0xa725, 0xa724, 0xa727, 0xa726, 0xa729, 0xa728, 0xa72b, 0xa72a, 0xa72d, 0xa72c, 0xa72f, 0xa72e,
        0xa733, 0xa732, 0xa735, 0xa734, 0xa737, 0xa736, 0xa739, 0xa738, 0xa73b, 0xa73a, 0xa73d, 0xa73c,
        0xa73f, 0xa73e, 0xa741, 0xa740, 0xa743, 0xa742, 0xa745, 0xa744, 0xa747, 0xa746, 0xa749, 0xa748,
        0xa74b, 0xa74a, 0xa74d, 0xa74c, 0xa74f, 0xa74e, 0xa751, 0xa750, 0xa753, 0xa752, 0xa755, 0xa754,
        0xa757, 0xa756, 0xa759, 0xa758, 0xa75b, 0xa75a, 0xa75d, 0xa75c, 0xa75f, 0xa75e, 0xa761, 0xa760,
        0xa763, 0xa762, 0xa765, 0xa764, 0xa767, 0xa766, 0xa769, 0xa768, 0xa76b, 0xa76a, 0xa76d, 0xa76c,
        0xa76f, 0xa76e, 0xa77a, 0xa779, 0xa77c, 0xa77b, 0xa77f, 0xa77e, 0xa781, 0xa780, 0xa783, 0xa782,
        0xa785, 0xa784, 0xa787, 0xa786, 0xa78c, 0xa78b, 0xa791, 0xa790, 0xa793, 0xa792, 0xa794, 0xa7c4,
        0xa797, 0xa796, 0xa799, 0xa798, 0xa79b, 0xa79a, 0xa79d, 0xa79c, 0xa79f, 0xa79e, 0xa7a1, 0xa7a0,
        0xa7a3, 0xa7a2, 0xa7a5, 0xa7a4, 0xa7a7, 0xa7a6, 0xa7a9, 0xa7a8, 0xa7b5, 0xa7b4, 0xa7b7, 0xa7b6,
        0xa7b9, 0xa7b8, 0xa7bb, 0xa7ba, 0xa7bd, 0xa7bc, 0xa7bf, 0xa7be, 0xa7c1, 0xa7c0, 0xa7c3, 0xa7c2,
        0xa7c8, 0xa7c7, 0xa7ca, 0xa7c9, 0xa7cd, 0xa7cc, 0xa7cf, 0xa7ce, 0xa7d1, 0xa7d0, 0xa7d3, 0xa7d2,
        0xa7d5, 0xa7d4, 0xa7d7, 0xa7d6, 0xa7d9, 0xa7d8, 0xa7db, 0xa7da, 0xa7f6, 0xa7f5, 0xab53, 0xa7b3,
        0xab70, 0x13a0, 0xab71, 0x13a1, 0xab72, 0x13a2, 0xab73, 0x13a3, 0xab74, 0x13a4, 0xab75, 0x13a5,
        0xab76, 0x13a6, 0xab77, 0x13a7, 0xab78, 0x13a8, 0xab79, 0x13a9, 0xab7a, 0x13aa, 0xab7b, 0x13ab,
        0xab7c, 0x13ac, 0xab7d, 0x13ad, 0xab7e, 0x13ae, 0xab7f, 0x13af, 0xab80, 0x13b0, 0xab81, 0x13b1,
        0xab82, 0x13b2, 0xab83, 0x13b3, 0xab84, 0x13b4, 0xab85, 0x13b5, 0xab86, 0x13b6, 0xab87, 0x13b7,
        0xab88, 0x13b8, 0xab89, 0x13b9, 0xab8a, 0x13ba, 0xab8b, 0x13bb, 0xab8c, 0x13bc, 0xab8d, 0x13bd,
        0xab8e, 0x13be, 0xab8f, 0x13bf, 0xab90, 0x13c0, 0xab91, 0x13c1, 0xab92, 0x13c2, 0xab93, 0x13c3,
        0xab94, 0x13c4, 0xab95, 0x13c5, 0xab96, 0x13c6, 0xab97, 0x13c7, 0xab98, 0x13c8, 0xab99, 0x13c9,
        0xab9a, 0x13ca, 0xab9b, 0x13cb, 0xab9c, 0x13cc, 0xab9d, 0x13cd, 0xab9e, 0x13ce, 0xab9f, 0x13cf,
        0xaba0, 0x13d0, 0xaba1, 0x13d1, 0xaba2, 0x13d2, 0xaba3, 0x13d3, 0xaba4, 0x13d4, 0xaba5, 0x13d5,
        0xaba6, 0x13d6, 0xaba7, 0x13d7, 0xaba8, 0x13d8, 0xaba9, 0x13d9, 0xabaa, 0x13da, 0xabab, 0x13db,
        0xabac, 0x13dc, 0xabad, 0x13dd, 0xabae, 0x13de, 0xabaf, 0x13df, 0xabb0, 0x13e0, 0xabb1, 0x13e1,
        0xabb2, 0x13e2, 0xabb3, 0x13e3, 0xabb4, 0x13e4, 0xabb5, 0x13e5, 0xabb6, 0x13e6, 0xabb7, 0x13e7,
        0xabb8, 0x13e8, 0xabb9, 0x13e9, 0xabba, 0x13ea, 0xabbb, 0x13eb, 0xabbc, 0x13ec, 0xabbd, 0x13ed,
        0xabbe, 0x13ee, 0xabbf, 0x13ef, 0xff41, 0xff21, 0xff42, 0xff22, 0xff43, 0xff23, 0xff44, 0xff24,
        0xff45, 0xff25, 0xff46, 0xff26, 0xff47, 0xff27, 0xff48, 0xff28, 0xff49, 0xff29, 0xff4a, 0xff2a,
        0xff4b, 0xff2b, 0xff4c, 0xff2c, 0xff4d, 0xff2d, 0xff4e, 0xff2e, 0xff4f, 0xff2f, 0xff50, 0xff30,
        0xff51, 0xff31, 0xff52, 0xff32, 0xff53, 0xff33, 0xff54, 0xff34, 0xff55, 0xff35, 0xff56, 0xff36,
        0xff57, 0xff37, 0xff58, 0xff38, 0xff59, 0xff39, 0xff5a, 0xff3a, 0x10428, 0x10400, 0x10429, 0x10401,
        0x1042a, 0x10402, 0x1042b, 0x10403, 0x1042c, 0x10404, 0x1042d, 0x10405, 0x1042e, 0x10406, 0x1042f, 0x10407,
        0x10430, 0x10408, 0x10431, 0x10409, 0x10432, 0x1040a, 0x10433, 0x1040b, 0x10434, 0x1040c, 0x10435, 0x1040d,
        0x10436, 0x1040e, 0x10437, 0x1040f, 0x10438, 0x10410, 0x10439, 0x10411, 0x1043a, 0x10412, 0x1043b, 0x10413,
        0x1043c, 0x10414, 0x1043d, 0x10415, 0x1043e, 0x10416, 0x1043f, 0x10417, 0x10440, 0x10418, 0x10441, 0x10419,
        0x10442, 0x1041a, 0x10443, 0x1041b, 0x10444, 0x1041c, 0x10445, 0x1041d, 0x10446, 0x1041e, 0x10447, 0x1041f,
        0x10448, 0x10420, 0x10449, 0x10421, 0x1044a, 0x10422, 0x1044b, 0x10423, 0x1044c, 0x10424, 0x1044d, 0x10425,
        0x1044e, 0x10426, 0x1044f, 0x10427, 0x104d8, 0x104b0, 0x104d9, 0x104b1, 0x104da, 0x104b2, 0x104db, 0x104b3,
        0x104dc, 0x104b4, 0x104dd, 0x104b5, 0x104de, 0x104b6, 0x104df, 0x104b7, 0x104e0, 0x104b8, 0x104e1, 0x104b9,
        0x104e2, 0x104ba, 0x104e3, 0x104bb, 0x104e4, 0x104bc, 0x104e5, 0x104bd, 0x104e6, 0x104be, 0x104e7, 0x104bf,
        0x104e8, 0x104c0, 0x104e9, 0x104c1, 0x104ea, 0x104c2, 0x104eb, 0x104c3, 0x104ec, 0x104c4, 0x104ed, 0x104c5,
        0x104ee, 0x104c6, 0x104ef, 0x104c7, 0x104f0, 0x104c8, 0x104f1, 0x104c9, 0x104f2, 0x104ca, 0x104f3, 0x104cb,
        0x104f4, 0x104cc, 0x104f5, 0x104cd, 0x104f6, 0x104ce, 0x104f7, 0x104cf, 0x104f8, 0x104d0, 0x104f9, 0x104d1,
        0x104fa, 0x104d2, 0x104fb, 0x104d3, 0x10597, 0x10570, 0x10598, 0x10571, 0x10599, 0x10572, 0x1059a, 0x10573,
        0x1059b, 0x10574, 0x1059c, 0x10575, 0x1059d, 0x10576, 0x1059e, 0x10577, 0x1059f, 0x10578, 0x105a0, 0x10579,
        0x105a1, 0x1057a, 0x105a3, 0x1057c, 0x105a4, 0x1057d, 0x105a5, 0x1057e, 0x105a6, 0x1057f, 0x105a7, 0x10580,
        0x105a8, 0x10581, 0x105a9, 0x10582, 0x105aa, 0x10583, 0x105ab, 0x10584, 0x105ac, 0x10585, 0x105ad, 0x10586,
        0x105ae, 0x10587, 0x105af, 0x10588, 0x105b0, 0x10589, 0x105b1, 0x1058a, 0x105b3, 0x1058c, 0x105b4, 0x1058d,
        0x105b5, 0x1058e, 0x105b6, 0x1058f, 0x105b7, 0x10590, 0x105b8, 0x10591, 0x105b9, 0x10592, 0x105bb, 0x10594,
        0x105bc, 0x10595, 0x10cc0, 0x10c80, 0x10cc1, 0x10c81, 0x10cc2, 0x10c82, 0x10cc3, 0x10c83, 0x10cc4, 0x10c84,
        0x10cc5, 0x10c85, 0x10cc6, 0x10c86, 0x10cc7, 0x10c87, 0x10cc8, 0x10c88, 0x10cc9, 0x10c89, 0x10cca, 0x10c8a,
        0x10ccb, 0x10c8b, 0x10ccc, 0x10c8c, 0x10ccd, 0x10c8d, 0x10cce, 0x10c8e, 0x10ccf, 0x10c8f, 0x10cd0, 0x10c90,
        0x10cd1, 0x10c91, 0x10cd2, 0x10c92, 0x10cd3, 0x10c93, 0x10cd4, 0x10c94, 0x10cd5, 0x10c95, 0x10cd6, 0x10c96,
        0x10cd7, 0x10c97, 0x10cd8, 0x10c98, 0x10cd9, 0x10c99, 0x10cda, 0x10c9a, 0x10cdb, 0x10c9b, 0x10cdc, 0x10c9c,
        0x10cdd, 0x10c9d, 0x10cde, 0x10c9e, 0x10cdf, 0x10c9f, 0x10ce0, 0x10ca0, 0x10ce1, 0x10ca1, 0x10ce2, 0x10ca2,
        0x10ce3, 0x10ca3, 0x10ce4, 0x10ca4, 0x10ce5, 0x10ca5, 0x10ce6, 0x10ca6, 0x10ce7, 0x10ca7, 0x10ce8, 0x10ca8,
        0x10ce9, 0x10ca9, 0x10cea, 0x10caa, 0x10ceb, 0x10cab, 0x10cec, 0x10cac, 0x10ced, 0x10cad, 0x10cee, 0x10cae,
        0x10cef, 0x10caf, 0x10cf0, 0x10cb0, 0x10cf1, 0x10cb1, 0x10cf2, 0x10cb2, 0x10d70, 0x10d50, 0x10d71, 0x10d51,
        0x10d72, 0x10d52, 0x10d73, 0x10d53, 0x10d74, 0x10d54, 0x10d75, 0x10d55, 0x10d76, 0x10d56, 0x10d77, 0x10d57,
        0x10d78, 0x10d58, 0x10d79, 0x10d59, 0x10d7a, 0x10d5a, 0x10d7b, 0x10d5b, 0x10d7c, 0x10d5c, 0x10d7d, 0x10d5d,
        0x10d7e, 0x10d5e, 0x10d7f, 0x10d5f, 0x10d80, 0x10d60, 0x10d81, 0x10d61, 0x10d82, 0x10d62, 0x10d83, 0x10d63,
        0x10d84, 0x10d64, 0x10d85, 0x10d65, 0x118c0, 0x118a0, 0x118c1, 0x118a1, 0x118c2, 0x118a2, 0x118c3, 0x118a3,
        0x118c4, 0x118a4, 0x118c5, 0x118a5, 0x118c6, 0x118a6, 0x118c7, 0x118a7, 0x118c8, 0x118a8, 0x118c9, 0x118a9,
        0x118ca, 0x118aa, 0x118cb, 0x118ab, 0x118cc, 0x118ac, 0x118cd, 0x118ad, 0x118ce, 0x118ae, 0x118cf, 0x118af,
        0x118d0, 0x118b0, 0x118d1, 0x118b1, 0x118d2, 0x118b2, 0x118d3, 0x118b3, 0x118d4, 0x118b4, 0x118d5, 0x118b5,
        0x118d6, 0x118b6, 0x118d7, 0x118b7, 0x118d8, 0x118b8, 0x118d9, 0x118b9, 0x118da, 0x118ba, 0x118db, 0x118bb,
        0x118dc, 0x118bc, 0x118dd, 0x118bd, 0x118de, 0x118be, 0x118df, 0x118bf, 0x16e60, 0x16e40, 0x16e61, 0x16e41,
        0x16e62, 0x16e42, 0x16e63, 0x16e43, 0x16e64, 0x16e44, 0x16e65, 0x16e45, 0x16e66, 0x16e46, 0x16e67, 0x16e47,
        0x16e68, 0x16e48, 0x16e69, 0x16e49, 0x16e6a, 0x16e4a, 0x16e6b, 0x16e4b, 0x16e6c, 0x16e4c, 0x16e6d, 0x16e4d,
        0x16e6e, 0x16e4e, 0x16e6f, 0x16e4f, 0x16e70, 0x16e50, 0x16e71, 0x16e51, 0x16e72, 0x16e52, 0x16e73, 0x16e53,
        0x16e74, 0x16e54, 0x16e75, 0x16e55, 0x16e76, 0x16e56, 0x16e77, 0x16e57, 0x16e78, 0x16e58, 0x16e79, 0x16e59,
        0x16e7a, 0x16e5a, 0x16e7b, 0x16e5b, 0x16e7c, 0x16e5c, 0x16e7d, 0x16e5d, 0x16e7e, 0x16e5e, 0x16e7f, 0x16e5f,
        0x16ebb, 0x16ea0, 0x16ebc, 0x16ea1, 0x16ebd, 0x16ea2, 0x16ebe, 0x16ea3, 0x16ebf, 0x16ea4, 0x16ec0, 0x16ea5,
        0x16ec1, 0x16ea6, 0x16ec2, 0x16ea7, 0x16ec3, 0x16ea8, 0x16ec4, 0x16ea9, 0x16ec5, 0x16eaa, 0x16ec6, 0x16eab,
        0x16ec7, 0x16eac, 0x16ec8, 0x16ead, 0x16ec9, 0x16eae, 0x16eca, 0x16eaf, 0x16ecb, 0x16eb0, 0x16ecc, 0x16eb1,
        0x16ecd, 0x16eb2, 0x16ece, 0x16eb3, 0x16ecf, 0x16eb4, 0x16ed0, 0x16eb5, 0x16ed1, 0x16eb6, 0x16ed2, 0x16eb7,
        0x16ed3, 0x16eb8, 0x1e922, 0x1e900, 0x1e923, 0x1e901, 0x1e924, 0x1e902, 0x1e925, 0x1e903, 0x1e926, 0x1e904,
        0x1e927, 0x1e905, 0x1e928, 0x1e906, 0x1e929, 0x1e907, 0x1e92a, 0x1e908, 0x1e92b, 0x1e909, 0x1e92c, 0x1e90a,
        0x1e92d, 0x1e90b, 0x1e92e, 0x1e90c, 0x1e92f, 0x1e90d, 0x1e930, 0x1e90e, 0x1e931, 0x1e90f, 0x1e932, 0x1e910,
        0x1e933, 0x1e911, 0x1e934, 0x1e912, 0x1e935, 0x1e913, 0x1e936, 0x1e914, 0x1e937, 0x1e915, 0x1e938, 0x1e916,
        0x1e939, 0x1e917, 0x1e93a, 0x1e918, 0x1e93b, 0x1e919, 0x1e93c, 0x1e91a, 0x1e93d, 0x1e91b, 0x1e93e, 0x1e91c,
        0x1e93f, 0x1e91d, 0x1e940, 0x1e91e, 0x1e941, 0x1e91f, 0x1e942, 0x1e920, 0x1e943, 0x1e921,
    ];
}
